Frame,Cell_92_Raw,Cell_92_Norm,Cell_94_Raw,Cell_94_Norm,Cell_95_Raw,Cell_95_Norm,Cell_96_Raw,Cell_96_Norm,Cell_97_Raw,Cell_97_Norm,Cell_98_Raw,Cell_98_Norm,Cell_99_Raw,Cell_99_Norm,Cell_100_Raw,Cell_100_Norm,Cell_101_Raw,Cell_101_Norm,Cell_102_Raw,Cell_102_Norm,Cell_105_Raw,Cell_105_Norm,Cell_106_Raw,Cell_106_Norm,Cell_112_Raw,Cell_112_Norm,Cell_113_Raw,Cell_113_Norm,Cell_114_Raw,Cell_114_Norm,Cell_115_Raw,Cell_115_Norm,Cell_116_Raw,Cell_116_Norm,Cell_118_Raw,Cell_118_Norm,Cell_119_Raw,Cell_119_Norm,Cell_120_Raw,Cell_120_Norm,Cell_121_Raw,Cell_121_Norm,Cell_123_Raw,Cell_123_Norm,Cell_125_Raw,Cell_125_Norm,Cell_126_Raw,Cell_126_Norm,Cell_127_Raw,Cell_127_Norm,Cell_129_Raw,Cell_129_Norm,Cell_133_Raw,Cell_133_Norm,Cell_135_Raw,Cell_135_Norm,Cell_136_Raw,Cell_136_Norm,Cell_140_Raw,Cell_140_Norm,Cell_142_Raw,Cell_142_Norm,Cell_143_Raw,Cell_143_Norm,Cell_144_Raw,Cell_144_Norm,Cell_145_Raw,Cell_145_Norm,Cell_146_Raw,Cell_146_Norm,Cell_148_Raw,Cell_148_Norm,Cell_150_Raw,Cell_150_Norm,Cell_151_Raw,Cell_151_Norm,Cell_152_Raw,Cell_152_Norm,Cell_153_Raw,Cell_153_Norm,Cell_156_Raw,Cell_156_Norm,Cell_160_Raw,Cell_160_Norm,Cell_162_Raw,Cell_162_Norm,Cell_163_Raw,Cell_163_Norm,Cell_164_Raw,Cell_164_Norm,Cell_165_Raw,Cell_165_Norm,Cell_166_Raw,Cell_166_Norm,Cell_167_Raw,Cell_167_Norm,Cell_170_Raw,Cell_170_Norm,Cell_172_Raw,Cell_172_Norm,Cell_173_Raw,Cell_173_Norm,Cell_174_Raw,Cell_174_Norm,Cell_175_Raw,Cell_175_Norm,Cell_177_Raw,Cell_177_Norm,Cell_180_Raw,Cell_180_Norm,Cell_182_Raw,Cell_182_Norm,Cell_185_Raw,Cell_185_Norm,Cell_186_Raw,Cell_186_Norm,Cell_187_Raw,Cell_187_Norm,Cell_189_Raw,Cell_189_Norm,Cell_190_Raw,Cell_190_Norm,Cell_191_Raw,Cell_191_Norm,Cell_192_Raw,Cell_192_Norm,Cell_194_Raw,Cell_194_Norm,Cell_198_Raw,Cell_198_Norm,Cell_200_Raw,Cell_200_Norm,Cell_201_Raw,Cell_201_Norm,Cell_202_Raw,Cell_202_Norm,Cell_203_Raw,Cell_203_Norm,Cell_204_Raw,Cell_204_Norm,Cell_205_Raw,Cell_205_Norm,Cell_206_Raw,Cell_206_Norm,Cell_207_Raw,Cell_207_Norm,Cell_209_Raw,Cell_209_Norm,Cell_210_Raw,Cell_210_Norm,Cell_213_Raw,Cell_213_Norm,Cell_214_Raw,Cell_214_Norm,Cell_215_Raw,Cell_215_Norm,Cell_216_Raw,Cell_216_Norm,Cell_217_Raw,Cell_217_Norm,Cell_218_Raw,Cell_218_Norm,Cell_221_Raw,Cell_221_Norm,Cell_224_Raw,Cell_224_Norm,Cell_225_Raw,Cell_225_Norm,Cell_226_Raw,Cell_226_Norm,Cell_227_Raw,Cell_227_Norm,Cell_228_Raw,Cell_228_Norm,Cell_229_Raw,Cell_229_Norm,Cell_231_Raw,Cell_231_Norm,Cell_233_Raw,Cell_233_Norm,Cell_234_Raw,Cell_234_Norm,Cell_237_Raw,Cell_237_Norm,Cell_238_Raw,Cell_238_Norm,Cell_240_Raw,Cell_240_Norm,Cell_243_Raw,Cell_243_Norm,Cell_244_Raw,Cell_244_Norm,Cell_245_Raw,Cell_245_Norm,Cell_246_Raw,Cell_246_Norm,Cell_248_Raw,Cell_248_Norm,Cell_249_Raw,Cell_249_Norm,Cell_251_Raw,Cell_251_Norm,Cell_252_Raw,Cell_252_Norm,Cell_255_Raw,Cell_255_Norm,Cell_258_Raw,Cell_258_Norm
0,,,,,,,,,,,,,,,,,,,,,,,,,,,,,,,,,,,,,,,,,,,,,,,,,,,,,,,,,,,,,,,,,,,,,,,,,,,,,,,,,,,,,,,,,,,,,,,,,,,,,,,,,,,,,,,,,,,,,,,,,,,,,,,,,,,,,,,,,,,,,,,,,,,,,,,,,,,,,,,,,,,,,,,,,,,,,,,,,,,,,,,,,,,,,,,,,,,,,,,,,,,,,,,,
1,957.2401215805471,3.164812300530742,364.33561643835617,1.490011078574661,746.1103448275862,1.1554359411993238,120.11989795918367,0.18973997608071907,1088.7097791798108,4.136017897831558,1062.2168284789643,3.4227294028168083,830.8985507246376,1.4007202328194457,866.7486187845304,4.628091959062871,413.64638783269965,0.2171045843687185,884.903448275862,2.7443266010187637,558.8346456692914,0.45069769977106755,856.5874439461884,1.6520021473064574,740.4076923076923,2.1818706061251625,291.1290322580645,0.6492352299792283,1397.9761904761904,1.7279579097710078,712.8045112781955,3.5375725924822907,259.87124463519314,0.5517285564183388,344.9094827586207,0.33323768390146025,1317.1349206349207,5.573308590541014,320.94214876033055,1.540272992891718,306.962441314554,-0.024016174429076723,584.8623853211009,0.601825872105197,883.969696969697,0.9599322449424467,556.179211469534,1.1702084016428476,671.639846743295,2.790090447191092,787.6179245283018,0.8747964923705692,157.92831541218638,0.15381123906730962,1373.8783269961978,4.648046351922385,220.5353982300885,0.17950423741069615,419.48425196850394,0.45981531210610005,1232.2489270386266,2.7868843810177,761.185303514377,3.7908265858759185,1723.1849710982658,2.7668603214538434,749.1026615969582,3.7220022210208707,1126.1666666666667,4.897590069340058,315.3419540229885,0.9514667846917746,1331.2666666666667,3.9529565447450214,444.2078431372549,1.6409845238773717,1065.1256281407036,1.7548222096746013,1366.2217741935483,5.799078267035002,304.38940809968847,0.5286378072247688,463.61960784313726,0.5762622978019876,1199.7755102040817,1.2498230037695413,560.49609375,2.326292065372777,2051.140703517588,8.874267881957977,1745.3034188034187,6.828056216363569,864.0590909090909,1.3994740569841722,1384.978835978836,6.308493410766138,1071.810035842294,5.830055324332555,784.5909090909091,3.25746866028872,282.609375,0.22110145652309798,502.1953642384106,2.0160417527493046,849.819512195122,2.515374974496488,557.9636363636364,1.124187832250443,885.4891304347826,2.324272857110471,491.21787709497204,0.7065776449352718,1362.817843866171,1.1228784932717883,779.2262773722628,0.49466560881131294,1216.625,2.2553925212087043,372.1152263374486,-0.15362391189042457,942.9514170040486,4.266058710479707,1209.0304347826086,3.730353771043962,1548.7629310344828,2.2165569553774445,1371.5342465753424,3.7662936443987594,79.83240223463687,0.9939225748438008,841.2950819672132,1.92650025027932,1347.6504424778761,2.96716559182114,1773.2554112554112,2.2844704316426907,148.51807228915663,0.21494825603679563,231.55595667870037,-0.23747874983653713,2161.8875968992247,6.625080315520376,536.570652173913,0.8441762483915154,2224.8022388059703,5.241390820907673,1471.4664179104477,2.411643418855671,490.69953051643193,0.15940276653096525,1506.785046728972,2.372199873109718,729.3157894736842,1.491587206451261,239.07027027027027,0.03169588127198217,1949.548245614035,2.3924824692995434,465.43277310924367,1.323941593588721,1399.5189189189189,5.271798695146635,344.56353591160223,0.09056465934305062,525.7912457912458,0.4441831000243535,966.5675675675676,3.7039798668311312,2295.213953488372,11.65472496473907,1987.1166666666666,2.76423766717825,249.82513661202185,-0.1548381000895562,254.67248908296943,0.3113672817760723,1572.425,6.476108592982344,739.3720930232558,1.5578549335812493,976.586854460094,2.119867413921538,787.3725490196078,1.7309988362779032,236.61951219512196,0.09588693785849657,235.46464646464648,0.08986493506493522,351.6787148594378,-0.2851890079869683,642.6117021276596,1.0474859756591297,613.9497716894978,1.7636636451460408,1530.4604316546763,1.852539543365661,365.21463414634144,0.10321934192020983,205.32236842105263,-0.043192118830700926,218.31696428571428,-0.13775991975644822,405.4871794871795,1.3854345792982776,1673.9117647058824,4.250933388554125,320.34054054054053,0.2981847654652725
2,1135.872340425532,3.94201505827588,811.0410958904109,4.542969786178308,1137.693103448276,2.286678200117548,152.3545918367347,0.5090118417284768,1655.2145110410095,6.808519328136834,912.5533980582525,2.799578990865659,1161.9601449275362,2.357258509145979,1021.3121546961326,5.631725278777068,723.745247148289,1.1295330604350045,1332.8206896551724,4.639616358584107,994.7952755905512,1.5824225989316476,1390.6098654708521,3.3053401907277093,1070.8,3.6017175137922672,507.7225806451613,1.8762296929346338,1510.6626984126983,1.947850103031581,770.5187969924812,3.9049703248314143,172.2274678111588,0.028394966812741756,603.5560344827586,1.3330284893375568,1681.9973544973545,7.394195223565308,407.8305785123967,2.227999215036413,185.92957746478874,-0.40883888099222615,964.9954128440367,1.642937308932535,965.5454545454545,1.1408015193377385,897.9641577060931,2.5038514911028,532.9961685823755,2.007718640769702,984.7216981132076,1.3439699987649194,351.89247311827955,1.5708973680075875,1509.0988593155894,5.203941163904274,310.6858407079646,0.661661885391385,591.2874015748032,1.0576944155203603,1148.0557939914163,2.5281463504708643,1514.7316293929712,8.533574186283447,1075.092485549133,1.3501384318174163,1279.9733840304182,7.068369626873819,839.1825396825396,3.3946910869279097,248.73850574712642,0.5392970261229344,1425.648888888889,4.30410410741451,882.9921568627451,4.249724103270865,1496.2361809045226,2.8698389684507557,1376.717741935484,5.85131203135765,455.91277258566976,1.2895852563400554,613.9843137254902,1.0874879077477817,1456.8316326530612,1.731855494537035,1083.87890625,5.432333509343568,1058.4924623115578,4.095622209618935,751.1794871794872,2.369199413046302,697.8954545454545,0.9380411077061168,1834.9100529100529,8.682767478222022,1332.426523297491,7.490820728860015,1213.969696969697,5.587430314961529,327.921875,0.41688816653122446,852.841059602649,4.121919530502532,892.8390243902439,2.6933300748626174,1075.9018181818183,3.09599730507974,299.67391304347825,0.12502550384257885,743.6648044692737,1.5836228480484444,1954.6133828996283,2.0447258464472444,316.8540145985401,-0.3922294301582116,608.8793103448276,0.6292129071942999,433.48559670781896,-0.01403700352563092,1295.5708502024293,6.235316727587897,870.7913043478261,2.406986963942458,523.8318965517242,0.08792320408686992,669.1872146118722,1.3255290751081246,72.60335195530726,0.8133672346165174,1521.4699453551912,4.292533228011852,1175.8008849557523,2.4612809572879164,1402.952380952381,1.598585394406615,126.21084337349397,0.03246454580298949,643.4801444043321,1.119000915391657,1552.015503875969,4.474032454305595,821.945652173913,1.8250010377319332,2152.9477611940297,5.039812510177021,1360.6305970149253,2.1546669127464515,1234.7417840375588,1.9173923171638063,1198.1806853582555,1.6815402528044843,1530.1004784688996,4.227336130332915,312.0972972972973,0.34684039054177684,1005.8991228070175,0.7504030216660714,414.9453781512605,1.0718541518063187,1970.7621621621622,7.83176596615133,375.8674033149171,0.18964331373547144,601.925925925926,0.6533011088470397,646.0540540540541,2.144141563535815,1154.7302325581395,5.3666367483010635,1479.7,1.8030274062705545,354.7431693989071,0.20010105906614892,354.96069868995636,0.827774363279318,2010.155,8.55729975593521,759.1007751937984,1.6261062342445427,742.0328638497652,1.3705460926602704,1145.4656862745098,2.973043586682184,278.74634146341464,0.29099443977257033,275.34343434343435,0.2744467532467534,343.4899598393574,-0.3018332114941236,536.2287234042553,0.7085290966234246,699.365296803653,2.1481572835090756,1775.5287769784172,2.309308716487868,333.08780487804876,0.006172465564354908,205.47697368421052,-0.042471654054274964,331.25892857142856,0.30830293508030243,384.7282051282051,1.2633119135970072,910.3941176470588,1.855836830763995,323.20540540540543,0.3097946725860157
3,933.468085106383,3.0613836333821167,822.4417808219179,4.620886494021211,1383.3137931034482,2.9962510750349485,273.0765306122449,1.704714793457571,1456.8422712933755,5.872692909323606,404.4336569579288,0.6839317342372354,1522.7644927536232,3.3997327042927825,808.8977900552486,4.25244696010922,1000.3269961977186,1.9433414838193992,1404.5827586206897,4.943266010187638,1384.4566929133857,2.5939578109669683,1618.9551569506727,4.012299191366348,1161.946153846154,3.9934142381746462,508.2516129032258,1.8792266411641805,686.5912698412699,0.3397882582715649,778.5112781954887,3.9558488800017018,337.6480686695279,1.016145152610133,813.4741379310345,2.144460879690911,911.5873015873016,3.54937800727614,495.04545454545456,2.9183092756530455,185.77464788732394,-0.40933147794011543,1196.802752293578,2.277813141253821,1276.5030303030303,1.8302547682733739,1337.2974910394266,4.218127881625507,699.183908045977,2.9455226838672477,994.6320754716982,1.367560041768187,738.1039426523297,4.3925264915884465,1372.8593155893536,4.6438571718866415,597.7389380530974,2.19692718700615,603.2637795275591,1.0993724995889742,721.755364806867,1.2180616740088106,1374.6102236421725,7.651663628076572,732.0520231213873,0.6002563656172432,1189.726235741445,6.499492680484577,224.29761904761904,0.17461779843586564,211.23563218390805,0.30721369196632337,932.6355555555556,2.4698558105694812,1001.1843137254901,4.952421414767339,1137.8442211055276,1.942900300805952,701.6491935483871,2.4917960414980493,567.5950155763239,1.8504513524929986,733.1686274509804,1.4927031683552605,1205.5357142857142,1.2606245575094235,1342.52734375,6.967295581284532,348.1206030150754,0.6758655725102611,220.4017094017094,-0.011451560346975689,490.84090909090907,0.36305495753886696,1313.8095238095239,5.932935001116819,1039.9175627240143,5.626822150035529,1666.8068181818182,8.04468520975739,272.984375,0.17951365881102696,1627.1622516556292,8.772271189586561,641.4243902439024,1.653324873267162,1566.8036363636363,4.964878359421145,458.0217391304348,0.7194894697467752,902.8603351955308,2.1366962327504226,1964.0520446096655,2.059428568487237,550.1678832116788,0.055299388621832375,348.70258620689657,-0.06695671117717908,644.522633744856,0.4659667405073165,1212.080971659919,5.769054527640653,933.0130434782609,2.650430660535165,387.6896551724138,-0.19482457135013523,243.36073059360731,-0.15428382016647596,83.59217877094972,1.0878280956884387,1885.4043715846994,5.558503055097355,646.3362831858407,0.9026618346860564,678.7748917748918,0.25724475313894024,111.71686746987952,-0.08610304988227577,1423.8014440433212,3.6886241782279443,825.8294573643411,1.9127397503725274,1128.9239130434783,2.8800755468847288,1222.5559701492537,2.429720393589057,557.1567164179105,0.291786222031254,1383.4788732394366,2.2688216175442872,922.0654205607476,1.0635915527326727,1384.8755980861245,3.731199258976734,523.1837837837838,1.2577736423178505,347.2894736842105,-0.3956684817128655,595.0504201680673,1.9711324633910963,1362.654054054054,5.106592631669611,393.1767955801105,0.2444285986298334,309.55555555555554,-0.14974829757915603,608.3243243243244,1.9605228544203537,422.72093023255815,1.330683420951404,922.2625,0.7470616092962068,460.57377049180326,0.5581274494499269,747.7729257641921,2.8504549610997016,1801.815,7.566745380202223,380.43023255813955,0.31609693740725525,463.05164319248826,0.4792946740592236,1252.6078431372548,3.3446657699457436,311.5121951219512,0.4427472292997627,386.8838383838384,0.7907194805194807,528.5180722891566,0.07424905627520305,575.4787234042553,0.833587237143648,624.634703196347,1.8117613204250687,1445.9856115107914,1.6950916538971248,293.5317073170732,-0.11331631675717965,214.6809210526316,0.00041899369976559355,648.5178571428571,1.5613130478052528,358.18461538461537,1.107159018915739,465.4823529411765,0.46018259765981406,325.43243243243245,0.31881973246100836
4,603.2006079027356,1.6244379595507201,669.1404109589041,3.573165403639806,1319.4,2.8116107095064633,508.6224489795918,4.037703749038456,735.4069400630915,2.469302176378963,384.43042071197414,0.6006446889518042,1022.5797101449275,1.9545457717727353,1069.389502762431,5.943907761910932,1102.893536121673,2.2451311515555323,763.0551724137931,2.22874522150493,1219.5590551181103,2.1658944729096268,1805.2421524663678,4.589045343337643,832.1615384615385,2.5761788623858606,310.60967741935485,0.7595923663099161,346.7857142857143,-0.3232954618783151,605.3082706766917,2.853272777553234,533.9699570815451,2.188411368237616,695.6637931034483,1.689068380704486,525.3941798941798,1.6220381997418134,480.73553719008265,2.8050455714970997,215.3943661971831,-0.3151558978118411,1105.2155963302753,2.0269734913522344,983.3060606060606,1.1801802272586452,1094.010752688172,3.2688242890242227,537.9425287356322,2.0356311484270835,818.5235849056604,0.9483623951584836,665.336917562724,3.860896611520712,901.893536121673,2.7077056944712203,1178.2300884955753,5.301606876622062,653.8858267716536,1.2755384446758378,459.137339055794,0.410997388482946,566.3642172523962,2.5646415357391823,493.15606936416185,0.07803286421888525,585.7376425855514,2.6922234975486217,129.92460317460316,-0.31960155443644755,180.91379310344828,0.11956957718427136,323.06666666666666,0.20196441563595446,725.7764705882353,3.3150170719196708,463.63819095477385,0.19914567066152764,654.2056451612904,2.255690597387308,821.4735202492212,3.1254243652122224,903.3921568627451,2.0714468777915873,704.9948979591836,0.32200876370524845,1021.37109375,5.061377773771041,365.1859296482412,0.7580186916892674,215.86324786324786,-0.03180752348560201,532.9272727272727,0.4799279107439636,473.95238095238096,1.5010330578512394,591.2508960573476,2.767716475484722,1103.6022727272727,4.988537510591212,238.23958333333334,0.029388010251922187,1323.046357615894,6.945838093196839,417.98536585365855,0.7290439602077946,1215.269090909091,3.626573575014766,865.4891304347826,2.2491895445580465,871.0614525139665,2.0262212992255892,1235.007434944238,0.9237866120362734,977.5985401459855,0.8751715125775893,414.98275862068965,0.11039290565650875,1063.40329218107,1.418710804655081,623.8097165991903,2.4837622941553303,839.3,2.2837766575752596,762.0387931034483,0.5826445294549447,205.8447488584475,-0.2846576593572639,108.89385474860335,1.7197717864839301,1351.983606557377,3.702963856286868,362.1504424778761,0.06608563257650321,929.6320346320347,0.7218889679829443,124.40963855421687,0.017729836281005194,1571.274368231047,4.174257284496594,688.0891472868217,1.4269231295027955,888.4728260869565,2.0536528164044667,441.78731343283584,0.23937635209006947,371.76119402985074,-0.13805941096573834,1198.7699530516431,1.8323996938401974,746.2367601246106,0.6700852674805307,894.1435406698564,2.0546940554677704,749.3621621621621,2.2338352042257714,232.9298245614035,-0.5946700225658212,1089.9495798319329,4.442201988839004,638.1891891891892,1.8599785754274152,383.29834254143645,0.2131626907488506,299.45454545454544,-0.17749259381425506,437.17297297297296,1.1275831428554728,310.31162790697675,0.7109116553404283,705.9916666666667,0.3373751370313526,328.8142076502732,0.11238302207688729,1083.7947598253274,4.580708749943786,1070.095,4.087776157722907,325.97286821705427,0.12770189333667073,258.62910798122067,-0.17376675449077852,1117.063725490196,2.8745314885063555,720.0487804878048,2.334856224818947,381.02525252525254,0.7636025974025976,854.429718875502,0.7366867232750379,648.5212765957447,1.0663150302895632,921.8356164383562,3.1495961028550292,1060.9712230215828,0.9774848832713664,398.3658536585366,0.20336063735209423,226.01644736842104,0.05324285794580677,991.4866071428571,2.9158637740329048,265.9794871794872,0.564726822940236,311.88823529411764,-0.02163042118838149,359.15675675675675,0.4554880542087739
5,586.9148936170212,1.5535811894979983,479.5513698630137,2.277440277120403,985.3137931034482,1.8464700667102765,569.2219387755102,4.637917675000982,731.1072555205047,2.449018297986329,399.84789644012943,0.6648381016260954,555.7210144927536,0.6056481048524985,1263.975138121547,7.2074181107933315,741.8707224334601,1.182865084386743,384.1310344827586,0.6253886833564084,460.76377952755905,0.19611223154911167,1575.354260089686,3.877310436958353,489.4653846153846,1.1034566985241723,274.19354838709677,0.5532963384845918,506.41269841269843,-0.01180539722008297,863.4548872180451,4.496583101108298,916.6909871244635,4.473693652136029,450.4784482758621,0.7413114833005351,287.7936507936508,0.43626628330008177,291.55371900826447,1.3076621167851377,255.06103286384976,-0.18903615197196336,490.27064220183485,0.34275723439004985,624.8636363636364,0.3854438605750822,475.72759856630825,0.8562866249065686,386.2107279693487,1.1794025440524665,552.0141509433962,0.31397999169127483,420.0967741935484,2.0691923629740403,538.0304182509506,1.2118557963349883,1467.9380530973451,6.851071382555489,463.9133858267717,0.614429769277142,447.9570815450644,0.376638792898784,892.5846645367412,4.617841439219261,325.46242774566474,-0.2885432929363269,269.68441064638785,0.6999677765557133,115.53571428571429,-0.39495431591634855,229.85919540229884,0.4224640244059062,175.51111111111112,-0.3470136913817053,536.5333333333333,2.1898946670328012,269.79899497487435,-0.30219661994041647,648.25,2.2260519996521757,895.7227414330218,3.498302539151113,895.8588235294118,2.045834265405862,353.63775510204084,-0.3368573123361589,458.51953125,1.7211070614447437,391.47236180904525,0.8845625569499809,252.28205128205127,0.13153853853640657,752.1363636363636,1.0886669798949513,200.37037037037038,0.05734867098503457,312.84229390681,0.993571718607248,369.29924242424244,1.003948723687546,235.07291666666666,0.015705444770894413,491.49006622516555,1.951748794106534,326.2487804878049,0.34956515110410574,287.6472727272727,0.09508361636148835,1126.0108695652175,3.2272313028496296,1005.5083798882681,2.4933136657415136,587.1115241635688,-0.08544899569039283,1234.3138686131388,1.3675876230923605,524.3189655172414,0.40294999615552207,1359.9218106995884,2.093142179651181,259.86234817813767,0.45124166258431625,750.9,1.93791003475904,1191.5387931034484,1.4746540066005813,199.60730593607306,-0.3063337382684879,113.92178770949721,1.8453512348645755,576.8360655737705,1.0065621759305214,299.9070796460177,-0.1171441720987854,1313.0865800865802,1.4321335883745403,147.16867469879517,0.20390954388654634,809.8519855595667,1.6668687661233759,689.515503875969,1.4319539569918933,714.6521739130435,1.4562367689178533,518.4067164179105,0.45432203586964104,730.8955223880597,0.694605373575068,752.5352112676056,0.7780563289664886,642.3115264797508,0.43749956425040615,1155.3253588516745,2.9469786955811035,897.8054054054054,2.874434650085661,253.24561403508773,-0.5593177506769322,1401.420168067227,5.997398565014896,584.7297297297297,1.6204055596227556,460.060773480663,0.4561204782759062,476.04713804713805,0.3075516891652358,467.25405405405405,1.2739782884468116,388.5581395348837,1.1423259392229772,834.025,0.5799114229335669,294.0218579234973,-0.005319979295215358,1337.35807860262,5.88636465844189,573.0,1.7243335763415633,668.515503875969,1.3127268338905478,209.42723004694835,-0.3309502502237266,853.2941176470588,1.9596475584505875,1020.9658536585366,3.7285328781393945,392.19191919191917,0.8152883116883117,1073.4538152610442,1.1818681488119318,493.8085106382979,0.573370041107937,1236.4155251141553,4.565661548580708,670.6043165467626,0.24990185393630876,789.3756097560976,1.3845003986725108,378.75,0.7649854118656974,838.21875,2.3105343170482286,344.6974358974359,1.027815488581169,350.2294117647059,0.09864292172657928,348.6702702702703,0.41299141304982784
6,1019.3829787234042,3.4351868178371796,216.4794520547945,0.47950463687761036,632.6758620689656,0.8277354035988351,310.7525510204082,2.0778808415544163,473.7539432176656,1.234947070437161,638.1618122977346,1.6571006364544203,610.8623188405797,0.7649682106541414,1206.707182320442,6.835557902918814,653.2015209125475,0.921966658006516,538.1655172413793,1.277160820069193,355.748031496063,-0.07650168974163293,1226.4349775784754,2.7970533155213855,338.03076923076924,0.45267287165661485,269.5064516129032,0.5267441081337905,992.1746031746031,0.9360920272054999,1002.2067669172932,5.379850135080516,692.4549356223176,3.1347479562286975,419.16379310344826,0.620265584532191,252.8862433862434,0.26205697688064755,236.27272727272728,0.8701103309929789,384.34272300469485,0.22201361027122704,272.2477064220183,-0.2543657607102475,344.06666666666666,-0.23713747572844512,290.99283154121866,0.13545252106781985,756.5057471264367,3.26899210839249,438.66509433962267,0.04417098009274353,366.35125448028674,1.6765320314000238,357.4106463878327,0.4693236349994528,1306.132743362832,5.985677210014121,312.06692913385825,0.08600043842823503,516.2703862660944,0.586575747184046,1058.408945686901,5.6615234060807555,210.42196531791907,-0.5400202733817797,249.32699619771864,0.5716439016465914,136.67857142857142,-0.2842318908846572,333.10632183908046,1.0614000596711763,189.40444444444444,-0.2953237647992594,625.3098039215686,2.717704539213603,235.66331658291458,-0.39048453874735906,438.23790322580646,1.1809151778248972,639.6168224299065,2.2121434941097324,555.8509803921569,0.8898401378331571,298.9540816326531,-0.43940031763647847,204.40234375,0.21303591896660537,293.22613065326635,0.4116015342560015,286.55128205128204,0.28524331104925416,762.2863636363636,1.1168533179991722,177.7037037037037,-0.06226267589903967,171.4910394265233,0.09281798802152064,185.59848484848484,0.007123232609286379,365.234375,0.5781083953241232,207.5662251655629,0.24658339391341436,304.2439024390244,0.25853947271068134,203.12363636363636,-0.22670093768458363,771.5760869565217,1.8966244247466617,1588.2905027932961,4.5180016691574645,474.3903345724907,-0.261036210222352,734.6715328467153,0.4092033415783825,575.426724137931,0.5397019248020095,1128.5925925925926,1.5669838694580513,198.07287449392712,0.10616874552511579,431.6565217391304,0.6888640655034958,950.176724137931,0.9733798437583924,247.53881278538813,-0.1397643383189138,121.84357541899442,2.0432086324243035,628.5409836065573,1.1864211324452816,231.72566371681415,-0.31785420694925254,891.3073593073593,0.6509029937644386,219.04819277108433,0.7919180857471387,1074.6714801444043,2.538927921823175,551.8875968992248,0.9465337872014656,668.4184782608696,1.2973330289319664,761.294776119403,1.1357126241596684,824.4440298507462,0.9115006733550379,380.45539906103284,-0.10107710568059566,741.4984423676012,0.6594808653638334,978.133971291866,2.341633520405383,715.6216216216217,2.0882295767748422,287.71491228070175,-0.49933642408479534,1091.2689075630253,4.44878949355935,811.1891891891892,2.635260109383748,939.060773480663,1.9721847665160233,833.8013468013468,1.2901899251212272,382.7567567567568,0.8627565605251931,572.0325581395349,2.1539171688678036,1325.0583333333334,1.5100863845647883,272.7431693989071,-0.07730607751148179,1201.296943231441,5.185754545863377,459.555,1.184958318805667,859.8062015503876,1.9744962723258186,234.58215962441315,-0.2505886881877403,690.4313725490196,1.394758716580773,954.4195121951219,3.4203280910722573,478.1666666666667,1.2132285714285718,1156.7710843373493,1.3512161850843412,414.5744680851064,0.32091495760214367,1232.5068493150684,4.548066843435901,478.0935251798561,-0.10890823585150942,1075.1658536585367,2.247799114897909,507.7368421052632,1.366067641934116,894.6875,2.5335569286467132,421.85641025641024,1.481732886837421,447.5352941176471,0.40388404454021526,358.74054054054056,0.45380133185349625
7,625.0425531914893,1.7194690811630486,194.50342465753425,0.3293119320930185,341.56206896551726,-0.013262361656699423,124.01275510204081,0.2282971830274172,214.57413249211356,0.012259287063095523,776.495145631068,2.2330761664213776,812.2391304347826,1.346807456363801,941.5414364640884,5.113747022890114,721.254752851711,1.122205081477927,658.5034482758621,1.7863514183902753,554.007874015748,0.4381677204840294,710.5605381165919,1.199901581787386,384.28076923076924,0.6514302820160586,303.6741935483871,0.7203031059835412,1209.8095238095239,1.3607765870950261,693.2593984962406,3.4131522687145015,311.22317596566523,0.8583583198790394,533.8060344827586,1.063411870773298,322.75132275132273,0.6107264405586195,179.02479338842974,0.4169901007369934,441.1830985915493,0.40273698142561226,345.4036697247706,-0.05400561162527745,246.0060606060606,-0.45455685609366253,208.80286738351253,-0.18525229325720985,961.6321839080459,4.426528773737882,437.50471698113205,0.041408890336054306,262.52329749103944,0.9179735462358956,317.615969581749,0.305726775842395,617.0840707964602,2.3003920558081314,245.95275590551182,-0.14407847865402504,490.48497854077254,0.5073333509193069,627.9872204472844,2.952490750174272,251.89595375722544,-0.44935866476475006,342.2699619771863,1.1575140544815885,133.28968253968253,-0.3019790663683405,629.6350574712644,2.896442847065937,218.28,-0.18789271777233962,779.8745098039216,3.63665048417933,260.7386934673367,-0.32563002456413453,222.29032258064515,0.10624009203951795,307.7165109034268,0.545346454105978,245.30588235294118,-0.16598347602067506,313.01020408163265,-0.4130422303438511,215.9609375,0.28163097093255385,259.49748743718595,0.24923058728029746,296.3076923076923,0.3290028815252277,548.2545454545455,0.5224914271288419,187.8148148148148,-0.00890663390663403,157.8279569892473,0.005750685209623344,195.47727272727272,0.06072904081870346,561.4739583333334,1.4260223791960993,188.3046357615894,0.13090379588526832,341.96585365853656,0.41458061015611486,209.98545454545456,-0.20057774660366212,292.9891304347826,0.09992972274489358,1642.5977653631285,4.706674688973857,468.1189591078067,-0.2708052106482941,281.1021897810219,-0.4608064591403369,320.05172413793105,-0.14361944793295223,679.3086419753087,0.5450875167701477,185.49392712550608,0.035919659343558036,320.4086956521739,0.25360490368967487,362.9784482758621,-0.24614617960026497,297.648401826484,0.034374234134799286,99.46368715083798,1.4842405544100088,522.2950819672132,0.8168377788713564,233.31858407079645,-0.3131650244879528,564.7922077922078,0.04612302026045217,208.71686746987953,0.707402945846794,1090.057761732852,2.589595444440482,327.99612403100775,0.15685792013561364,1085.2717391304348,2.7300444149267364,630.2835820895523,0.7681779059759473,428.29477611940297,-0.006984436414809967,355.36619718309856,-0.1603567427259317,955.9781931464174,1.1394886739965557,855.0191387559809,1.9210319838718461,365.2648648648649,0.5762823885564106,296.1798245614035,-0.48460631079775823,567.6848739495798,1.8344941887299118,602.827027027027,1.7015067180569319,972.8066298342542,2.0789924652503875,854.2760942760942,1.3464276135897728,306.12432432432433,0.48981065234039345,426.09302325581393,1.3492755481471983,1746.5541666666666,2.3085349704012272,310.60655737704917,0.050786288831741015,490.24454148471614,1.524382017418939,460.0,1.1870740752480264,459.66279069767444,0.5902016698550052,227.21596244131456,-0.27412121727218647,670.3921568627451,1.3252527695074587,575.9414634146342,1.667433132930855,457.67676767676767,1.1183896103896105,1063.1887550200804,1.161003713223757,430.9468085106383,0.37308042128573865,715.7260273972603,2.2218042794598265,422.96762589928056,-0.2116543142923763,988.409756097561,1.985731289816087,621.453947368421,1.8959924785521214,720.3616071428571,1.8450590268118472,366.0974358974359,1.1537092346215345,439.9117647058824,0.3799696148964919,370.8216216216216,0.5027600911268181
8,294.24924012158056,0.28023557209105493,209.83904109589042,0.43412148983423765,303.04137931034484,-0.12454466666445296,100.15816326530613,-0.007973093616471754,206.96845425867508,-0.023620706190493453,754.663430420712,2.1421759225295283,905.2246376811594,1.6154710476177176,398.47237569060775,1.5874159184446286,983.5437262357415,1.8939587370765898,348.68275862068964,0.4753950060470862,1151.291338582677,1.9886760056688109,354.5695067264574,0.09775026455679418,404.6307692307692,0.7388835425742137,246.48387096774192,0.396322037924796,889.4126984126984,0.7355663295375843,433.95112781954884,1.762447084600821,199.15450643776825,0.18918018502857434,416.04741379310343,0.6082193099541439,696.6957671957672,2.476937859406172,136.63223140495867,0.08145087436221696,346.1830985915493,0.10068548928808978,552.8853211009174,0.5142468277566062,257.8424242424242,-0.42831334250569786,204.29390681003585,-0.2028462340544226,634.9425287356322,2.5830060178011602,599.5896226415094,0.4272256717155274,178.36917562724014,0.3031504768776874,230.4638783269962,-0.05255753609520489,196.00884955752213,0.048327254846793136,290.6377952755906,0.01142653586891033,424.7167381974249,0.3052177583159672,266.9105431309904,0.6799091104080646,314.5491329479769,-0.3123996158727662,454.4486692015209,1.8646375661446108,131.18253968253967,-0.31301390264683676,890.4827586206897,4.510676596055775,230.45777777777778,-0.14258548845823157,779.1254901960784,3.6321972778189386,449.59798994974875,0.16283234147757397,190.66129032258064,-0.05116353736764316,203.52959501557632,0.022121747837106336,129.9294117647059,-0.5582524343759213,277.8826530612245,-0.4789135301658981,200.2265625,0.18825453655646718,231.01005025125627,0.1120910017014436,228.5940170940171,0.025292678199866605,336.57272727272726,-0.0653445628011025,190.58201058201058,0.0056957784230510546,159.831541218638,0.018518424525428945,198.67424242424244,0.07807693273923579,789.9635416666666,2.4132824904669623,222.58609271523179,0.33678842342272675,610.3560975609756,1.5248073503924737,208.84727272727272,-0.20491084613112823,213.05434782608697,-0.2001586905760468,975.6033519553073,2.3894183180327238,438.275092936803,-0.31729337627927384,187.5182481751825,-0.6403136229990198,226.13793103448276,-0.39490991106440776,357.9053497942387,-0.18594427630963145,182.59514170040487,0.019730941704035884,224.47826086956522,-0.12172468345458358,232.89224137931035,-0.5163164459510268,374.4109589041096,0.30113599297563853,106.01675977653632,1.6479124354661168,353.1748633879781,0.22854198039584245,241.28761061946904,-0.28970608667461695,471.6017316017316,-0.12648683707624414,151.68072289156626,0.24082023763894195,646.4512635379061,1.128784906737045,237.03488372093022,-0.16396669810933848,1139.8315217391305,2.9175646506994317,510.7686567164179,0.4328944613738397,232.24253731343285,-0.461538017885002,288.19718309859155,-0.31906066623035206,1008.4267912772585,1.256869156597946,808.2870813397129,1.761379610962785,285.2162162162162,0.23083641980908326,273.2061403508772,-0.5245836856151158,327.1386554621849,0.6334284395585951,314.7837837837838,0.41067083674260396,571.8563535911602,0.8099603250162234,668.016835016835,0.8348320391132923,260.46486486486486,0.2676004466243038,284.80930232558137,0.570303885113476,1351.1583333333333,1.5595281736461297,338.8196721311475,0.14623164709845476,362.49344978165936,0.8665622329820565,430.775,1.048123553836888,251.42635658914728,-0.13019147909105536,239.30985915492957,-0.23548527404622524,504.921568627451,0.7513186331555007,331.7268292682927,0.5363699120153628,358.8838383838384,0.6611194805194807,788.6345381526104,0.6029535275625687,541.0212765957447,0.723799104023983,355.01826484018267,0.5980966475509243,424.4496402877698,-0.20889207061748966,856.8682926829268,1.588378409796047,601.2796052631579,1.8019794897474288,454.1517857142857,0.7936667149904204,260.24615384615385,0.5309982803873654,433.52941176470586,0.359948661066677,341.9081081081081,0.3855876511478474
9,205.6838905775076,-0.10509935993511187,196.13698630136986,0.3404763266983247,304.8034482758621,-0.11945423090588506,118.32397959183673,0.17195211651946377,217.70347003154575,0.027022021740640268,440.4822006472492,0.8340262816299583,841.9021739130435,1.4325130681778524,160.91712707182322,0.044889336216604216,1059.3536121673003,2.117020178979204,271.37931034482756,0.14829789924549214,1471.5551181102362,2.820059549765617,242.87892376681614,-0.24804474789202993,309.95384615384614,0.3320134874051437,208.14193548387098,0.17911638758093895,434.55555555555554,-0.15202471037155885,273.9736842105263,0.7440623072177667,220.87124463519314,0.31885395043694414,353.4655172413793,0.36631078907078746,1057.7566137566137,4.278852247388802,138.02892561983472,0.09250577820417775,206.0281690140845,-0.34493562238877995,1217.651376146789,2.334913522341807,213.4969696969697,-0.5266358150725887,232.55197132616487,-0.0925834127148154,189.8544061302682,0.07135598717163331,1060.7311320754718,1.5248981058351958,173.21505376344086,0.265494887894464,210.11787072243345,-0.13620045539096415,183.26106194690266,-0.019852591223314113,463.4212598425197,0.6127171589850392,430.92703862660943,0.3243029359782637,175.19488817891374,0.10265966003539066,504.26011560693644,0.1023061673761416,411.82889733840307,1.5959819229140646,153.93650793650792,-0.19385429582782057,1095.1408045977012,5.777185456830275,224.1288888888889,-0.16613201931344684,617.3529411764706,2.670397964840653,593.5979899497487,0.535271411304123,170.4233870967742,-0.15187858275195487,192.9688473520249,-0.030914125690326866,117.88627450980393,-0.5991979485021904,272.8112244897959,-0.48842348979162287,208.32421875,0.23631048205339558,181.27638190954775,-0.1273287334324274,181.68803418803418,-0.18509060937975869,282.8636363636364,-0.21449358700149374,198.0899470899471,0.04531494304221566,175.44802867383513,0.11803370216221708,192.77651515151516,0.046073771933230215,662.0572916666666,1.8606238669750574,247.49668874172184,0.4863943398686167,761.8634146341464,2.1515345827625403,196.26909090909092,-0.2527964412285883,191.8695652173913,-0.27968987327424,408.00558659217876,0.41748345399142145,387.9479553903346,-0.3956885913156719,167.77372262773721,-0.6781864003360246,249.94827586206895,-0.3311992208524489,382.28395061728395,-0.1304951483573055,182.93117408906883,0.02160756679353356,213.42608695652174,-0.16496651678130153,226.18103448275863,-0.5302546535291625,347.3607305936073,0.20713226569153098,78.07821229050279,0.9501093006309977,279.6393442622951,-0.0272561571880855,258.5840707964602,-0.23878938044900355,322.75324675324674,-0.4021879256935603,97.16867469879519,-0.2051141652521492,274.4115523465704,-0.096353888036901,211.22868217054264,-0.2549863976267618,861.75,1.9618073139346646,433.3768656716418,0.21578194421828822,212.42537313432837,-0.5074847666038972,272.9107981220657,-0.3551786486816272,747.9595015576324,0.6739407798871931,555.5980861244019,0.8981093009317276,185.3945945945946,-0.19993883205511342,253.22368421052633,-0.5593559115921836,260.781512605042,0.3021021273024795,250.0054054054054,0.12037326127212455,265.4696132596685,-0.15977244201273805,392.2020202020202,0.07725553421642405,266.66486486486485,0.29777389352336314,230.89767441860465,0.27306064880112835,626.0583333333333,0.18595571146678333,271.94535519125685,-0.0800050940342283,502.68995633187774,1.5884663238843337,320.175,0.522274874005515,236.93023255813952,-0.18034076484365222,265.13145539906105,-0.15299393563675817,365.97549019607845,0.26938466304955666,259.4439024390244,0.20159652579920417,256.12626262626264,0.18549870129870147,509.17269076305223,0.03492824789169798,493.76063829787233,0.5732175105123709,259.4748858447489,0.16801299048323803,424.1798561151079,-0.20939490623791812,658.7121951219513,0.989799877860496,389.4638157894737,0.8149120879682384,288.50892857142856,0.139462352530924,185.1948717948718,0.08948019428605913,365.8705882352941,0.14770809797863207,309.84324324324325,0.2556443133360594
10,188.88449848024317,-0.1781910673037928,161.34246575342465,0.10267706214924348,360.3137931034483,0.04090943805972379,129.55102040816325,0.28315150562327673,219.29968454258676,0.034552206969307234,186.8770226537217,-0.2219041530484983,812.677536231884,1.3480741448980014,164.65469613259668,0.0691586363591068,819.8745247148289,1.4123818604240654,280.3862068965517,0.18640913320774408,1321.8188976377953,2.431354246157201,211.3542600896861,-0.3456453797431253,234.30384615384617,0.006910825919913101,226.46129032258065,0.28289485706628004,363.47222222222223,-0.2907340408598726,229.54887218045113,0.46126273692271685,500.77682403433477,1.990210399528459,371.10775862068965,0.43450636562396455,1072.9550264550264,4.354701619528223,163.64462809917356,0.2952553312110243,184.44600938967136,-0.4135558699477714,1655.5412844036698,3.534209975292098,245.86666666666667,-0.45486591948973176,286.85663082437276,0.11931308729994726,171.93103448275863,-0.029786314006702452,1357.188679245283,2.230567126640693,199.78853046594983,0.45963851565636854,279.9619771863118,0.15093032101415674,189.16814159292036,0.011740638385708204,814.1968503937007,1.8334246725489127,451.48068669527896,0.38746735603682503,189.0191693290735,0.1896683468282482,671.8670520231213,0.4686927880673459,350.0874524714829,1.2067919563891631,207.49603174603175,0.08663004551090674,1057.3505747126437,5.543323842586648,217.13777777777779,-0.19214233745618114,360.1372549019608,1.1411529115524304,576.5125628140704,0.4910819627624473,214.4233870967742,0.06708985224179095,216.02803738317758,0.08488868724479424,173.08235294117648,-0.41153656415597195,299.2142857142857,-0.4389123820822411,233.44140625,0.3853696858861258,192.17085427135677,-0.0748823369718604,182.39743589743588,-0.1819087921659998,232.76363636363635,-0.3536202410922786,203.44444444444446,0.073570471297744,178.3189964157706,0.13632879910668974,192.48863636363637,0.04451163948540981,447.8958333333333,0.9352728636619364,239.79470198675497,0.4401384098336387,657.1268292682927,1.7182797965099983,182.59272727272727,-0.30486285440047256,215.3913043478261,-0.1913853687288885,224.79329608938548,-0.21902839508568978,348.87732342007433,-0.4565494060617603,188.1167883211679,-0.6391655388061791,371.0948275862069,-0.007040520798626134,296.2633744855967,-0.3261489501107609,192.8825910931174,0.07718280137166973,218.0782608695652,-0.14676480094354066,315.5086206896552,-0.3447341565161344,370.1917808219178,0.2864736965525266,61.90502793296089,0.5461620750065889,269.53005464480873,-0.0624219857182384,230.0929203539823,-0.3226606189720848,223.76623376623377,-0.585534281333496,144.71686746987953,0.1838525981492635,201.11552346570397,-0.3377200803642545,239.56976744186048,-0.15502604273469214,368.4728260869565,0.26642937196463407,377.2723880597015,0.05838819232826987,185.50746268656715,-0.5698948297291297,285.26291079812205,-0.32599363276353605,495.69470404984423,0.10936966206747493,323.377990430622,0.10476761292431741,194.95675675675676,-0.1586737960152713,248.62719298245614,-0.5673544394288754,240.05042016806723,0.19859019007258832,257.74054054054056,0.1550374660867321,535.5580110497237,0.695073851426706,198.32323232323233,-0.4552684877200662,260.4918918918919,0.2677319786508908,222.47441860465116,0.22661879728170278,560.7208333333333,0.06218548563911403,215.53005464480876,-0.2708588377385772,617.4061135371179,2.179166229444303,311.195,0.47957938444958603,185.1046511627907,-0.3596311658591529,268.0892018779343,-0.1435449277825829,726.3774509803922,1.5194375595085168,308.25365853658536,0.4276555420280395,219.4848484848485,0.015901298701298847,383.0522088353414,-0.2214202400625461,367.54787234042556,0.17107906922441019,212.07762557077626,-0.045343363959630664,587.7158273381295,0.09541063791589156,327.8829268292683,-0.009550130407661018,223.10526315789474,0.039676659496083524,206.0625,-0.18615877095716285,164.4102564102564,-0.03279331462877484,324.1941176470588,0.016972192094542385,328.8,0.3324668496991648
11,180.04863221884497,-0.2166346340345248,162.37671232876713,0.10974550485532845,663.2724137931034,0.9161256902637528,155.1862244897959,0.5370580407526149,248.08832807570977,0.17036341328712262,169.4401294498382,-0.2945057709093467,716.9927536231884,1.0716115209335106,144.17403314917127,-0.06382923596647695,469.9125475285171,0.38266097002800653,271.9206896551724,0.15058865871412677,792.2401574803149,1.0566029379701298,223.65022421524662,-0.307576968287122,197.33461538461538,-0.1519628729054486,260.56129032258065,0.476070099350052,320.43650793650795,-0.37471230743419087,235.09022556390977,0.496537896998447,995.0557939914163,4.941621178339868,323.11206896551727,0.24898040791088705,611.6507936507936,2.0525114423189756,172.3099173553719,0.3638415245737211,177.70422535211267,-0.43499130077107173,1732.5825688073394,3.7452112735039154,316.23939393939395,-0.29883593586113333,392.673835125448,0.532211270253933,177.6743295019157,0.0026233288890489684,1343.801886792453,2.1987020423744994,199.70250896057348,0.459010049637177,437.15209125475286,0.7971426040651719,189.05752212389382,0.01114900487243065,1123.755905511811,2.9106976489285925,416.46351931330474,0.2798543881400196,209.28434504792332,0.31721540028955975,1043.3121387283236,1.2806669998764504,355.61216730038024,1.241617244069954,239.93650793650792,0.25651664923351875,481.38505747126436,1.9790103673729074,319.05333333333334,0.1870328725444802,437.9647058823529,1.603866699135264,412.4221105527638,0.06668130020953889,238.8266129032258,0.1885338559608295,201.62616822429908,0.012562774761808003,212.92156862745097,-0.2760870434758134,307.57142857142856,-0.4232410401637934,320.9921875,0.9049441704122505,206.8643216080402,-0.004147436948475597,176.35470085470087,-0.20901174120368102,240.71818181818182,-0.3315306344275286,218.7037037037037,0.15409314272950622,184.16129032258064,0.17355852197746424,197.1098484848485,0.06958797614779053,382.34375,0.6520347565168467,244.48013245033113,0.4682777653794229,431.74634146341464,0.7859677994336537,167.52363636363637,-0.36223143089190785,215.33695652173913,-0.19158939946952014,241.0,-0.1627234438988412,368.17843866171006,-0.42648381613200853,198.98540145985402,-0.618318009987399,438.49568965517244,0.17330778891252543,256.3991769547325,-0.4168200680165985,183.93522267206478,0.027214832121189275,197.79565217391306,-0.22612087980630194,308.0646551724138,-0.3601941979338868,541.9041095890411,0.8832005980580744,47.17877094972067,0.1783538239717213,257.73770491803276,-0.10344244948476268,231.01769911504425,-0.31993828804316354,191.85281385281385,-0.6446451592210849,120.28313253012048,-0.01602693971417632,189.73646209386283,-0.3751916972787902,274.79457364341084,-0.030786476916977692,248.39673913043478,-0.14626831596861897,340.07835820895525,-0.045954779129544814,189.78358208955223,-0.5599805058669843,257.9154929577465,-0.3906088808528104,370.29906542056074,-0.17126702037913705,253.92822966507177,-0.13249604969214848,190.61621621621623,-0.1774051832057705,269.4078947368421,-0.5311931561366569,278.7226890756302,0.3916837997734231,245.96216216216217,0.10225388656819279,544.3425414364641,0.722877427226909,152.97306397306397,-0.5798311297169156,251.2,0.22251126791027775,229.1953488372093,0.26367483010642395,633.8541666666666,0.20072352554264392,184.6120218579235,-0.37545497120227406,698.5240174672489,2.5968609932692743,289.17,0.3748613268249388,188.41860465116278,-0.34816655641571165,241.66666666666666,-0.22795606461321571,873.8529411764706,2.030955763447036,243.64878048780488,0.12844250875453414,255.07070707070707,0.18061298701298711,347.3574297188755,-0.2939723149873112,287.1276595744681,-0.08515538348263126,211.1826484018265,-0.04937205812830137,858.8705035971223,0.6008006632960536,271.8390243902439,-0.1788443245243354,204.57236842105263,-0.04668713944825677,212.30357142857142,-0.1615097385423727,169.7025641025641,-0.001659275349201971,327.67058823529413,0.027877614871888536,270.8810810810811,0.09774957649395423
12,172.87841945288753,-0.2478311850898384,162.66095890410958,0.1116881563275305,962.3620689655172,1.7801648995693216,146.3137755102041,0.44917995047698195,261.0820189274448,0.23166150213470993,181.16828478964402,-0.24567350232588078,649.9311594202899,0.8778500492019511,151.67403314917127,-0.015129199095157857,251.56273764258555,-0.2598069988103689,228.6,-0.032715871250563376,435.25984251968504,0.12990570151531683,263.68161434977577,-0.1836394376278434,206.49615384615385,-0.11259155053736582,267.4,0.5148111374393146,283.0753968253968,-0.44761736781198774,226.49624060150376,0.44183028781722644,982.1115879828326,4.864329463622152,309.6939655172414,0.19711311501813347,410.7275132275132,1.0497814223682662,133.4504132231405,0.05626662596485091,178.53521126760563,-0.43234918986875687,1103.4311926605506,2.022086352024792,465.4909090909091,0.032083617325765715,497.44444444444446,0.9410256450101556,189.37164750957854,0.06863176101762088,826.0141509433962,0.9661924704984114,219.921146953405,0.60672575023131,636.9049429657795,1.6183313099524286,195.4070796460177,0.04510876853456318,974.1259842519685,2.389981914835316,401.9399141630901,0.23522118758078556,227.80511182108626,0.433783312778165,1007.485549132948,1.2023505329484576,267.1254752851711,0.683837412750364,223.24603174603175,0.16911077091458224,181.36206896551724,0.12234369412001808,321.44,0.1959124280706393,558.6117647058824,2.321159336189879,341.20603015075375,-0.11751071882947059,248.70967741935485,0.23771747346171587,234.1183800623053,0.17573804346125574,285.7372549019608,-0.028520678677192893,372.55102040816325,-0.3013910946977671,366.890625,1.1773307404020763,218.58793969849245,0.05229049798810323,193.4145299145299,-0.13249478748485238,266.04545454545456,-0.26119732680696495,217.7989417989418,0.149318740227831,185.8136200716846,0.18408790985686743,213.93939393939394,0.16091106122234572,259.1510416666667,0.11974245170969555,256.2682119205298,0.5390735998267667,458.78536585365856,0.8978177961826567,167.73818181818183,-0.36141464855286476,255.56521739130434,-0.04056584525401833,366.4413407821229,0.27308192457737335,484.3382899628253,-0.24554015501202542,241.25547445255475,-0.5372380641247024,620.6034482758621,0.6605838480662277,309.18518518518516,-0.296758291472965,222.39676113360323,0.24200927007574324,242.89565217391305,-0.049666301876307675,311.1034482758621,-0.353883063481359,657.5205479452055,1.284985603938156,49.787709497206706,0.24351560440923392,259.9398907103825,-0.09578200143197804,273.73893805309734,-0.19417701953247105,211.64069264069263,-0.6079935283442308,111.52409638554217,-0.0876800087608828,172.71119133574007,-0.43125646421056385,306.3565891472868,0.0805342520061791,335.79891304347825,0.15413017309368643,333.20522388059703,-0.06523645583753991,182.38432835820896,-0.5771359196703301,243.69483568075117,-0.42420880985923315,308.3613707165109,-0.30988419518793003,259.6507177033493,-0.112946112352204,205.35675675675677,-0.1137931123857313,289.17543859649123,-0.4967949071290526,288.3109243697479,0.43955859522510793,240.6972972972973,0.07865994143232434,436.353591160221,0.3810857966666796,146.14141414141415,-0.5985955220705876,264.1783783783784,0.28567294707735863,233.53953488372093,0.2876266187972817,589.6208333333333,0.11693137469853077,182.9672131147541,-0.38101938197862134,601.6288209606987,2.0979253174234365,253.67,0.20607626232210183,162.43798449612405,-0.43804641267230426,206.91549295774647,-0.33897440768719295,611.4215686274509,1.1207134976649993,188.5219512195122,-0.1268735958229262,237.9090909090909,0.10117922077922085,320.90763052208837,-0.3477333372031643,269.21276595744683,-0.14223572191224404,225.00456621004565,0.012846601303159342,736.8884892086331,0.37344521363809385,274.03414634146344,-0.1722134265042723,166.43421052631578,-0.22441200365853034,169.40178571428572,-0.3309497968443282,171.3948717948718,0.008296376746010189,311.75882352941176,-0.02203637601258049,229.05945945945945,-0.07173316198376076
13,159.91793313069908,-0.30422037275404235,249.81506849315068,0.7073331842320155,606.9310344827586,0.7533612482691521,166.6377551020408,0.6504809123015849,270.67507886435334,0.27691702245165917,159.88025889967636,-0.3343099986675031,329.82608695652175,-0.04703148226985016,166.41436464088397,0.08058475919042547,255.52091254752852,-0.24816054675797536,212.41724137931035,-0.1011906112907043,291.51574803149606,-0.24324444020494923,296.4663677130045,-0.08213755719208818,222.51923076923077,-0.04373305810015643,878.5,3.9766700981317804,218.17460317460316,-0.5742623239966789,402.3421052631579,1.5612302963262354,487.1030042918455,1.9085620563286434,284.3103448275862,0.09899345943013936,295.67195767195767,0.47558385166060285,156.099173553719,0.23553268501155622,170.15023474178403,-0.45900913377573066,597.2522935779816,0.6357594539134804,552.8878787878788,0.22585964789168766,736.1075268817204,1.872287756189814,175.65134099616859,-0.008792475946812778,483.70754716981133,0.15138722028227228,338.4193548387097,1.4724638777517205,699.022813688213,1.8736993481760915,210.73008849557522,0.12706184279377222,579.6417322834645,1.017167205568039,312.76824034334766,-0.038816639848057125,349.6038338658147,1.2003726741380234,793.5953757225434,0.7347893477699283,389.5665399239544,1.4556501545926397,200.77380952380952,0.05142663184655137,168.10919540229884,0.04032941650678604,292.0888888888889,0.08671208413254823,618.8352941176471,2.679211116695249,311.4422110552764,-0.19449133756839607,230.05241935483872,0.14486859619668085,226.3582554517134,0.1367668455388852,289.1843137254902,-0.016801008564203513,385.4642857142857,-0.2771760968982607,442.8671875,1.6282174456192773,205.77386934673368,-0.009396914822988036,196.05555555555554,-0.12064922701435236,260.09090909090907,-0.2777329752245778,215.8783068783069,0.13918360509269595,168.53405017921148,0.07397472337833731,195.10227272727272,0.05869415776167421,204.15625,-0.11787960242545485,260.70529801324506,0.5657214700962728,451.66829268292685,0.8683772143214271,180.04727272727274,-0.31455349232132307,213.94565217391303,-0.19681258642968882,364.7374301675978,0.26716223822370616,655.0223048327138,0.020336481358279077,268.4160583941606,-0.48514024361786523,788.0387931034483,1.108600097393444,297.36213991769546,-0.32364980811831146,232.98785425101215,0.3011568753061763,267.295652173913,0.04579914605034102,426.5905172413793,-0.11403309839401775,644.9086757990867,1.2411573975305419,41.513966480446925,0.0368676454628609,245.43715846994536,-0.14623070895577558,310.1858407079646,-0.0868859197165649,222.86147186147187,-0.5872101051911339,103.51807228915662,-0.1531730821880306,160.67509025270758,-0.4708917341322206,365.45348837209303,0.28897182463191573,371.3478260869565,0.2763106554314889,264.19776119402985,-0.25882783967991824,173.31716417910448,-0.5981584388544603,253.98591549295776,-0.39989350963405035,266.9283489096573,-0.4026117087658875,242.94736842105263,-0.17001035253092145,178.12432432432433,-0.23131332243023356,296.859649122807,-0.4834233224249651,291.7773109243698,0.45686652960181257,231.78378378378378,0.03871495628956559,284.7348066298343,-0.09879692703455725,154.0976430976431,-0.5767422647360747,259.64864864864865,0.2636281794213762,222.86976744186046,0.22879856391845105,363.8125,-0.3108221881166412,205.71038251366122,-0.3040789246658065,459.07860262008734,1.3639014225966513,227.745,0.08281562014643867,163.06976744186048,-0.4358607619830868,198.27230046948358,-0.3665865084166163,377.3578431372549,0.3088643130261311,175.3560975609756,-0.18785033825762815,237.1161616161616,0.09750909090909095,313.8313253012048,-0.36211641056246185,284.218085106383,-0.0944258541242578,244.77625570776254,0.10184785513144654,498.31654676258995,-0.07121567774419754,275.5073170731707,-0.16776335716636348,142.00328947368422,-0.33826076737163197,176.72767857142858,-0.30201627596258945,168.94871794871796,-0.006094065827978336,242.01176470588234,-0.24082757376383682,220.47027027027028,-0.1065409778608563
14,180.2158054711246,-0.21590728757075106,225.32876712328766,0.539984292349542,263.96206896551723,-0.23744076930995214,159.77551020408163,0.582513096648493,238.81703470031545,0.12662583544709854,245.27831715210357,0.021260062971707717,250.94202898550725,-0.2749516704236952,178.52209944751382,0.1592043767252291,283.88212927756655,-0.16471108868035472,227.62758620689655,-0.03683048379932102,295.8976377952756,-0.23186934481630858,355.8565022421525,0.10173481382297693,235.82692307692307,0.013456184298485952,1235.6129032258063,5.999701523448683,212.51190476190476,-0.5853122996906901,447.63157894736844,1.849534131762003,224.2274678111588,0.33889444145460124,250.03879310344828,-0.033482237900501005,314.8253968253968,0.5711712240347373,190.58264462809916,0.5084710653700228,281.5633802816901,-0.10477221952242972,374.8073394495413,0.026525398886050607,708.8515151515152,0.5716612754762678,762.68458781362,1.9759913102528766,194.44444444444446,0.09725775647724406,461.4433962264151,0.09839102657669298,528.5412186379929,2.8614785245014454,770.2433460076046,2.166488643883224,200.26548672566372,0.07109331243771407,279.46062992125985,-0.02747026908532879,292.83690987124464,-0.10006858529636758,888.9488817891374,4.594958174701056,482.19075144508673,0.05406281940404136,997.7338403041825,5.28926000591207,220.76190476190476,0.15610171722279567,172.55172413793105,0.06782162665207167,314.65777777777777,0.17067927773000827,774.5960784313726,3.6052682027076735,354.4321608040201,-0.08330288689956136,210.25,0.0463207603962514,191.21183800623052,-0.03973779314444846,303.6,0.032210945173395046,352.6887755102041,-0.33863684200455413,567.7265625,2.3692016433345784,210.79396984924622,0.014770036313592394,212.6196581196581,-0.04635571183043947,242.8909090909091,-0.3254970161499569,221.43386243386243,0.16850011168192974,189.11111111111111,0.20510100497411438,185.79166666666666,0.008171505699271117,223.90625,-0.03254360192536109,234.17549668874173,0.4063910696490481,415.0780487804878,0.7170175127853868,197.98545454545456,-0.24626218251624335,230.25,-0.13560336424021224,343.0949720670391,0.19197251712827304,748.0594795539033,0.16526165839446866,274.7153284671533,-0.4730573575395528,727.1293103448276,0.9456211395032934,272.9218106995885,-0.3792393373061682,229.72874493927125,0.2829558729321324,252.11739130434782,-0.013586078239026526,520.176724137931,0.08033193881631165,485.7579908675799,0.688084151284714,57.09497206703911,0.42602440272243836,308.14207650273227,0.07189247071098337,308.73893805309734,-0.0911452604522455,243.76190476190476,-0.5484977722501031,101.00602409638554,-0.17372282757487825,240.1552346570397,-0.20916104949059047,377.63178294573646,0.331925248465461,333.4402173913044,0.14602341123241055,243.50746268656715,-0.31687175789155375,196.9365671641791,-0.5433960740661705,233.05164319248826,-0.44935606606839795,360.2429906542056,-0.19377261540392252,252.35885167464116,-0.13785757096932383,196.2972972972973,-0.15288875987175474,350.67105263157896,-0.38978406858110093,283.8235294117647,0.4171526874501739,250.03783783783783,0.1205186038499635,247.79558011049724,-0.21571183760069332,190.16498316498317,-0.47767663097928115,312.9135135135135,0.5228514974190496,295.21860465116276,0.62769585844339,358.5625,-0.32076737557553175,270.0,-0.0865862576102404,307.65502183406113,0.5841865415461184,210.345,8.716599575242433e-05,270.4767441860465,-0.06428673591618538,246.81690140845072,-0.2115027922068183,288.40686274509807,0.00033815950549391527,184.7609756097561,-0.14429229475481037,253.88888888888889,0.1751428571428572,301.5502008032129,-0.3870786343608339,260.1329787234043,-0.17116569153794148,230.35616438356163,0.036936548066843544,337.3884892086331,-0.37116047756719944,268.37560975609756,-0.18930640806710136,151.75986842105263,-0.2927948412678136,215.75,-0.14789811263091482,159.5179487179487,-0.061574199776752055,234.3294117647059,-0.26492652832765057,241.5081081081081,-0.02128482972136221
15,223.88449848024317,-0.02591116675189112,207.763698630137,0.41993779354321953,145.13103448275862,-0.5807313890281685,121.89030612244898,0.20727516718229735,241.5205047318612,0.13937952861106614,243.36893203883494,0.013309997170315556,232.3695652173913,-0.3286132028725566,197.9585635359116,0.2854119124256346,315.24334600760454,-0.07243449259184229,287.3724137931035,0.2159701439303792,312.8346456692913,-0.18790199498528284,334.7085201793722,0.03626047814591206,220.90384615384616,-0.050675104865309545,838.5290322580645,3.7502360401298676,253.80555555555554,-0.5047334299836955,345.50375939849624,1.1994086238805335,151.76394849785407,-0.09379564849696323,256.01293103448273,-0.010389379580759278,299.63492063492066,0.4953614599225441,163.6694214876033,0.29545157210762707,326.8732394366197,0.03928999696480679,353.8807339449541,-0.030788558984882138,646.8121212121212,0.4341079079170248,592.4336917562724,1.3116731958907075,199.1992337164751,0.12408922201001764,426.57547169811323,0.015393597790328372,520.1720430107526,2.8003340180509397,848.4980988593156,2.488195786852019,186.02212389380531,-0.005085418731905933,192.57874015748033,-0.3298213404943276,378.2832618025751,0.16252077343111138,797.6357827476038,4.020242372245161,312.35260115606934,-0.3172012062942954,1298.6692015209126,7.18621955084247,230.31746031746033,0.20614293334072234,169.31896551724137,0.047815975673128334,333.24444444444447,0.23983067663205218,1393.870588235294,7.287090623656135,659.8844221105528,0.7067134747491962,242.66532258064515,0.20763740710764458,187.60124610591902,-0.05787011686665927,367.1333333333333,0.24821819830256608,317.03061224489795,-0.4055031476626931,685.21875,3.066464898837045,231.34170854271358,0.1136876170918484,268.5811965811966,0.20464366415855414,276.99545454545455,-0.23078940540388923,226.1904761904762,0.19360062541880718,199.71326164874552,0.2726626738402193,181.22348484848484,-0.016617069722721575,277.7552083333333,0.20012752391073307,199.64238410596028,0.19899507036496103,380.98536585365855,0.5759892560149051,172.10181818181817,-0.34480212640283525,243.8804347826087,-0.08443245448980986,299.3519553072626,0.04000155270461755,761.996282527881,0.18697119164690304,287.8175182481752,-0.4479255145377327,565.7758620689655,0.5138785657533895,275.3909465020576,-0.3736232878849334,218.94331983805668,0.22272299054150804,239.14347826086956,-0.06434675119218405,792.1120689655172,0.6451023806255631,333.283105022831,0.1582103394226411,46.5195530726257,0.16188896296181443,242.95628415300547,-0.15486059336263472,309.99557522123894,-0.08744601651055345,265.1991341991342,-0.5087911706088469,100.86746987951807,-0.17485626676887708,315.87364620938627,0.04018212727510492,361.4186046511628,0.2747405979575935,293.5108695652174,0.00878751400938107,269.57089552238807,-0.2437542161948406,236.48134328358208,-0.4517102064474827,267.75586854460096,-0.3673584842871247,687.1433021806854,0.5378335227391569,248.4019138755981,-0.15137579687244593,231.61621621621623,-0.000471718897007181,374.9561403508772,-0.3475246710317101,292.7731092436975,0.4618386271136658,259.05945945945945,0.16094806425218564,254.2596685082873,-0.19525260257790256,254.12121212121212,-0.3020089953173793,400.34594594594597,0.9483576034280173,303.2372093023256,0.6719066546993205,649.5333333333333,0.2304249068186799,251.75409836065575,-0.1483123957571622,217.96069868995633,0.12232982056394198,199.985,-0.04916954578592045,540.6085271317829,0.8702331360735165,292.07042253521126,-0.06693297203793612,254.06372549019608,-0.11878088775371397,185.82926829268294,-0.13934457093369143,309.85858585858585,0.4342025974025975,290.85140562248995,-0.40882466581893184,293.47872340425533,-0.06491965780419968,202.36986301369862,-0.08904236295245721,321.5071942446043,-0.40076073442308374,291.3951219512195,-0.11977039083004108,179.60855263157896,-0.16301920728435865,252.48660714285714,-0.0028073488674609,179.04102564102564,0.05327782303074187,239.22941176470587,-0.24955560248411549,288.8162162162162,0.17043197616683223
16,368.161094224924,0.6018152804471637,182.6541095890411,0.2483291116855558,132.68965517241378,-0.6166732524663544,99.8061224489796,-0.011459918360013319,327.5236593059937,0.5451017418307248,211.93851132686083,-0.11755617073327754,315.32246376811594,-0.08893688890129617,186.15193370165747,0.20874747132507565,292.95817490494295,-0.13800591956502026,410.5827586206897,0.7373148991774018,309.46456692913387,-0.19665049602093088,258.45739910313904,-0.19981365329022252,227.1153846153846,-0.023981282185018386,350.7,0.9867025650709337,307.94444444444446,-0.3990888480682115,212.73684210526315,0.3542406773171094,142.52789699570815,-0.14894543963506837,230.31465517241378,-0.10972532568631549,230.94973544973544,0.1525803896256305,133.82644628099175,0.05924294622999432,268.39906103286387,-0.14662803291277368,367.63761467889907,0.006888898195066809,473.92121212121214,0.05077523401847386,273.36559139784947,0.06667112135343772,167.911877394636,-0.05246657778098097,424.0518867924528,0.009386613969886576,328.3010752688172,1.3985405622443214,533.3878326996198,1.1927700171422915,195.52212389380531,0.04572406738837184,193.7204724409449,-0.3258480846166491,459.53648068669526,0.41222401012952065,544.5495207667732,2.4273419486299534,250.09248554913296,-0.4533010232161108,847.0076045627377,4.33915041957055,225.64285714285714,0.18166263741592262,155.7844827586207,-0.035941016425380355,369.6977777777778,0.3754547258416559,1732.1450980392158,9.29826120296155,919.6633165829146,1.3786010429287496,265.1290322580645,0.31942930147624415,202.86604361370718,0.018789405341134956,433.8235294117647,0.47495848265011775,461.6938775510204,-0.13423011423432393,660.359375,2.9189356961634063,218.73366834170855,0.05299204111419026,222.23931623931625,-0.003209503708925482,344.2681818181818,-0.04397444618200448,205.17989417989418,0.08272838954657125,177.6236559139785,0.13189777687544418,216.27651515151516,0.17359311017373008,232.94270833333334,0.0065012189785584335,211.24172185430464,0.2686573760023334,379.76585365853657,0.5709446052504723,178.49454545454546,-0.32046478145304197,283.0978260869565,0.06279612794994434,250.08938547486034,-0.13114531374337662,652.8438661710037,0.016943100060352517,306.86131386861314,-0.41139683576795627,622.4310344827586,0.6654740241433221,251.6008230452675,-0.42773392405853167,228.83805668016194,0.2779816859479217,215.87826086956522,-0.15537234133036962,1418.5689655172414,1.9461628899326215,263.7762557077626,-0.08333671269057369,43.55865921787709,0.08793662113765664,224.0601092896175,-0.22059217988007718,290.70353982300884,-0.1442372263196285,258.56709956709955,-0.5210752000342114,114.2710843373494,-0.06520834474073278,347.6425992779783,0.14479831663040765,355.1860465116279,0.2527580691465366,229.05434782608697,-0.2127474990660412,299.21268656716416,-0.16059805996882942,247.2910447761194,-0.426647557033316,212.50234741784038,-0.49790901729359177,826.619937694704,0.84998361581527,255.77511961722487,-0.12618645453059454,257.56756756756755,0.1115200493490537,396.2280701754386,-0.3105085832378605,302.953781512605,0.5126715058951871,235.9837837837838,0.05753682011971941,249.70165745856355,-0.20967898624781908,282.93939393939394,-0.22285451815864188,425.9675675675676,1.0730499646325,290.07906976744187,0.5993588921656623,816.6833333333333,0.5470607322955489,244.94535519125682,-0.17134646827320435,187.8646288209607,-0.03264177247447867,206.955,-0.01603061903705362,601.953488372093,1.0824557953265515,315.2206572769953,0.007024262452442456,272.36764705882354,-0.05529380204633714,226.77073170731708,0.05027299085009978,332.73737373737373,0.5400987012987014,311.0763052208835,-0.3677161769214165,266.73936170212767,-0.15011646934982423,214.31506849315068,-0.035271628537953896,356.1043165467626,-0.33627709445934745,273.2682926829268,-0.17452687314682772,154.6184210526316,-0.27947390742283096,271.8794642857143,0.07378449434416187,160.21025641025642,-0.05750143301052878,255.6235294117647,-0.19812850725490475,280.87567567567567,0.13825281850575383
17,404.1854103343465,0.7585518311498245,159.03082191780823,0.08687839053796112,150.3896551724138,-0.5655397754629706,90.49489795918367,-0.10368390614208957,321.05362776025237,0.5145791926133414,192.40776699029126,-0.19887591160005924,390.92391304347825,0.1294988379964684,188.37845303867402,0.22320501449939714,342.18631178707227,0.006841933194190799,408.3103448275862,0.727699545738993,387.7244094488189,0.0065068679821215876,305.9103139013453,-0.052899017977521015,238.0346153846154,0.022943648210861978,169.5,-0.039788751697966133,307.61507936507934,-0.39973155863766,177.51503759398497,0.13002563338935097,195.56223175965664,0.1677301965608261,247.43103448275863,-0.04356245383372164,186.34391534391534,-0.07002992606501607,139.91322314049586,0.10742008634599434,186.7887323943662,-0.40610720700847686,395.7155963302752,0.08378910339628964,524.9787878787879,0.1639797809830458,164.9247311827957,-0.35646455338398186,175.4367816091954,-0.010003243126373865,502.8820754716981,0.1970290693104882,162.584229390681,0.187826962356049,374.58555133079847,0.5399300761242789,203.60619469026548,0.08896064453869666,207.01181102362204,-0.2795939058475364,408.18884120171674,0.2544250705637184,218.7699680511182,0.3769169928682503,236.85549132947978,-0.4822369233879572,301.09505703422053,0.8979661946775391,203.4920634920635,0.0656617784581709,162.88505747126436,0.008000284524813878,320.68444444444447,0.19310139559494655,990.0745098039216,4.886369406290963,747.5577889447236,0.9334703302511435,263.68951612903226,0.31226546979618847,220.2803738317757,0.10624383985982264,452.74117647058824,0.5392766722121893,499.57142857142856,-0.0632020053194544,365.88671875,1.1713730086159158,207.26633165829145,-0.0022121455661668825,222.4188034188034,-0.002404465618697438,370.20454545454544,0.028050294177460033,185.15343915343917,-0.02295063658700025,161.49820788530465,0.029139173687950458,197.1780303030303,0.06995795488543217,191.84375,-0.17107957742076646,190.95364238410596,0.14681297216557038,293.35121951219514,0.21348065208276812,172.57818181818183,-0.3429885927347903,245.27173913043478,-0.07920926752964118,258.1787709497207,-0.10304136016924467,548.1895910780669,-0.14607818031375588,355.2043795620438,-0.318668035655948,820.6896551724138,1.1959658610349337,280.0329218106996,-0.36306511497301175,234.58704453441297,0.31008780193691826,222.6478260869565,-0.1288862931440204,1335.9827586206898,1.7746432642440664,196.0456621004566,-0.31871100148280324,46.95530726256983,0.1727725151548037,256.60109289617486,-0.10739622912490951,273.55309734513276,-0.19472409081962264,309.0692640692641,-0.42753375925333625,131.31927710843374,0.07425395608607556,412.11191335740074,0.3570978518016574,326.3953488372093,0.15121190993725148,210.2663043478261,-0.2773214063343157,326.04477611940297,-0.08532415269022324,208.36940298507463,-0.5168886671607488,192.32863849765258,-0.5455745488025381,692.8753894080996,0.5506619907830245,320.0861244019139,0.093521495123413,341.7567567567568,0.47483431521708136,352.8377192982456,-0.3860137701542635,239.38655462184875,0.19527545839801944,238.77297297297298,0.07003628181387556,289.7292817679558,-0.0829891078374609,372.3636363636364,0.02276573641068962,372.61621621621623,0.8134057441497481,259.52558139534887,0.430901397615079,799.9458333333333,0.5153545275158954,283.26229508196724,-0.04171972952321448,168.95196506550218,-0.13002743258031144,245.605,0.16773114837237285,316.7984496124031,0.09596302719324908,321.47417840375584,0.02700216477269868,292.4166666666667,0.01424614989345163,231.74146341463415,0.07329459164334215,466.45454545454544,1.159018181818182,323.0240963855422,-0.34343147587492945,240.20212765957447,-0.23466926282528094,194.35159817351598,-0.12513617397381335,399.0071942446043,-0.256312821861356,305.11219512195123,-0.07833464586911416,171.17434210526315,-0.2023228601940656,338.7857142857143,0.3380298797522168,162.9025641025641,-0.04166289558632757,323.38235294117646,0.01442574819729406,264.0,0.06986389391903737
18,336.7142857142857,0.46499479837074387,143.42123287671234,-0.019803602357187696,179.10344827586206,-0.4825885845400843,88.85714285714286,-0.11990522125334789,274.86435331230285,0.2966800382296625,167.4336569579288,-0.30286007734470793,442.7644927536232,0.2792821400406176,155.66298342541435,0.010772404308961729,381.31558935361215,0.12197511097630542,341.4068965517241,0.4446083660546085,485.9173228346457,0.2614091627602749,351.13452914798205,0.08711554421569326,242.40769230769232,0.04173676052509794,135.68387096774194,-0.2313558754195423,289.14285714285717,-0.4357775550326301,144.3796992481203,-0.08090737943798007,158.83261802575106,-0.051587606673329865,272.01724137931035,0.05147482167551899,184.0,-0.08172749677267947,132.08677685950414,0.045473376651694195,163.4600938967136,-0.4802803656164013,465.07339449541286,0.273746806817706,658.9484848484849,0.4610165796834866,152.77777777777777,-0.40386190263815863,174.3831417624521,-0.015948974811718534,722.0896226415094,0.7188170171676231,144.97491039426524,0.05917473101072446,276.4486692015209,0.13648702865211554,203.25221238938053,0.08706741729620845,226.751968503937,-0.2108976818107084,389.7596566523605,0.19778944314015134,186.65495207667732,0.17478819239637514,249.85549132947978,-0.45381908955106526,184.90494296577947,0.16555660008042541,278.48015873015873,0.45836479381550427,188.6494252873563,0.1674408771267735,360.8622222222222,0.3425821813612008,317.1921568627451,0.88582797515116,412.99497487437185,0.06816294642534805,256.68548387096774,0.27740951565541355,185.19626168224298,-0.06994790281449965,456.28627450980395,0.5513296662760603,693.295918367347,0.30007079849218343,194.05078125,0.15160405424549572,201.43718592964825,-0.030273870609643653,296.35897435897436,0.32923289240815,307.15,-0.14705086219591743,178.33333333333334,-0.05894013848559307,153.9820788530466,-0.018756978986904795,178.68560606060606,-0.0303885005127175,172.85416666666666,-0.2531299618678503,173.39072847682118,0.041335133427167985,333.0536585365854,0.3777143023696405,212.35636363636362,-0.19155160956881284,236.5108695652174,-0.11209902291945319,254.17877094972067,-0.11693806649457511,513.4907063197026,-0.20012906945171868,468.2992700729927,-0.10173612731600302,858.301724137931,1.296606607376272,380.1522633744856,-0.135343671024305,231.99595141700405,0.2956174398010325,212.05652173913043,-0.17032496583634332,789.9568965517242,0.6406263987443379,206.9041095890411,-0.2809762169653137,59.11173184357542,0.4763957147951194,335.56284153005464,0.16727740452952758,230.26991150442478,-0.32213959869860703,360.8051948051948,-0.33170710412113685,140.15662650602408,0.14654766467721597,433.2202166064982,0.42660817670625445,339.5387596899225,0.19756934476206098,275.23369565217394,-0.05403055082810999,329.6231343283582,-0.07528553816092498,175.92164179104478,-0.5921198716155619,207.0093896713615,-0.5108875306437122,444.8847352024922,-0.004343551951809602,348.57894736842104,0.19086252928676498,447.4810810810811,0.9310823875196655,321.81140350877195,-0.44000383305193197,208.42016806722688,0.04065791129945857,245.26486486486488,0.09912902114465375,336.11049723756906,0.06381027508247802,424.2760942760943,0.1653529228616084,318.22162162162164,0.5486843874407378,212.96279069767442,0.17417617643287603,820.9125,0.5550721333040998,501.6775956284153,0.69718225961499,176.22270742358077,-0.09258870617158105,291.905,0.3878649085549459,180.79457364341084,-0.37454186258559347,258.7511737089202,-0.17337679543647924,327.078431372549,0.13447035531307158,210.61463414634147,-0.024552859814491738,489.530303030303,1.265825974025974,368.2530120481928,-0.25150061766130394,234.20744680851064,-0.25376948295894297,191.0593607305936,-0.1399560132371379,483.4568345323741,-0.09891186371739308,336.3951219512195,0.016163018581249796,168.96052631578948,-0.21263930263097378,362.09375,0.43008467105237397,175.2,0.0306815096388813,405.5470588235294,0.27217015657964616,252.8,0.02447572872247219
19,264.85714285714283,0.15235483927847215,132.16095890410958,-0.09676068718370152,206.6344827586207,-0.4030542614551408,91.08673469387755,-0.09782199787758507,238.65299684542586,0.12585198241964662,171.18446601941747,-0.28724291418570214,451.67028985507244,0.30501371373536995,144.353591160221,-0.062663305065322,462.1216730038023,0.35973726180960675,299.7206896551724,0.2682198869697451,598.9566929133858,0.5548518750681349,332.25560538116594,0.028666232680400076,199.00384615384615,-0.144789424581457,141.7483870967742,-0.19700061522717724,269.80555555555554,-0.4735116346100071,137.70676691729324,-0.12338594737177988,146.2832618025751,-0.12652161656543914,313.2758620689655,0.210958833101615,180.9814814814815,-0.09679174979462518,135.78099173553719,0.07471327024551903,194.93896713615024,-0.3801936221134564,524.183486238532,0.43563800829180443,612.6242424242424,0.35830675064630857,174.8136200716846,-0.31787816017292453,193.35249042145594,0.0910958163669777,730.8207547169811,0.7396000583856374,148.32616487455198,0.08365871967505961,262.787072243346,0.08032387988933062,191.22566371681415,0.02274502173267094,197.76377952755905,-0.3117772784567324,373.6309012875536,0.14822337703447724,167.58785942492014,0.05478175773499926,234.63005780346822,-0.4871016926308222,158.80608365019012,0.0010412699765381098,232.85714285714286,0.21944292433552007,153.41091954022988,-0.050629609944142256,332.43555555555554,0.23682121833454556,185.8235294117647,0.10479153605827746,234.49748743718592,-0.39349981876549694,236.25,0.17571119925619214,179.19626168224298,-0.10007978848229795,375.4156862745098,0.2763774056730254,760.2908163265306,0.4256998526625972,168.19140625,-0.001859698378559303,193.7788944723618,-0.06714117144262541,292.45299145299145,0.31171373015889914,273.52272727272725,-0.24043309654210013,169.74603174603175,-0.10425508152780888,156.44444444444446,-0.0030656786113083716,172.65530303030303,-0.06311106441969297,190.859375,-0.17533287491404645,160.4437086092715,-0.0364209656428081,322.89756097560974,0.33570245080344446,262.8981818181818,0.0008629282339041762,200.66304347826087,-0.24667769944004897,240.19553072625698,-0.16551831221008084,397.3382899628253,-0.38106114906556543,738.1021897810219,0.41578382414710435,543.5344827586207,0.45436604556987986,591.5390946502058,0.3454556800099843,200.8825910931174,0.12186004446621695,204.3608695652174,-0.20043434624086365,489.13793103448273,0.015868847762904165,169.3013698630137,-0.41165155359337346,43.17877094972067,0.07844839614889688,317.26775956284155,0.10363675916793212,216.52654867256638,-0.3625968229341545,538.930735930736,-0.0017782798616931739,142.67469879518072,0.16714669002902022,492.57400722021663,0.6220621277506332,355.07751937984494,0.25237528879410515,275.5108695652174,-0.0530779129135362,292.2686567164179,-0.1800786247644747,185.01119402985074,-0.5710454449766561,233.32394366197184,-0.44871268677411846,399.2056074766355,-0.10657389267313203,295.22966507177034,0.008603498065711281,377.8972972972973,0.6307970235055971,301.2105263157895,-0.475852196839089,229.78991596638656,0.14735870431754278,235.53513513513514,0.05552624779294619,362.3646408839779,0.14690624502119753,338.6599326599327,-0.06980773202709069,253.68648648648647,0.23461221435628238,192.52093023255813,0.06146941915630203,803.5083333333333,0.5221030475772854,646.2076502732241,1.1861294377665133,200.44541484716157,0.03213959135948682,248.74,0.18263653364607416,167.27906976744185,-0.4212986966549264,254.66666666666666,-0.18642542533034043,325.72058823529414,0.12976068130639165,167.34634146341463,-0.2249469707429117,390.92424242424244,0.8094207792207794,421.93975903614455,-0.14237863998418213,256.468085106383,-0.18284275602072153,234.0502283105023,0.05356518879365294,601.9280575539568,0.12190001840005883,377.3121951219512,0.1397629576752236,168.3125,-0.2156591230768444,311.89732142857144,0.23183451334715152,184.6051282051282,0.08601080037409121,319.09411764705885,0.0009738815226997653,235.64864864864865,-0.045030375606051734
20,255.56231003039514,0.11191437589265243,138.9417808219178,-0.050417917123939594,258.8241379310345,-0.25228372289168627,102.6734693877551,0.016940016507672646,227.27129337539432,0.07215848774567359,210.93203883495147,-0.12174679863875701,453.5108695652174,0.310331711878956,151.91988950276243,-0.013532770630499484,457.7794676806084,0.346960846589786,253.77586206896552,0.07381173945326563,604.2480314960629,0.5685878393110215,330.9865470852018,0.024737217201899267,186.41923076923078,-0.19887127461855467,157.4,-0.10833480541156262,314.67857142857144,-0.3859481271482836,151.19924812030075,-0.03749547958901491,151.42489270386267,-0.09582019937982113,300.78879310344826,0.16269042721973023,183.68783068783068,-0.08328541251026898,128.85537190082644,0.019896646461122366,231.86854460093898,-0.26277642235295473,470.1284403669725,0.2875916076887643,489.76363636363635,0.08590096085868877,216.93548387096774,-0.15351886585746743,171.44444444444446,-0.032532161003207084,562.127358490566,0.3380528390016058,139.72401433691758,0.020812117755910665,260.7528517110266,0.07196115108663363,188.41150442477877,0.007693865154889612,198.63385826771653,-0.3087493834602947,338.1158798283262,0.03908042944947109,162.0702875399361,0.02005469462169544,225.8092485549133,-0.5063838689025417,175.97718631178708,0.10928008564512133,158.52777777777777,-0.1698104058575377,158.05459770114942,-0.02189260373794478,271.59555555555556,0.010466962100667816,175.478431372549,0.04328599480847824,222.28643216080403,-0.42508227757616535,209.03225806451613,0.04026060026354326,208.09345794392524,0.045041380497191835,337.46666666666664,0.14735437076585967,799.8571428571429,0.4998947589981056,167.796875,-0.004201063788684614,180.52763819095478,-0.1309332136319775,250.67094017094018,0.12431236329793012,259.4409090909091,-0.27953801165489733,170.86243386243387,-0.09836385972749612,161.2258064516129,0.02740330930869963,185.28787878787878,0.005437773915585372,198.359375,-0.14292679877477035,163.17549668874173,-0.020014627603746518,293.61951219512196,0.21459047525094324,282.89454545454544,0.07698981098641453,199.17391304347825,-0.25226814173335455,266.60893854748605,-0.07375346932437923,283.0,-0.5591673411821629,722.0364963503649,0.38496756428804785,291.5560344827586,-0.21986698105953814,537.0329218106996,0.22148138903622355,195.46963562753035,0.09163055356671805,217.02608695652174,-0.1508814506937632,368.8405172413793,-0.2339715088833321,181.31050228310502,-0.36991796096048973,46.19553072625698,0.15379606517728397,344.85792349726773,0.1996109582213059,336.06637168141594,-0.010699730227280452,554.0432900432901,0.026213591368037234,149.3012048192771,0.22135465148113653,533.9747292418773,0.75839604360593,357.12015503875966,0.2595797618559378,366.3532608695652,0.259144493794363,286.1940298507463,-0.19712019353788182,186.07835820895522,-0.5685711896323511,238.30046948356807,-0.43695437553383853,437.4485981308411,-0.020985700441327238,282.0287081339713,-0.03649539584809029,393.1621621621622,0.6966717899140279,380.62719298245617,-0.33765625834770024,223.44957983193277,0.11570091889397038,243.91351351351352,0.09307308040136103,376.6132596685083,0.19200399469963972,241.77104377104376,-0.3359310215141604,216.05945945945945,0.05149332694185125,187.25116279069766,0.032414412104115845,945.0375,0.7902047796535845,521.7049180327868,0.7649349689017431,207.43231441048036,0.06811674586637499,204.155,-0.029343243842911225,180.18992248062017,-0.3766336509752739,220.72769953051642,-0.2948490408507108,315.2450980392157,0.0934264814786829,205.70243902439023,-0.04730335245315237,248.91919191919192,0.15214025974025983,425.421686746988,-0.1353013842506344,229.1968085106383,-0.2697343519615246,232.84931506849315,0.048159338965283516,586.8201438848921,0.09374122365606927,360.0,0.08746727529032698,182.12171052631578,-0.15130782240798743,253.90625,0.0027995125831137124,154.5179487179487,-0.0909886264216973,274.0882352941176,-0.14020613483851,281.1783783783784,0.1394795256732287
21,206.31306990881458,-0.10236189233509078,146.40753424657535,0.000605940820646836,348.13793103448273,0.005734626585157591,101.6938775510204,0.0072375476560788245,221.82018927444796,0.046442756371886065,200.75404530744336,-0.1641246917665166,339.1449275362319,-0.020106499542875682,145.1353591160221,-0.057587021295678,373.33079847908743,0.09848082729712546,216.59310344827585,-0.08352112265047194,472.7834645669291,0.22731453722882386,308.47533632286996,-0.04495768633899667,173.88076923076923,-0.2527547804623623,184.68709677419355,0.04624559137950985,497.05555555555554,-0.03006457219308833,162.9436090225564,0.03726679997447291,173.90128755364807,0.03838958509520514,255.0043103448276,-0.014288173842533777,191.994708994709,-0.041829010679497965,132.34710743801654,0.047533906066024124,332.3098591549296,0.05657567168164656,372.3119266055046,0.01969094183173507,425.8121212121212,-0.05589195024228612,174.3584229390681,-0.3196543370260613,152.8582375478927,-0.1374148679326872,410.938679245283,-0.02182724588212825,128.1720430107527,-0.06358563140467983,226.8593155893536,-0.06737597890820807,179.93362831858408,-0.03764892730270338,205.60629921259843,-0.284485120841782,266.81974248927037,-0.18002321348492448,140.5814696485623,-0.11519384417395041,296.242774566474,-0.35241708130693106,152.03422053231938,-0.04164547287238729,142.03571428571428,-0.2561772223800057,151.75,-0.0609080688471015,242.8488888888889,-0.09648455585686905,156.09803921568627,-0.07193780536457244,202.78391959798995,-0.47552323339682556,186.2459677419355,-0.07313663453756171,237.25233644859813,0.19147671271452935,298.7843137254902,0.015838072706101543,631.9030612244898,0.18494670978358604,165.57421875,-0.017391528326915325,179.96984924623115,-0.1336184304249309,200.7863247863248,-0.09943072306476723,280.23636363636365,-0.2217894685170511,191.2962962962963,0.009465043555952594,163.87813620071685,0.04430514668561576,181.35227272727272,-0.015918220996065085,200.95833333333334,-0.13169719322372947,169.8841059602649,0.0202753613261182,266.11219512195123,0.10080333260839827,295.4654545454545,0.1248477185469579,214.90217391304347,-0.19322164539457284,282.6480446927374,-0.018030782369038992,241.5724907063197,-0.6236994933734482,517.4744525547445,-0.007411210155411304,215.08620689655172,-0.42448163620985724,398.5884773662551,-0.09341050201241773,182.085020242915,0.016882089158533408,228.9913043478261,-0.10406731799701739,308.0215517241379,-0.36028371757151134,195.56164383561645,-0.3203930398170563,42.960893854748605,0.07300662005240224,348.1256830601093,0.21097807468672833,532.4026548672566,0.5672680591415903,485.4025974025974,-0.10092450952529013,173.69277108433735,0.420889229589881,381.27436823104694,0.25554881890699865,290.7751937984496,0.02557792997853696,378.6358695652174,0.301359428832344,258.8731343283582,-0.2737653818418666,204.90671641791045,-0.5249170201660462,249.65258215962442,-0.41013211461025645,373.4454828660436,-0.16422530694201393,263.4401913875598,-0.10000000000000002,289.68108108108106,0.25010432244837644,595.6929824561404,0.03658783752269508,207.21008403361344,0.034615868753408996,252.6972972972973,0.1324366952327636,451.62983425414365,0.42943604011797565,186.27609427609428,-0.4883581850297943,208.87567567567567,0.016532114275024802,191.56279069767442,0.05618669060135913,771.9958333333333,0.46240824380618256,376.6502732240437,0.27421309495444157,204.55021834061137,0.053276169632283654,200.785,-0.04536593869853266,157.63565891472868,-0.4546600396903438,235.1549295774648,-0.2487588803175667,293.87745098039215,0.01931287499811098,188.50731707317073,-0.12694137286157176,197.07575757575756,-0.0878207792207792,363.65060240963857,-0.26085532939215234,244.06382978723406,-0.2223651281162848,302.17808219178085,0.36023925510267035,546.7661870503597,0.019086895209801478,378.49756097560976,0.14334364260605761,182.99671052631578,-0.14723029835417228,206.65625,-0.18381376286619927,157.46153846153845,-0.07367182550457058,334.0529411764706,0.04789856870170323,249.8,0.012318184473392219
22,181.82674772036475,-0.20889831255620403,153.6917808219178,0.05038931047575458,387.6965517241379,0.12001540745069773,116.37244897959184,0.15262297935417932,198.06940063091483,-0.06560223292976121,220.46925566343043,-0.0820368936951935,253.56521739130434,-0.267372476219057,161.04696132596686,0.04573239394513164,328.11787072243345,-0.034552757097697805,189.85172413793103,-0.19667296774130794,383.6377952755906,-0.004101711544750705,287.13452914798205,-0.11102901023364298,184.08461538461538,-0.20890418506247843,195.28387096774193,0.1062759263432967,772.6428571428571,0.5077060739160176,163.64285714285714,0.04171807526218377,208.09442060085837,0.2425616975474744,222.45258620689654,-0.1401159271114303,189.90740740740742,-0.05224592184015976,130.84710743801654,0.03566133182155158,387.23474178403757,0.23120875329849236,328.45412844036696,-0.10042715356589471,384.73030303030305,-0.1469783080794694,216.44444444444446,-0.15543489915573303,150.45210727969348,-0.15099275701776524,296.0141509433962,-0.2953864118657579,130.6594982078853,-0.04541248901639278,211.3574144486692,-0.1311046617653955,188.65929203539824,0.009019124224631367,263.79527559055117,-0.08198607990354556,252.21888412017168,-0.22489382468543087,149.91373801916933,-0.05645745080165157,628.0346820809249,0.3728757876293062,145.39163498098858,-0.0835173087831523,159.68650793650792,-0.16374228496616125,165.76724137931035,0.025836433797596186,199.22222222222223,-0.25879687810040364,158.9607843137255,-0.054917697285590775,265.08040201005025,-0.3144007058758969,183.4959677419355,-0.08682216172467083,236.04984423676012,0.18543781974060922,239.35686274509803,-0.18620957336015742,475.8979591836735,-0.10759457339124781,164.1796875,-0.025667443687457266,190.0854271356784,-0.08492166101758696,184.55982905982907,-0.17220999993610808,274.5681818181818,-0.23752989109473296,188.11640211640213,-0.007315166406075533,161.21146953405017,0.027311948025581127,170.54545454545453,-0.07455985091227177,211.109375,-0.08783646933800096,161.341059602649,-0.031031732177855688,267.8487804878049,0.10798691529695055,239.77818181818182,-0.08715575162433555,202.02173913043478,-0.2415769309242593,267.37988826815644,-0.07107505385944125,257.35687732342006,-0.5991119558461513,315.4014598540146,-0.39501563447986177,212.80603448275863,-0.43058282287208133,314.0,-0.2858069951015569,171.8825910931174,-0.040094961751516764,242.48260869565217,-0.05128234206751076,288.26293103448273,-0.4013195194585853,222.02283105022832,-0.22843632144916243,40.770949720670394,0.018309793646610138,317.56830601092895,0.10468222974585549,466.05309734513276,0.3719505841216179,457.5108225108225,-0.1525863904571587,155.83734939759037,0.27482341345890593,302.1335740072202,-0.0050643746210634975,271.3410852713178,-0.042967094560417834,263.75,-0.09349964717114273,293.8059701492537,-0.1757658936006887,264.15671641791045,-0.3875439411023414,263.2018779342723,-0.3781184483466262,339.7102803738318,-0.2397250245762771,227.1578947368421,-0.22395248733177142,197.35675675675677,-0.1483167151776851,933.0175438596491,0.6235790359195973,196.21428571428572,-0.020286997020937433,236.52972972972972,0.05998342018000959,402.77348066298345,0.27480269370213056,192.92255892255892,-0.4701024381070991,194.44324324324324,-0.053705987922436874,172.10232558139535,-0.05110911655340429,532.9208333333333,0.009523350142512498,231.78688524590163,-0.21586175448398237,181.28384279475983,-0.06652775487565384,204.575,-0.02734635012203265,178.3372093023256,-0.383043105143654,243.53521126760563,-0.22198669139740335,303.29901960784315,0.0519915516798406,233.18048780487806,0.0799593337768127,221.67676767676767,0.026046753246753287,364.2048192771084,-0.25972884578058425,260.7074468085106,-0.16933532439114884,232.65753424657535,0.04729604735771124,465.49640287769785,-0.1323873070880455,366.609756097561,0.1074336459951833,201.87171052631578,-0.059272279479017066,208.03571428571428,-0.17836558617365983,154.94871794871796,-0.08845446043382502,347.3941176470588,0.08974882057821908,269.14054054054054,0.0906960102809744
23,166.790273556231,-0.27431982085236195,147.02739726027397,0.004842325356412876,485.5931034482759,0.4028284626087072,118.2015306122449,0.17073930791301453,212.4479495268139,0.002228961284199259,209.95145631067962,-0.12582962904184483,189.09782608695653,-0.4536385017482396,158.439226519337,0.02879948978066553,271.532319391635,-0.2010489141041531,199.8448275862069,-0.1543887579317344,267.33858267716533,-0.3060067589665322,281.8161434977578,-0.12749477828135272,205.80769230769232,-0.11555018475394294,194.04516129032257,0.09925868170826038,990.1309523809524,0.932104124274585,177.4624060150376,0.12969059116339424,198.30042918454936,0.18408036698188152,223.23706896551724,-0.1370835315744945,192.48677248677248,-0.03937331299143318,142.60330578512398,0.12871222362740395,369.2018779342723,0.1738734540002357,398.3761467889908,0.09107584069684661,474.7939393939394,0.05271023962864638,316.7025089605735,0.2357715491587638,155.56704980842912,-0.12212893229072833,386.35849056603774,-0.08033639109394461,135.14336917562724,-0.01265369776603626,199.8593155893536,-0.17837361858662076,183.25221238938053,-0.01989992190437633,376.31889763779526,0.30959883816517814,279.59656652360513,-0.14075813131446363,152.58785942492014,-0.03962678964019512,837.7456647398844,0.8313013152426632,148.88212927756655,-0.06151482145282461,141.734126984127,-0.25775659631063785,161.66666666666666,0.0004603769558610542,232.0,-0.13684767511078796,165.05490196078432,-0.01868585077225189,328.3969849246231,-0.15063980833909768,181.10887096774192,-0.09870168092521138,196.50467289719626,-0.01315727717892958,220.4313725490196,-0.2505544288382995,414.2704081632653,-0.2231587608350396,174.86328125,0.03773487707187665,172.66834170854273,-0.16876816015611348,165.62820512820514,-0.2571223508816019,310.1454545454545,-0.13873254745759162,174.53439153439155,-0.07898704489613584,152.72759856630825,-0.02675109125977053,173.2159090909091,-0.0600690170213058,204.63541666666666,-0.11580921422766781,160.2980132450331,-0.03729597033822468,220.88292682926829,-0.08629267494288347,239.08,-0.08981375516834023,221.3586956521739,-0.16898279340754013,294.20111731843576,0.022106631989597048,327.64684014869886,-0.4896203968338736,241.75912408759123,-0.5362719932795071,266.49568965517244,-0.28692236717328334,327.0205761316872,-0.2561916944869115,161.84615384615384,-0.09614500508723675,238.0695652173913,-0.06854845568931202,345.2758620689655,-0.28291189477265,241.15981735159818,-0.16193233410147595,35.262569832402235,-0.11926946869040796,287.9672131147541,0.0017128820983755078,391.32300884955754,0.15196279915247388,430.54545454545456,-0.20253235605154155,116.0,-0.05106499479822604,220.91335740072202,-0.2725251732705636,232.53875968992247,-0.17982474128149395,173.82065217391303,-0.40258395251338674,522.8880597014926,0.4668938565679592,446.19029850746267,0.034506922435843634,231.19718309859155,-0.4537377009173702,342.3208722741433,-0.23388249402151556,231.67942583732057,-0.2085054214569826,145.74054054054054,-0.37106393346171695,977.4254385964912,0.7008548893036648,208.08823529411765,0.0390005454621742,214.6,-0.0382923862021445,286.0828729281768,-0.09453021477339409,206.58249158249157,-0.43258290149850026,186.25405405405405,-0.09356019197830001,170.36279069767443,-0.06070008975509676,375.075,-0.28948739311554494,183.62295081967213,-0.37880101223389817,186.14847161572052,-0.04147866105023302,198.01,-0.05855970078290937,321.56976744186045,0.1124693830118177,245.18779342723005,-0.21670724573919747,293.7156862745098,0.018751794701286198,243.56585365853658,0.12805843886887647,195.07070707070707,-0.09710129870129862,365.50602409638554,-0.25708405817081553,380.0531914893617,0.21092345035505733,216.78082191780823,-0.02417216501202425,505.88129496402877,-0.057116166947385645,330.0243902439024,-0.0030813210058663006,202.90131578947367,-0.054474290648775965,210.21428571428572,-0.16976134596019937,188.02564102564102,0.106133285063505,367.7352941176471,0.15355753794549962,263.79459459459457,0.06903148548396512
24,161.01519756838906,-0.2994463350554547,147.59246575342465,0.008704222861392974,433.82758620689657,0.2532832148442818,99.66581632653062,-0.012849594888236351,202.76340694006308,-0.04345813091344422,267.78964401294496,0.11498999130134038,199.38768115942028,-0.4239079609455151,152.25690607734808,-0.011344408016023929,232.23954372623575,-0.31666316531398436,186.1,-0.21254778495069923,208.06299212598427,-0.4598822631636323,333.0,0.030970884869202565,244.3230769230769,0.04996804454663657,186.78709677419354,0.05814201392484475,937.4484126984127,0.8293014071661801,170.73684210526315,0.08687698100363751,155.32618025751074,-0.07252505061377204,211.7456896551724,-0.18150312773642216,223.9920634920635,0.11785735242342424,123.41735537190083,-0.02314552352710314,397.0892018779343,0.26254090462029417,395.8440366972477,0.08414087692114414,507.07272727272726,0.12427857212711034,376.04659498207883,0.46733186535864657,171.53639846743295,-0.03201326078339528,392.4481132075472,-0.06584103387489741,128.36917562724014,-0.06214539677736614,210.0,-0.13668502472345684,161.23451327433628,-0.13765865638714403,400.5196850393701,0.39381816188962604,304.54077253218884,-0.06410087314358068,166.03514376996804,0.045009115770282535,771.7803468208092,0.6871019734255839,156.14828897338404,-0.01571225795799233,204.88492063492063,0.07295599226938027,158.02298850574712,-0.02208821454751666,244.45333333333335,-0.09051524571730951,156.26666666666668,-0.07093525105307068,438.7286432160804,0.13472005406709006,165.40725806451613,-0.17684162647741497,180.57632398753893,-0.09314914188269534,237.33333333333334,-0.1930893797063491,454.1734693877551,-0.14833240848816523,164.69140625,-0.022630623205017505,171.0251256281407,-0.17667866368130056,165.8803418803419,-0.2559914640405671,343.4227272727273,-0.04632225580465782,174.84656084656083,-0.07733973643064568,155.5268817204301,-0.008912800730890196,181.2840909090909,-0.016288199733706737,248.00520833333334,0.07158342189160462,168.24503311258277,0.010431558502681357,193.62926829268292,-0.19903053022642644,209.4,-0.20280659332545778,258.6195652173913,-0.029099317630523015,250.39664804469274,-0.13007782931894482,707.3494423791822,0.10184712154533328,265.6058394160584,-0.4905306389135202,325.16379310344826,-0.12994079503806033,338.97119341563786,-0.2290100152881345,168.2914979757085,-0.06014997927422097,212.25652173913045,-0.16954246216481333,412.76293103448273,-0.1427509981439596,262.21004566210047,-0.088779534847638,36.88826815642458,-0.07866544704733269,259.2295081967213,-0.09825311370706971,365.49557522123894,0.0759329157452328,407.97835497835496,-0.24433173294085261,103.27710843373494,-0.15514428078628933,169.18772563176896,-0.44285935066633375,235.68217054263565,-0.1687377817878577,149.9945652173913,-0.4844734548171516,622.8358208955224,0.7472841889785756,595.3507462686567,0.3803403398784787,262.4788732394366,-0.3798267313004028,368.94080996884736,-0.1743068095460535,237.70334928229664,-0.18792567972538557,145.10270270270271,-0.3738164909816159,838.7324561403509,0.4595099968877652,187.41596638655463,-0.06421768136617304,201.5027027027027,-0.09698656388613747,285.6685082872928,-0.09584170419793205,280.55555555555554,-0.22940217207012528,192.01081081081082,-0.06554387031526746,169.50232558139535,-0.06544428772919603,339.8541666666667,-0.3562069721552292,177.30601092896174,-0.40017130744139795,185.46724890829694,-0.04498643361465464,233.845,0.11181812418777116,435.86821705426354,0.5078844331611034,359.42723004694835,0.14824943380944988,274.23039215686276,-0.04883287741623448,229.69268292682926,0.06380580623297723,214.1818181818182,-0.008644155844155739,463.5020080321285,-0.057900532041293515,377.78723404255317,0.20370366883159666,214.00913242009133,-0.03664878419765249,507.0143884892086,-0.05500425734158645,352.52682926829266,0.06489275136424587,199.66118421052633,-0.0695733928781289,253.35714285714286,0.0006308208899669506,180.4974358974359,0.061845717561166996,305.9235294117647,-0.04034124808555388,245.74054054054054,-0.004132834861849391
25,201.54711246200608,-0.12309787879322204,141.77397260273972,-0.031061618720190576,341.01724137931035,-0.014836312439192072,95.06122448979592,-0.058456251859920684,187.57097791798108,-0.11512882668668534,253.80906148867314,0.05677934000979164,234.41304347826087,-0.32270896871314225,164.08011049723757,0.0654276574754109,253.40304182509504,-0.25439212581002457,200.3793103448276,-0.15212718011238174,204.08267716535434,-0.4702148969802681,358.19730941704034,0.10898197311547636,287.7769230769231,0.23670910252925584,174.5193548387097,-0.011354291666412837,423.3690476190476,-0.1738536392302959,153.40225563909775,-0.02347156927396885,155.39484978540773,-0.07211501499192745,221.5344827586207,-0.14366482958048146,222.78571428571428,0.11183693228494279,110.97933884297521,-0.12159303998953387,356.5399061032864,0.13361484889547176,306.8669724770642,-0.15955023242179317,442.5060606060606,-0.018878249178257,348.4193548387097,0.3595305174533078,203.2375478927203,0.14687758999675676,334.58962264150944,-0.20356376946655727,123.20071684587813,-0.09990573009712149,251.8593155893536,0.035399613386618504,163.4513274336283,-0.12580232078106154,327.18503937007875,0.13861182660163351,346.9957081545064,0.06636946371574028,164.43450479233226,0.03493484905356851,560.1676300578034,0.22451927936832414,166.30038022813687,0.048281904538711964,250.42857142857142,0.311462237030777,167.84195402298852,0.03867561602586021,261.38666666666666,-0.027515047291487807,164.1450980392157,-0.024094981011051498,647.7889447236181,0.6754299445610156,183.17741935483872,-0.08840743540176996,177.39252336448598,-0.10913812794317806,303.47058823529414,0.03177095755823163,440.2295918367347,-0.17448001377700395,160.8359375,-0.04551109508416287,192.6281407035176,-0.0726809430244841,215.65811965811966,-0.03272756701729133,456.0772727272727,0.26651706509772005,192.6984126984127,0.01686397140942592,152.1899641577061,-0.030177139376712934,217.125,0.17819729001993767,263.3072916666667,0.1377008189035444,170.10264900662253,0.02158786836924325,188.80975609756098,-0.21896699004746462,219.12363636363636,-0.16578835646780868,270.4130434782609,0.015175353086531677,245.08379888268158,-0.14853560545775657,1181.6654275092937,0.8406950962616186,380.7299270072993,-0.2697064451393101,402.4396551724138,0.0768306122972038,394.0740740740741,-0.10367851237090882,166.16194331983806,-0.07204280815465201,235.49565217391304,-0.0786189377229143,512.176724137931,0.06371709407320318,245.73059360730593,-0.14604817964310465,35.47486033519553,-0.1139672253143363,274.91256830601094,-0.043698558095427206,324.12831858407077,-0.04584254767335499,456.05627705627705,-0.15528053790293048,98.82530120481928,-0.19156217488912014,193.21299638989169,-0.3637433574663861,243.64341085271317,-0.14065810879164445,193.04347826086956,-0.33651571126146695,473.89179104477614,0.329441252413408,606.7910447761194,0.4068650492688256,345.88262910798124,-0.18276409056118212,444.0436137071651,-0.006225990197377185,265.72727272727275,-0.09218656350460415,135.4918918918919,-0.415291467849247,521.6315789473684,-0.09228920546430393,179.89915966386553,-0.10174967482062704,212.68648648648647,-0.04686759829464701,237.66298342541435,-0.2477821256620594,479.95959595959596,0.3182979799069641,190.93513513513514,-0.07077884497343036,179.5767441860465,-0.009898704962174643,313.3666666666667,-0.40638281078710814,164.23497267759564,-0.44439081101954614,194.8951965065502,0.003560239248077496,209.395,-0.0044296174205206195,341.2829457364341,0.18066704807537592,428.8262910798122,0.3699561546037665,300.828431372549,0.043422325328335974,225.55121951219513,0.04462490429631117,176.45959595959596,-0.1832441558441558,628.9196787148594,0.2783221743129084,397.77127659574467,0.26737671855845396,192.8584474885845,-0.1318575157756262,485.8848920863309,-0.09438634313353764,282.3219512195122,-0.14717810264630132,215.23355263157896,0.002994272049543585,312.0982142857143,0.23262793713732707,179.47692307692307,0.05584215766132681,312.9,-0.018456592562825645,235.0162162162162,-0.047593317366668615
26,271.81155015197567,0.1826124521714597,145.12671232876713,-0.008147693523974897,351.1551724137931,0.014451126171746478,93.97193877551021,-0.06924519508812516,204.993690851735,-0.03293670609789569,285.8349514563107,0.19012485046839528,366.213768115942,0.05810366606879872,155.50828729281767,0.009767909994120536,265.97338403041823,-0.21740541064651558,264.9344827586207,0.12102764799149188,268.0236220472441,-0.30422844216722983,338.2825112107623,0.04732558534154825,298.30384615384617,0.2819481072821704,166.52903225806452,-0.056619174377310934,194.8373015873016,-0.6198018524174779,142.29323308270676,-0.0941894105384076,157.96995708154506,-0.056738679172753194,250.14655172413794,-0.03306570005202083,204.6984126984127,0.021570238234948778,125.08677685950413,-0.00993196982251114,289.22535211267603,-0.08041106137227222,238.80733944954127,-0.34595251057414467,319.1181818181818,-0.29245310485535597,268.55913978494624,0.047916372061655194,189.52107279693487,0.0694749738748153,286.22169811320754,-0.31869575469049993,136.10035842293908,-0.005662013302530857,276.0114068441065,0.13468943274125567,244.47345132743362,0.30753372968396236,290.81889763779526,0.012056776456404022,383.77682403433477,0.17940330792160175,163.47923322683707,0.028922462330419892,324.60115606936415,-0.290426021812137,162.59695817490496,0.024937217545532284,242.03174603174602,0.26748914180422695,168.6293103448276,0.043548103464287204,283.28,0.05393875256299984,173.46274509803922,0.03130197350355156,631.9045226130653,0.6343467543138867,214.25806451612902,0.06626711527013181,188.49221183800623,-0.05339570393779627,326.80392156862746,0.11110205786800062,413.40816326530614,-0.22477564531868893,163.21875,-0.031370175280435744,247.93467336683418,0.19356676889664198,243.05982905982907,0.09017491475754083,532.9409090909091,0.4799657786411035,238.42857142857142,0.25818070136251936,156.10752688172042,-0.005212668764592462,207.1969696969697,0.12432427494444598,289.53125,0.2510095642933049,169.85099337748343,0.02007649662261443,187.98048780487804,-0.22239735256727894,292.73818181818183,0.11446489220318959,338.5108695652174,0.27082587109791195,303.74301675977654,0.055256875570133875,1210.174721189591,0.8851043815411382,566.6277372262774,0.0868717039249547,463.17241379310343,0.2393366993874465,446.5843621399177,0.01575613865402018,166.22672064777328,-0.07168104910125489,280.704347826087,0.09826091394160717,739.0043103448276,0.5348052351084082,390.06849315068496,0.35554834626010945,36.357541899441344,-0.09192105548751181,224.9344262295082,-0.217550810926118,219.4867256637168,-0.3538827588602391,693.5497835497836,0.28461119728304507,84.43373493975903,-0.3092920111701255,211.63898916967509,-0.3030659676403105,248.5968992248062,-0.12318691984852831,323.3152173913044,0.11122410858826959,244.3320895522388,-0.3145583753983578,677.8843283582089,0.5716971719088386,888.868544600939,1.1001785932178947,603.8411214953271,0.35140241649294784,357.3205741626794,0.22072685664469008,160.8918918918919,-0.30567902898479354,312.55263157894734,-0.45611537147106945,174.12605042016807,-0.13057525280073856,202.69189189189188,-0.09165733603203986,227.52486187845304,-0.2798699002490859,686.8080808080808,0.8864456782093215,198.01081081081082,-0.0363437604129519,171.88837209302326,-0.05228875496858568,292.40833333333336,-0.446084630563473,174.55191256830602,-0.40948846036923514,197.48034934497818,0.016871786415626235,206.755,-0.01698152080890067,312.05426356589146,0.07955053367421737,440.793427230047,0.40818714035026316,254.5686274509804,-0.11702963713029142,230.49268292682927,0.06751095101226261,151.0,-0.30108571428571423,716.6546184738955,0.45664942777897694,373.0531914893617,0.18862008771450792,189.07762557077626,-0.1488766931820516,511.5359712230216,-0.046576732343206646,250.71219512195123,-0.24266303413520804,253.6546052631579,0.18203743351029864,259.82142857142856,0.026161435293841132,174.68205128205128,0.027634476724892134,342.4647058823529,0.07428563227463865,221.6216216216216,-0.10187510952742566
27,358.83586626139817,0.5612425722497486,164.1472602739726,0.12184611703759952,302.4896551724138,-0.1261385408745721,89.94132653061224,-0.10916681171707879,214.18927444794951,0.010443708806381308,340.8252427184466,0.4190867455484872,627.9311594202899,0.8142853154857033,153.29558011049724,-0.004599946187804463,414.2509505703422,0.21888343727585627,315.78620689655173,0.3361985389720927,459.8267716535433,0.19367982121443378,336.8206278026906,0.042799581645466184,314.66153846153844,0.3522445951207328,187.71290322580646,0.06338667332655161,212.19444444444446,-0.5859317797576283,154.41729323308272,-0.017010040630517538,160.55364806866953,-0.04131108890084828,330.12068965517244,0.27607202957603877,212.85185185185185,0.06226088487266727,107.15702479338843,-0.15184684488247358,272.23474178403757,-0.13443252665745592,251.12844036697248,-0.3122073788684618,402.76363636363635,-0.10699491090538392,214.23297491039426,-0.16406404182018483,206.91570881226053,0.16763359878923273,381.45754716981133,-0.09200229051345662,162.18279569892474,0.18489412093315544,289.7490494296578,0.19116520687984248,182.1150442477876,-0.02598191442086977,325.5472440944882,0.13291225954951527,382.8969957081545,0.1766994645071092,163.26517571884983,0.027575205104831295,238.121387283237,-0.4794696910134444,161.63117870722434,0.01884938336045247,186.3968253968254,-0.023863785925561595,169.1867816091954,0.04699796683310054,351.8177777777778,0.3089324690786425,178.49019607843138,0.06119208111622884,508.2964824120603,0.3146490910114908,249.5040322580645,0.24167062427676053,188.5638629283489,-0.0530358735274332,308.0705882352941,0.047410517333585984,409.44897959183675,-0.23219991963414405,187.19140625,0.11089675067935666,340.9145728643216,0.6411754744823767,287.8974358974359,0.29128109672596547,510.5772727272727,0.41786242733220647,204.994708994709,0.08175117266026342,153.0179211469534,-0.024901025276621663,169.9090909090909,-0.07801298579692742,276.1770833333333,0.1933087453897604,175.2317880794702,0.05239201094197791,233.9121951219512,-0.032395626175684006,322.66545454545457,0.2283991066154755,491.67391304347825,0.8458253043458547,440.2849162011173,0.529627544979912,1171.5985130111524,0.8250137369531116,944.3065693430657,0.8113128296075047,643.2801724137931,0.7212612450982907,609.1028806584362,0.3854045115597018,198.71255060728745,0.10974111617741265,440.9217391304348,0.7251143986345878,869.9913793103449,0.8068464618855223,682.4474885844749,1.3716105781521908,43.25139664804469,0.08026232151439497,212.40983606557376,-0.2611184211915831,205.82743362831857,-0.39409249846588473,835.0,0.5466090180883848,76.13855421686748,-0.37715052291518375,228.1335740072202,-0.2487487665989039,316.9341085271318,0.11784166564136223,494.1630434782609,0.6984226474617078,213.044776119403,-0.4023308288166741,715.3955223880597,0.6586681123854068,1096.206572769953,1.590067554825899,712.4735202492212,0.5945228019047487,474.11483253588517,0.6197351931564321,240.2054054054054,0.03659450058705667,311.1140350877193,-0.45861872751156074,196.30252100840337,-0.01984643141862129,208.14594594594595,-0.06721555919211042,213.22651933701658,-0.32512502865847265,663.1414141414141,0.8214407921304844,209.03243243243244,0.017295000029229547,197.58139534883722,0.0893704321066804,376.875,-0.286077614558211,184.28415300546447,-0.37656415607463567,190.13100436681222,-0.02097168298130682,186.68,-0.11242828615804003,507.3178294573643,0.7550640945416839,388.8779342723005,0.24233455487173838,233.29901960784315,-0.19080319494612102,219.2048780487805,0.015232261870395251,149.13636363636363,-0.3097116883116883,678.0963855421687,0.3782771875277767,305.5851063829787,-0.026346364969936465,184.89497716894977,-0.16770467205196185,617.4028776978417,0.1507426695878311,281.3951219512195,-0.14997781514366126,324.5657894736842,0.5124855012850845,262.79017857142856,0.037886475748659075,155.64615384615385,-0.08435152502488909,265.4,-0.16746046553587066,218.9027027027027,-0.1128935685495648
28,452.88449848024317,0.9704344682876941,170.1095890410959,0.16259498707499626,556.1620689655173,0.6066949357967545,111.4311224489796,0.1036810987147597,266.5173501577287,0.2573028245635502,495.3883495145631,1.0626378348272771,833.5978260869565,1.4085192655300196,176.8232044198895,0.14817287666045503,673.384030418251,0.9813512569441767,400.1,0.6929587922688085,776.3503937007874,1.0153541643955089,430.99103139013454,0.3343519669759077,327.32307692307694,0.4066570188133141,197.89354838709679,0.12105965267075602,271.94444444444446,-0.4693378876590105,169.66165413533835,0.08003254695909294,181.80257510729615,0.08556930883370495,363.48706896551727,0.4050488089794455,238.989417989418,0.19270332120643097,115.60330578512396,-0.08499411277310201,284.63380281690144,-0.09500984364607967,347.091743119266,-0.0493823024414758,617.8303030303031,0.36984959661254607,160.15412186379928,-0.3750794462306356,240.93103448275863,0.35958343843465096,785.0047169811321,0.8685761764144485,202.2831541218638,0.47786403021292156,365.3346007604563,0.5018991991579956,177.61061946902655,-0.05007323108153246,327.9448818897638,0.14125609689264024,481.2918454935622,0.47908148460787675,199.40894568690095,0.2550605930612901,207.9479768786127,-0.5454283804881336,157.5361216730038,-0.006963992298330538,175.42857142857142,-0.08130312203434448,166.92241379310346,0.03298511974740526,489.50666666666666,0.8212017990607839,182.95686274509805,0.08774811276274944,429.25125628140705,0.11020790702308984,262.0241935483871,0.3039778998133789,202.6043613707165,0.017475242103286957,307.89019607843136,0.04679720126396422,425.8316326530612,-0.20147911444480598,202.21484375,0.20005409095006899,412.0753768844221,0.983746240293304,324.29487179487177,0.4545313208800896,501.43636363636364,0.3924783136163139,268.8201058201058,0.41855595264686163,178.53046594982078,0.13767637803268704,170.60227272727272,-0.07425153529757035,245.75,0.061839094830280585,175.38741721854305,0.05332667504844571,309.2390243902439,0.27920236224179784,265.78909090909093,0.011868724158298902,584.195652173913,1.1931672371970707,525.9106145251396,0.8271063408574812,917.8029739776952,0.4296732342385353,1459.5328467153286,1.7995893032155696,650.2543103448276,0.7399223415434298,726.5761316872428,0.6525974228573211,195.80566801619435,0.0935071786562159,368.53478260869565,0.44189910238890434,940.125,0.9525038642643574,654.7716894977169,1.275432895662492,49.312849162011176,0.2316553231732841,262.74863387978144,-0.08601160366738407,209.7433628318584,-0.3825649249151894,743.3073593073593,0.376773491157156,91.12048192771084,-0.2545912500684445,215.90613718411552,-0.2890141112973596,336.85271317829455,0.1880955310393853,713.070652173913,1.450801129052343,241.6902985074627,-0.32196957361185424,535.8955223880597,0.24249144247933055,758.4976525821596,0.7921441169619183,977.1869158878504,1.1869540057588666,473.0334928229665,0.6160409742276465,204.34054054054053,-0.11817854301065525,307.0263157894737,-0.46573192211442005,208.0546218487395,0.038832710947006084,219.1891891891892,-0.017726411437922415,218.9060773480663,-0.30714888027947357,482.8114478114478,0.3261311195440071,208.16756756756757,0.013085975178445296,207.8,0.1457109885882806,550.6291666666667,0.04306862530146893,221.5191256830601,-0.2505977274034391,184.41048034934497,-0.05042797823382151,189.185,-0.10051824146565677,514.7945736434109,0.7809298625140796,292.00469483568077,-0.06714294999025107,204.2941176470588,-0.29140659241011374,223.62926829268292,0.03572351988754025,163.58080808080808,-0.24285454545454538,555.4056224899598,0.12889983728570045,242.4468085106383,-0.22751727267762756,204.7351598173516,-0.07839509979239884,709.7158273381295,0.3227996099485468,230.25853658536585,-0.3044482683532615,391.3618421052632,0.8237569427767022,366.86160714285717,0.44891526233920953,164.4820512820513,-0.0323709536307961,286.9,-0.10001660724280818,213.05405405405406,-0.13659530346398732
29,619.0121580547112,1.693231710542556,185.38013698630138,0.2669598414671571,878.851724137931,1.5389121144401683,133.03826530612244,0.31769128406111186,371.3343848580442,0.7517800273163506,622.906148867314,1.5935809581700777,820.6050724637681,1.3709792235164386,204.84254143646407,0.33011190943606816,986.2091254752852,1.901801352723783,572.5172413793103,1.422514615142682,965.0354330708661,1.5051680202769,619.3677130044844,0.9175678052121548,391.4076923076923,0.6820579311966031,170.96774193548387,-0.03147404776843096,369.9642857142857,-0.2780656734909851,183.84962406015038,0.17035035844200042,218.4420600858369,0.30434894031418974,504.23706896551727,0.9491138851503335,336.46031746031747,0.6791427062551341,134.0082644628099,0.060682046138415054,249.45070422535213,-0.20687413235764845,508.26605504587155,0.39204321789019647,825.5787878787879,0.8304682758368418,180.30107526881721,-0.29646613842369335,209.04597701149424,0.17965478721487502,1156.551886792453,1.7529838428977245,310.8637992831541,1.2711452629373796,477.680608365019,0.9637562980987165,149.65486725663717,-0.19959085255704007,288.59842519685037,0.004329478818436111,532.0643776824035,0.6351130338442059,263.0990415335463,0.6559198884658693,213.43930635838151,-0.5334244044343108,186.74144486692015,0.17713307217252583,166.01190476190476,-0.13061699489474302,219.23850574712642,0.3567387923897515,551.8577777777778,1.0531781202460475,242.47450980392156,0.44160315428974056,366.8743718592965,-0.051122570843917255,306.76612903225805,0.5266386178018874,224.74766355140187,0.12867848370594037,365.4823529411765,0.2426050229697237,422.8775510204082,-0.20701861808997152,264.41015625,0.5691552796630908,387.8743718592965,0.8672416990783175,272.27777777777777,0.22122361530253876,380.06363636363636,0.05542878380937009,343.25396825396825,0.8113412999776635,175.11469534050178,0.11590955232971271,191.52651515151516,0.03929082840979937,294.2239583333333,0.2712858660998935,169.83774834437085,0.019996950741212924,373.9951219512195,0.5470733178331766,185.52363636363637,-0.29370477702303605,654.9021739130435,1.4586112307587675,500.21787709497204,0.7378452341672652,832.449814126394,0.2967175437941786,1275.5401459854015,1.4466654221309567,632.9310344827586,0.693569469718328,685.4650205761317,0.55909019999376,185.0931174089069,0.03368127520066324,269.81304347826085,0.05564848574198921,690.8060344827586,0.43470437631668457,465.8493150684931,0.6188984235739258,85.9608938547486,1.146989969147765,327.5081967213115,0.13925879304117886,220.23451327433628,-0.35168144820479563,568.7748917748918,0.0534998525524464,137.68072289156626,0.12629359908010715,176.18050541516246,-0.41983190080483135,289.9341085271318,0.022611382247194157,567.7445652173913,0.9513199950188866,304.00373134328356,-0.1471574123613019,317.64179104477614,-0.26353703164336123,430.6056338028169,0.017415611931357915,881.1806853582555,0.9720911100110855,374.4976076555024,0.27940936086743307,145.6810810810811,-0.37132052780679226,344.11842105263156,-0.4011865500582167,201.35714285714286,0.0053916837997733235,215.5243243243243,-0.034150122733732316,323.1878453038674,0.02290929156255694,403.4646464646465,0.10819042451855945,237.30810810810812,0.15490380624455624,210.49767441860465,0.160584690344916,634.475,0.20189958342468745,216.7431693989071,-0.2667548537108394,189.57205240174673,-0.023849855341857806,185.745,-0.11687375194142462,344.4496124031008,0.19162211932133097,292.6619718309859,-0.06504317046710104,235.64705882352942,-0.18265902942554432,237.7219512195122,0.10099280810312145,179.35353535353536,-0.16984935064935053,426.578313253012,-0.13295046193084012,226.94148936170214,-0.2769202377970816,221.7351598173516,-0.0018704651497398893,666.2841726618705,0.2418497795345155,259.58048780487803,-0.2158742061341537,324.3519736842105,0.5114891138283251,445.69642857142856,0.7602723892439163,178.42564102564103,0.04965758590521016,437.52941176470586,0.3724963556328282,215.48108108108107,-0.126759740639056
30,314.8267477203647,0.3697653095410222,177.39383561643837,0.21237835673010422,1086.5172413793102,2.138836405415187,127.03826530612245,0.2582636623451001,395.0283911671924,0.8635571444161875,546.3171521035599,1.2746889967196622,645.536231884058,0.8651517583590972,208.1685082872928,0.35170853720515405,919.5969581749049,1.705803088068757,808.0862068965517,2.4192868004915487,887.4527559055118,1.3037685326501693,532.6143497757847,0.6489786410882155,422.78076923076924,0.8168823965855415,200.9806451612903,0.13854794203463536,484.67063492063494,-0.054232038304517255,229.906015037594,0.463536237741709,204.84978540772534,0.22318751441531487,525.8706896551724,1.032738023611217,349.35185185185185,0.7434793451472828,131.90495867768595,0.04403427674327324,298.80281690140845,-0.049959613684575306,684.5137614678899,0.8747518740315761,898.9818181818182,0.9932170289452058,223.584229390681,-0.12757549528606063,179.06130268199234,0.010450073871211824,1150.811320754717,1.7393193582071118,524.0501792114695,2.828667361082823,678.3802281368821,1.788837189914705,133.92920353982302,-0.2836974728045795,245.15748031496062,-0.14684605688606325,512.5321888412017,0.5750877100424701,453.2811501597444,1.852907662609255,313.67052023121386,-0.31432025204137787,183.09505703422053,0.15414790294618144,195.62301587301587,0.024452587610227186,220.97988505747125,0.36751516971707554,457.9511111111111,0.7037998544877303,320.3529411764706,0.9046200396876796,353.8793969849246,-0.08473254552885094,327.4516129032258,0.6295810730363005,239.41121495327104,0.2023185594267746,510.54901960784315,0.7358178066098878,408.7755102040816,-0.23346281165687616,354.3046875,1.1026388656355044,359.93467336683415,0.7327389480078592,201.85897435897436,-0.09461966209697517,305.8818181818182,-0.1505725766298975,501.3492063492063,1.6456053160598612,210.41935483870967,0.3408867120089331,228.20454545454547,0.23831883488671113,283.9322916666667,0.22681752828655372,176.70529801324503,0.06124149024789591,320.7609756097561,0.3268642226641584,167.70909090909092,-0.3615253987005316,598.8478260869565,1.248173924871347,412.8882681564246,0.43444675193602883,930.5836431226766,0.44958184328677997,891.2700729927008,0.7095813693004156,554.8965517241379,0.4847681779737038,509.7201646090535,0.15935852235499676,177.81376518218624,-0.006971398424840766,198.3695652173913,-0.22387543448799874,440.01724137931035,-0.08614773127398383,324.2191780821918,0.12671179137082592,65.27374301675978,0.6303003054216214,363.14207650273227,0.2632135864709771,226.91150442477877,-0.3320259583878474,445.4155844155844,-0.17498950939610644,190.93373493975903,0.5619284892952963,146.27436823104694,-0.5183137772388459,305.8720930232558,0.07882541114711061,340.5326086956522,0.1703997343406252,282.48880597014926,-0.20751471306613328,205.81716417910448,-0.5228061170051707,248.06103286384976,-0.41389255565785543,631.183800623053,0.41259560346089763,366.1531100478469,0.25090175993025654,154.04324324324324,-0.33523403218574327,465.60087719298247,-0.18979034393160893,220.68487394957984,0.1018965300213988,277.9513513513514,0.24561011584341788,483.30939226519337,0.5297037782553109,372.2154882154882,0.022358820065908155,288.05945945945945,0.4018946457696379,221.9906976744186,0.22395178869085783,653.3291666666667,0.23761543521157621,209.14207650273224,-0.2924694563350887,190.1528384279476,-0.020859254373472826,193.88,-0.07819582237154923,280.5232558139535,-0.029530867287647693,356.8920187793427,0.14015028422015677,286.80882352941177,-0.005204633729804733,191.32682926829267,-0.11388299674921251,188.78787878787878,-0.12618181818181815,377.6706827309237,-0.23235855918936713,246.31382978723406,-0.21519619012467964,240.39269406392694,0.082115475529794,735.4028776978417,0.37067626548826815,280.390243902439,-0.15301329290395674,223.24013157894737,0.04030515004573172,503.27232142857144,0.9876676475082578,200.86153846153846,0.18164539777355418,407.50588235294117,0.2783148364186584,261.4,0.05932735556983463
