Frame,Cell_86,Cell_90,Cell_91,Cell_92,Cell_94,Cell_96,Cell_97,Cell_100,Cell_103,Cell_105,Cell_106,Cell_107,Cell_109,Cell_110,Cell_111,Cell_114,Cell_115,Cell_116,Cell_120,Cell_122,Cell_123,Cell_124,Cell_125,Cell_126,Cell_128,Cell_130,Cell_133,Cell_136,Cell_139,Cell_143,Cell_146,Cell_147,Cell_148,Cell_149,Cell_150,Cell_155,Cell_157,Cell_158,Cell_160,Cell_161,Cell_164,Cell_165,Cell_166,Cell_170,Cell_174,Cell_175,Cell_177,Cell_178,Cell_179,Cell_180,Cell_181,Cell_183,Cell_185,Cell_187,Cell_190,Cell_193,Cell_195,Cell_196,Cell_199,Cell_201,Cell_204,Cell_205,Cell_206,Cell_207,Cell_208,Cell_209,Cell_210,Cell_211,Cell_219,Cell_220,Cell_221,Cell_222,Cell_223,Cell_226,Cell_227,Cell_228,Cell_229,Cell_230,Cell_231,Cell_233,Cell_237,Cell_238,Cell_239,Cell_240,Cell_242,Cell_243,Cell_247,Cell_248,Cell_249,Cell_250,Cell_253,Cell_255,Cell_257,Cell_260,Cell_261,Cell_264,Cell_265,Cell_266,Cell_267,Cell_269,Cell_270,Cell_271,Cell_274,Cell_275,Cell_278,Cell_279,Cell_281
0,154.44230769230768,183.22189349112426,205.57190635451505,135.71289537712894,171.82131661442006,245.51470588235293,272.6336898395722,386.61538461538464,171.94405594405595,336.54578754578756,238.9128205128205,215.04850746268656,786.0858208955224,426.44947735191636,148.92105263157896,213.13995485327314,265.4273858921162,288.39884393063585,160.77245508982037,233.56777493606137,391.3710247349823,368.0,309.05026455026456,158.72477064220183,233.11721611721612,499.30514705882354,190.85434173669466,186.40316205533597,157.27807486631016,751.84765625,345.63178294573646,240.62089552238805,362.0890410958904,829.4727272727273,236.78616352201257,188.98987341772153,234.5486381322957,244.63225806451612,350.5974025974026,351.0984848484849,590.7404255319149,354.2647058823529,321.1540342298288,390.6502463054187,368.784,814.2915129151291,363.7677261613692,345.3333333333333,1723.8339622641508,974.7203065134099,372.93697478991595,299.84831460674155,2007.1726907630523,303.94425087108016,485.59003831417624,455.45147679324896,935.4558823529412,334.2228260869565,399.24641833810887,493.26978417266184,531.4827586206897,240.31272727272727,490.95022624434387,328.46853146853147,1101.529605263158,2046.5650224215246,571.0555555555555,476.06538461538463,1443.2326530612245,1074.4432432432432,1710.483412322275,523.0286885245902,452.39285714285717,1087.6245733788396,699.0731707317074,208.08275862068965,1415.899628252788,673.1756097560975,1818.1337209302326,1306.0802469135801,1424.878125,654.3173076923077,377.2956204379562,1371.9850746268658,731.7254901960785,554.5625,693.7581227436823,302.96451612903223,292.39830508474574,1217.68679245283,408.58984375,238.71428571428572,365.93488372093026,771.0255102040817,292.78819444444446,441.6594827586207,232.20564516129033,395.7620817843866,850.3194444444445,970.7106227106227,409.29957805907173,257.8022284122563,427.8502415458937,1435.042372881356,495.5584415584416,507.3147208121827,320.35222672064776
1,184.07692307692307,257.6923076923077,306.25083612040135,166.84428223844282,206.1065830721003,230.49705882352941,237.08021390374333,303.7859531772575,235.9265734265734,347.4432234432234,207.82820512820513,242.17537313432837,1320.5708955223881,373.4668989547038,152.07309941520467,247.04288939051918,347.2116182572614,523.4364161849711,225.96706586826346,240.89002557544757,381.53003533568904,345.57575757575756,207.05026455026456,158.87385321100916,275.7692307692308,572.9338235294117,238.49579831932772,208.87351778656125,144.89839572192514,601.92578125,447.52713178294573,228.60597014925372,358.15410958904107,529.3666666666667,202.27044025157232,224.8126582278481,299.8715953307393,235.6516129032258,439.4458874458874,352.0378787878788,526.6893617021277,261.8,324.9168704156479,585.1428571428571,419.768,972.1881918819188,544.5794621026895,428.09302325581393,1896.3094339622642,791.4291187739464,532.8613445378152,343.5842696629214,1913.9638554216867,257.9059233449477,396.7011494252874,385.6244725738397,813.5970588235294,403.66847826086956,611.2349570200573,634.7985611510792,995.6551724137931,293.24363636363637,774.7692307692307,299.3181818181818,933.4473684210526,2032.5515695067265,563.9888888888889,656.2384615384616,1243.1224489795918,1532.427027027027,2319.0236966824646,667.0573770491803,671.9321428571428,1592.6245733788396,1487.3024390243902,214.7793103448276,1172.7806691449814,1299.580487804878,1696.906976744186,1407.2222222222222,1178.54375,987.2532051282051,533.1824817518249,1826.3681592039802,882.1176470588235,916.3616071428571,587.5162454873646,435.35483870967744,337.4618644067797,1745.68679245283,629.671875,281.33887043189367,415.48372093023255,1359.2142857142858,367.59375,632.2198275862069,254.18145161290323,791.6988847583643,1123.2777777777778,705.959706959707,634.7552742616034,473.4373259052925,824.7004830917874,1041.7937853107344,596.1255411255411,497.7817258883249,308.4493927125506
2,233.30769230769232,276.4704142011834,476.933110367893,178.1824817518248,212.78056426332287,288.8735294117647,240.51069518716577,329.47491638795987,303.5174825174825,348.9340659340659,233.33846153846153,211.71641791044777,858.776119402985,511.3379790940767,168.53801169590642,321.87584650112865,386.39834024896265,958.1531791907514,240.53293413173654,251.9386189258312,352.97173144876325,398.5068870523416,219.4206349206349,168.32110091743118,244.6813186813187,558.3933823529412,206.5826330532213,256.54150197628456,150.53208556149733,993.51171875,414.1744186046512,254.58507462686566,411.82191780821915,348.3212121212121,452.02830188679246,223.09620253164556,368.52918287937746,328.3354838709677,417.94805194805195,357.6212121212121,535.731914893617,392.1058823529412,356.60635696821515,1124.615763546798,645.476,902.789667896679,628.8606356968215,1271.3798449612402,822.5132075471698,741.0038314176245,791.7016806722689,381.3876404494382,1042.132530120482,235.13240418118468,673.2260536398468,442.48945147679325,1097.5264705882353,1304.608695652174,948.0573065902579,1019.3273381294964,1166.4980842911878,1018.0181818181818,1141.9049773755655,342.2097902097902,753.0361842105264,1148.8206278026905,864.325925925926,637.3423076923077,1292.4897959183672,927.3567567567568,1689.1421800947867,934.1926229508197,1217.2142857142858,1124.60409556314,1501.9268292682927,241.61724137931034,847.7137546468401,959.790243902439,894.2325581395348,838.7901234567901,719.5875,667.4358974358975,576.1167883211679,1282.7810945273632,1414.6029411764705,909.8392857142857,462.05054151624546,597.1032258064516,520.6144067796611,1331.7320754716982,1116.953125,426.56478405315613,435.75348837209305,1167.780612244898,464.56597222222223,823.3362068965517,296.4596774193548,1267.8327137546469,1037.1759259259259,556.8864468864468,1270.5274261603377,636.4066852367688,1193.1690821256038,955.6271186440678,690.5238095238095,579.4263959390863,362.165991902834
3,533.1692307692308,381.3313609467456,859.4548494983278,249.39172749391727,304.01567398119124,315.9823529411765,325.668449197861,461.04013377926424,333.2762237762238,430.0769230769231,253.16666666666666,286.26119402985074,511.1194029850746,756.390243902439,195.46783625730995,376.6365688487585,616.2780082987551,844.6040462427745,288.3203592814371,332.4219948849105,484.8445229681979,602.7355371900826,246.74603174603175,214.9105504587156,345.34065934065933,460.0735294117647,266.2072829131653,420.82213438735175,196.5855614973262,1261.48828125,419.15503875968994,248.78507462686568,502.2431506849315,262.57272727272726,612.7327044025158,535.4531645569621,485.15175097276267,491.1774193548387,502.987012987013,589.9507575757576,458.6,462.56176470588235,341.70660146699265,1475.6305418719212,1279.04,1170.981549815498,599.1051344743277,1060.7248062015503,306.5018867924528,760.8697318007663,1080.8655462184875,696.8426966292135,736.8594377510041,252.0801393728223,788.3793103448276,462.58649789029533,1167.4411764705883,1577.4076086956522,900.78223495702,867.2338129496403,1032.6091954022988,800.4327272727272,1088.447963800905,354.86013986013984,812.5296052631579,622.6188340807175,1580.0222222222221,660.5807692307692,932.1714285714286,532.8324324324325,708.8009478672985,780.827868852459,1125.3857142857144,613.3856655290102,867.8780487804878,251.15862068965518,701.1003717472119,987.0,1231.7325581395348,819.9444444444445,543.309375,521.8076923076923,493.55474452554745,876.681592039801,1012.6176470588235,737.0089285714286,403.2996389891697,793.3387096774194,833.8813559322034,745.6188679245283,1052.234375,456.5481727574751,449.6186046511628,858.2397959183673,460.75347222222223,637.551724137931,332.5846774193548,870.446096654275,955.4027777777778,440.14285714285717,1015.2025316455696,574.5766016713092,915.1835748792271,952.1242937853108,721.7402597402597,572.2842639593908,384.6194331983806
4,883.5346153846153,690.8639053254437,666.6387959866221,251.92700729927006,337.43260188087777,523.2,356.1577540106952,742.5685618729098,414.42657342657344,482.54212454212455,316.58717948717947,292.05223880597015,547.8134328358209,967.7909407665505,333.58479532163744,449.53273137697516,659.8755186721992,825.8728323699422,347.9820359281437,562.6879795396419,1035.9257950530036,571.9531680440772,338.06613756613757,258.098623853211,397.86813186813185,410.44117647058823,404.38655462184875,470.9288537549407,250.40106951871658,769.17578125,564.4263565891473,320.88358208955225,492.2808219178082,354.530303030303,695.003144654088,734.9240506329114,543.1128404669261,461.741935483871,550.0346320346321,817.3484848484849,593.1744680851064,482.0323529411765,305.0880195599022,1550.911330049261,772.224,902.2472324723248,503.99022004889974,927.4922480620155,261.9320754716981,691.2145593869732,918.6008403361344,905.6460674157304,652.0642570281125,238.02787456445992,775.9310344827586,492.9831223628692,818.7735294117647,984.5217391304348,1059.570200573066,512.5935251798561,700.8199233716475,486.3272727272727,958.6968325791855,314.47902097902096,779.5723684210526,634.7668161434977,1464.7222222222222,633.4,667.8489795918367,335.0054054054054,753.5213270142181,708.3770491803278,957.5464285714286,398.20819112627987,664.8780487804878,280.53793103448277,652.8624535315985,1179.4975609756098,1155.8662790697674,701.5802469135803,460.909375,859.2724358974359,461.93065693430657,925.8009950248756,690.9558823529412,627.84375,359.0469314079422,862.2322580645161,931.6355932203389,640.3660377358491,747.4140625,560.3654485049834,604.9069767441861,803.6020408163265,460.35069444444446,851.1594827586207,359.73387096774195,688.3903345724907,794.3379629629629,469.9304029304029,838.3839662447257,514.0612813370474,725.9468599033817,1059.8276836158193,912.5800865800866,835.730964467005,529.5587044534414
5,853.4346153846154,892.1952662721893,751.571906354515,385.53284671532845,364.12539184952976,634.1470588235294,628.24064171123,711.314381270903,704.5104895104895,518.9157509157509,399.9923076923077,321.0559701492537,716.2164179104477,995.0592334494773,333.72514619883043,726.9300225733634,889.1784232365145,840.4595375722544,390.34131736526945,687.5396419437341,1277.416961130742,892.6859504132232,581.8148148148148,365.9036697247706,421.03663003663,410.5477941176471,511.4901960784314,441.9644268774704,468.83422459893046,640.1796875,642.6356589147287,462.6,475.8082191780822,544.3272727272728,861.0471698113207,580.9189873417722,565.5486381322958,382.0290322580645,570.1688311688312,1338.4507575757575,643.2425531914894,659.5676470588236,433.1002444987775,1057.0246305418718,684.716,945.7785977859778,470.51833740831296,704.9108527131783,382.5018867924528,695.1226053639847,738.390756302521,1194.3651685393259,609.004016064257,271.62369337979095,1292.3563218390805,772.0759493670886,651.1176470588235,676.320652173913,930.2664756446991,364.4568345323741,608.1340996168583,414.4290909090909,1253.1402714932126,313.986013986014,668.3421052631579,655.1210762331839,1146.2185185185185,983.8692307692307,558.730612244898,418.8702702702703,848.2227488151659,650.889344262295,787.0928571428572,383.9249146757679,1135.4780487804878,307.07241379310346,579.553903345725,1463.9268292682927,719.7383720930233,581.1666666666666,500.475,962.7628205128206,540.1605839416059,828.8955223880597,721.4509803921569,680.0178571428571,511.56317689530687,1024.883870967742,1428.2457627118645,950.7396226415094,543.98046875,648.4285714285714,603.4651162790698,691.5,474.24652777777777,1190.5905172413793,758.3306451612904,691.6988847583643,835.0833333333334,609.2087912087912,937.1223628691984,538.6211699164345,848.3961352657005,1318.957627118644,1249.3419913419914,1443.8071065989848,789.4736842105264
6,630.7615384615384,708.5029585798817,502.5117056856187,489.0875912408759,424.98746081504703,576.614705882353,953.6844919786096,584.8428093645485,990.6083916083916,681.7472527472528,458.17692307692306,438.79477611940297,963.9179104477612,1026.2299651567944,276.64619883040933,821.9729119638827,1346.149377593361,715.543352601156,493.57185628742513,782.6496163682865,817.5088339222615,1217.3691460055097,1030.5661375661375,697.1238532110092,541.985347985348,953.8676470588235,610.5686274509804,460.8102766798419,751.163101604278,729.84375,513.3294573643411,1067.9373134328357,842.3253424657535,1150.351515151515,705.2547169811321,397.0506329113924,719.6031128404669,547.5193548387097,672.3982683982684,1324.909090909091,835.468085106383,984.6970588235295,754.4352078239609,969.0837438423646,551.952,816.619926199262,761.9755501222494,826.1046511627907,652.222641509434,814.3333333333334,808.1470588235294,1654.2865168539327,794.5823293172691,317.8745644599303,1216.344827586207,1112.8649789029537,545.3205882352942,452.42391304347825,755.0343839541547,298.5071942446043,751.5325670498084,482.12363636363636,1283.7556561085973,356.0034965034965,940.1315789473684,1000.0448430493274,892.4703703703703,1293.5615384615385,850.8367346938776,625.918918918919,985.5734597156398,810.6598360655738,612.675,691.9453924914676,1039.439024390244,323.52758620689656,697.096654275093,1348.3219512195121,912.0232558139535,1327.7469135802469,691.559375,598.9423076923077,806.2810218978102,920.4776119402985,913.3774509803922,843.21875,1273.4332129963898,1017.6322580645161,1430.7966101694915,859.9622641509434,549.578125,591.6910299003322,595.6325581395349,1108.892857142857,510.6388888888889,1453.0172413793102,1417.1370967741937,1181.0743494423791,1025.0740740740741,1242.029304029304,964.0928270042194,569.200557103064,1302.7971014492753,1887.8813559322034,1293.5887445887445,1669.0964467005076,890.251012145749
7,504.66153846153844,490.6094674556213,456.5752508361204,437.3211678832117,570.9717868338558,421.9,1048.6524064171124,610.1404682274248,809.9335664335664,1034.4285714285713,798.6538461538462,545.3246268656717,686.9701492537314,789.2229965156795,223.56432748538012,836.7765237020316,942.4730290456431,696.9797687861271,739.9640718562874,797.9616368286445,653.5759717314488,1042.3305785123966,1112.0899470899471,797.1857798165138,652.3882783882784,1088.610294117647,774.3305322128851,566.1422924901186,715.1737967914438,857.17578125,859.1705426356589,752.4477611940298,1264.9178082191781,900.6696969696969,657.3364779874214,403.56455696202534,801.4474708171206,945.4290322580645,1122.6277056277056,1297.2272727272727,1154.5787234042552,1182.7970588235294,1344.8117359413202,1245.2413793103449,425.98,875.4723247232472,1345.3374083129584,1065.0658914728683,802.3509433962264,872.4827586206897,1134.7478991596638,1251.8483146067415,824.7871485943775,422.86411149825784,1144.528735632184,1632.3164556962026,806.0029411764706,375.76630434782606,856.1661891117478,395.2014388489209,915.4061302681993,634.7818181818182,954.6561085972851,459.0104895104895,1190.625,993.8071748878924,822.7888888888889,1101.5807692307692,1337.265306122449,1249.6108108108108,847.6018957345972,1124.045081967213,600.65,989.8600682593857,970.1756097560975,387.5827586206897,814.2044609665428,1055.2731707317073,820.703488372093,1343.6666666666667,933.753125,485.7724358974359,1352.9379562043796,900.820895522388,1064.6176470588234,1141.34375,1213.9097472924188,720.9741935483871,835.3008474576271,889.5018867924529,872.9921875,641.1362126245847,576.6279069767442,1071.6734693877552,705.1493055555555,1456.0172413793102,874.2016129032259,1109.0297397769516,1247.111111111111,1247.4358974358975,1256.6413502109704,517.0139275766016,1626.9420289855072,1974.7937853107344,1340.1818181818182,1140.8984771573605,1156.1497975708503
8,438.3,477.6775147928994,409.628762541806,665.6131386861314,743.9216300940438,408.7970588235294,843.8155080213904,737.6254180602007,619.4825174825174,1243.8974358974358,1134.4923076923078,903.7164179104477,499.10074626865674,564.8048780487804,234.31578947368422,610.1873589164785,739.0082987551867,919.8265895953757,537.7365269461078,729.5907928388747,551.5123674911661,768.1928374655647,703.5343915343915,903.2912844036697,1175.5787545787546,690.1801470588235,777.1736694677871,735.5138339920949,614.7540106951872,717.14453125,1145.8255813953488,892.7850746268657,998.6917808219179,886.3272727272728,651.6446540880503,487.0253164556962,1103.5603112840467,961.9806451612903,770.3290043290043,1120.3598484848485,820.2851063829787,923.9323529411764,1137.2151589242053,1065.128078817734,1000.528,684.0738007380074,1069.7530562347188,1124.2790697674418,554.2641509433962,1175.5632183908046,1028.0378151260504,846.7191011235955,600.5983935742972,561.9059233449477,783.0919540229885,1252.8101265822784,1002.15,310.7826086956522,743.541547277937,565.6510791366907,921.7969348659004,750.0109090909091,644.8552036199095,636.2132867132867,1048.3651315789473,892.1434977578475,658.0555555555555,867.5423076923076,930.5673469387755,1216.7351351351351,659.0805687203791,1203.1844262295083,768.8821428571429,703.3686006825939,859.790243902439,575.9758620689655,891.7063197026023,628.619512195122,502.88953488372096,889.0555555555555,895.6625,804.7692307692307,1104.9270072992701,633.2388059701492,975.0784313725491,1332.1785714285713,666.2490974729242,586.5451612903225,817.8983050847457,748.5056603773585,999.23828125,671.5813953488372,480.13023255813954,761.295918367347,947.5451388888889,1344.573275862069,666.608870967742,817.9442379182157,1172.8148148148148,908.0989010989011,1295.2869198312237,448.1058495821727,1411.280193236715,2206.8192090395482,1024.95670995671,767.269035532995,1060.7004048582996
9,535.2192307692308,449.5147928994083,396.7157190635451,596.8515815085158,813.5736677115988,582.8352941176471,490.19786096256684,715.7993311036789,527.6958041958042,714.3113553113553,598.4333333333333,815.6716417910447,588.1007462686567,478.91289198606273,460.1929824561403,476.6297968397291,549.8755186721992,907.8121387283237,500.20359281437123,638.2915601023018,528.1024734982332,553.4132231404959,386.5291005291005,511.6032110091743,927.959706959707,426.9889705882353,872.5238095238095,1147.4545454545455,474.5,534.65234375,880.3527131782946,877.6567164179105,532.2808219178082,680.9151515151515,539.4685534591194,405.40759493670885,984.3229571984435,607.0354838709677,649.4285714285714,721.0530303030303,639.6382978723404,511.6264705882353,829.2029339853301,877.3251231527094,702.344,627.070110701107,708.6503667481662,1102.4418604651162,463.6490566037736,838.007662835249,1120.6638655462184,608.056179775281,514.1325301204819,537.4355400696865,764.8084291187739,1319.0168776371308,1005.9382352941177,329.9782608695652,877.458452722063,730.9640287769785,994.7164750957854,981.3854545454545,552.9276018099547,924.993006993007,799.5559210526316,718.8923766816143,676.6222222222223,969.1769230769231,1050.2204081632653,1064.372972972973,878.8909952606635,852.516393442623,941.5714285714286,729.3822525597269,682.4634146341464,724.0620689655173,902.5353159851301,408.5609756097561,361.6279069767442,666.1975308641976,1111.15625,954.9166666666666,773.1715328467153,442.8606965174129,850.2892156862745,1004.75,521.0036101083033,453.2903225806452,875.2881355932203,711.0264150943397,878.734375,880.5548172757475,362.54418604651164,896.6530612244898,1047.1215277777778,1210.6939655172414,831.2983870967741,775.8996282527881,1029.3101851851852,1092.2271062271063,984.8649789029536,386.3649025069638,1378.1256038647343,2124.008474576271,884.5930735930735,962.1725888324873,837.6882591093117
10,495.2846153846154,523.2810650887574,305.1170568561873,614.0267639902677,830.7523510971787,667.8823529411765,416.17914438502675,421.4247491638796,385.36013986013984,478.43956043956047,316.9076923076923,602.0,414.1194029850746,473.0522648083624,469.3859649122807,384.3273137697517,436.3153526970954,623.1878612716763,442.47305389221555,416.4117647058824,415.7879858657244,490.58677685950414,274.25132275132273,390.5802752293578,536.7728937728938,323.53308823529414,757.1064425770309,1050.7193675889328,338.668449197861,736.5390625,732.0,838.2597014925373,428.6027397260274,444.23030303030305,429.4308176100629,454.43544303797466,806.6809338521401,472.26774193548385,989.3290043290043,513.4545454545455,454.26382978723404,325.34411764705885,582.5672371638142,745.448275862069,380.948,590.3247232472324,554.2542787286063,852.7713178294574,436.8188679245283,592.2528735632184,930.9495798319327,364.0112359550562,474.0120481927711,520.4878048780488,718.4865900383141,1209.7932489451478,913.0823529411765,354.98369565217394,847.2091690544413,682.043165467626,807.1724137931035,1254.4836363636364,367.8552036199095,1277.2307692307693,811.3388157894736,737.2421524663677,764.5148148148148,890.7115384615385,1280.873469387755,709.4864864864865,966.175355450237,592.516393442623,933.4,774.7610921501706,661.0243902439024,862.9068965517241,1051.007434944238,420.26341463414633,376.04651162790697,614.2716049382716,950.90625,923.9391025641025,735.5985401459855,408.9452736318408,1063.25,1037.0625,610.2743682310469,655.0903225806452,724.5169491525423,618.8754716981132,864.96484375,905.7475083056478,403.29767441860463,969.3214285714286,966.2395833333334,1044.2974137931035,807.1451612903226,691.368029739777,916.3564814814815,1278.5238095238096,849.8818565400844,424.899721448468,1164.9227053140096,2441.3474576271187,867.2380952380952,1092.4467005076142,635.165991902834
11,361.5923076923077,388.46449704142015,252.93979933110367,528.0900243309003,771.9059561128527,490.2,347.24598930481284,322.3545150501672,284.8111888111888,391.25274725274727,212.26666666666668,437.10074626865674,277.0410447761194,390.98954703832754,337.1637426900585,302.4198645598194,301.68879668049794,485.1445086705202,349.6137724550898,341.83631713554985,325.36042402826854,465.6198347107438,191.02910052910053,283.7178899082569,451.84249084249086,227.16176470588235,582.9719887955182,728.3754940711462,301.4598930481283,804.48828125,575.3139534883721,559.9492537313433,308.9417808219178,271.90909090909093,393.937106918239,476.2126582278481,664.5992217898832,419.1193548387097,1069.012987012987,348.4886363636364,409.48936170212767,232.38529411764705,401.6039119804401,559.3152709359606,281.096,547.0036900369004,471.03911980440097,709.6201550387597,569.011320754717,484.7394636015326,622.3403361344538,326.34831460674155,555.1726907630522,569.1114982578397,548.2490421455939,831.9367088607595,820.2264705882353,381.57608695652175,716.3008595988539,840.6618705035971,535.9157088122605,1099.9672727272728,363.02714932126696,1180.8916083916083,1005.3125,622.2556053811659,756.9740740740741,661.9961538461539,1169.0122448979591,492.9135135135135,855.175355450237,447.10655737704917,1049.5321428571428,805.2491467576792,578.6487804878049,1087.9689655172415,1174.4498141263941,466.88780487804877,882.9825581395348,975.0432098765432,808.440625,745.724358974359,550.8686131386861,569.9303482587064,1198.4019607843138,1010.0223214285714,811.7075812274368,576.3064516129032,590.3813559322034,934.9735849056603,693.83984375,710.3156146179402,554.3720930232558,1133.295918367347,742.5208333333334,1443.4224137931035,775.6814516129032,545.3903345724907,993.5972222222222,892.1868131868132,903.2742616033755,566.8050139275766,973.5990338164252,2441.186440677966,1434.3636363636363,842.010152284264,461.55465587044534
12,318.4769230769231,308.61242603550295,454.94983277591973,575.2360097323601,559.9905956112852,422.96176470588233,271.3449197860963,313.68896321070235,253.05944055944056,310.7802197802198,172.80769230769232,373.5261194029851,254.8582089552239,379.1637630662021,274.6900584795322,315.31376975169303,233.35684647302904,392.28901734104045,249.79341317365268,293.7570332480818,348.02120141342755,408.6942148760331,167.1984126984127,223.80733944954127,472.6630036630037,240.36764705882354,452.11484593837537,452.7628458498024,231.91978609625667,620.5859375,466.4496124031008,356.42388059701494,257.94520547945206,208.03636363636363,437.29245283018867,512.946835443038,548.2101167315175,310.98387096774195,836.3463203463203,284.1060606060606,384.02553191489363,203.50882352941176,295.4498777506112,427.4729064039409,360.312,606.2287822878229,392.2469437652812,625.8527131782946,534.0377358490566,406.632183908046,479.1386554621849,290.80337078651684,514.9598393574297,591.1811846689895,395.2068965517241,563.8945147679325,665.6294117647059,378.70108695652175,518.9656160458453,806.341726618705,559.3793103448276,672.5454545454545,377.03619909502265,930.1468531468531,1033.6907894736842,630.1838565022422,669.3703703703703,484.07307692307694,1364.187755102041,433.72972972972974,839.9763033175356,400.2090163934426,1242.857142857143,938.0341296928327,545.5268292682927,781.6241379310345,1332.5018587360594,550.0780487804878,1183.3023255813953,1235.8024691358025,623.86875,557.9423076923077,417.7043795620438,796.3383084577115,1053.671568627451,812.1919642857143,738.9314079422383,430.33870967741933,500.2457627118644,1010.3811320754717,533.60546875,571.295681063123,541.0,988.0714285714286,541.4895833333334,1662.5646551724137,706.4032258064516,504.457249070632,1069.9074074074074,552.0842490842491,901.0337552742616,584.150417827298,1334.743961352657,2166.960451977401,1649.7099567099567,633.0913705583756,424.8987854251012
13,354.21923076923076,288.6923076923077,700.38127090301,467.9951338199513,415.25705329153607,446.6411764705882,224.72727272727272,269.6588628762542,236.0174825174825,251.7948717948718,158.8230769230769,317.42537313432837,241.1492537313433,335.7177700348432,247.80994152046785,284.9638826185102,232.23236514522821,399.4797687861272,225.73952095808383,309.61636828644504,407.69964664310953,358.41046831955924,184.54497354497354,190.83256880733944,428.16483516483515,271.30882352941177,350.7787114845938,290.60474308300394,227.72994652406416,530.875,409.4263565891473,266.4686567164179,278.61986301369865,204.84242424242424,414.3050314465409,473.4886075949367,469.4630350194553,254.70967741935485,677.8961038961039,256.875,457.21276595744683,239.9,356.60146699266505,448.7586206896552,407.612,666.3468634686346,369.5378973105135,523.7364341085271,602.7283018867925,402.72796934865903,546.6176470588235,270.1292134831461,599.8755020080321,480.41811846689893,419.7011494252874,503.7257383966245,672.7323529411765,377.48369565217394,409.0630372492837,823.2302158273382,745.4367816091954,668.1381818181818,547.7692307692307,670.8811188811189,809.3980263157895,845.4125560538116,878.8962962962963,359.9769230769231,1004.0938775510205,464.5027027027027,843.7725118483412,350.0,978.075,893.4744027303755,661.4487804878049,500.4896551724138,1198.5985130111524,716.8,1105.5348837209303,1030.962962962963,554.975,397.4647435897436,347.2299270072993,813.8955223880597,756.2598039215686,685.3214285714286,617.9458483754513,353.64516129032256,418.3050847457627,907.7132075471698,541.609375,452.27906976744185,493.73023255813956,1123.8520408163265,462.15625,1341.301724137931,718.2016129032259,602.7732342007434,983.8101851851852,435.15384615384613,955.4556962025316,603.6880222841226,1215.9710144927535,2167.271186440678,1666.025974025974,606.8832487309645,423.80161943319837
14,338.6115384615385,404.31360946745565,500.31772575250835,416.7810218978102,387.15047021943576,468.84411764705885,267.82620320855614,247.2742474916388,245.3181818181818,272.5128205128205,148.2128205128205,302.0223880597015,227.28731343283582,349.13240418118465,233.07309941520467,272.31376975169303,252.74273858921163,490.3179190751445,195.65269461077844,383.5217391304348,490.97879858657245,334.44628099173553,188.62962962962962,182.454128440367,325.7399267399267,288.8382352941176,394.1512605042017,252.33596837944663,222.2566844919786,483.80078125,324.9186046511628,252.84776119402986,305.77054794520546,279.8909090909091,381.9339622641509,339.06835443037977,485.4863813229572,268.39032258064515,558.2467532467532,295.1818181818182,539.2425531914894,257.1470588235294,389.17359413202934,1179.64039408867,556.056,746.4280442804428,355.39853300733495,779.8953488372093,562.011320754717,500.62452107279694,527.2394957983194,296.37640449438203,576.0923694779117,407.25783972125436,462.02681992337165,488.70042194092827,550.6558823529411,447.1141304347826,442.2234957020057,1010.0359712230215,717.6360153256705,318.3127272727273,858.0723981900453,520.5034965034965,859.1611842105264,846.3004484304932,763.0851851851852,325.49615384615385,815.0408163265306,559.7405405405406,864.1658767772511,317.3032786885246,775.7107142857143,851.7747440273038,1201.7365853658537,353.0310344827586,1175.8513011152415,823.4195121951219,796.3720930232558,998.6358024691358,723.584375,314.94871794871796,365.63868613138686,830.0049751243781,560.25,711.2857142857143,585.5956678700361,342.7096774193548,520.1610169491526,827.3811320754717,505.890625,391.33887043189367,464.34418604651165,950.3265306122449,327.8958333333333,1162.7025862068965,848.6895161290323,760.3754646840149,1010.6111111111111,666.959706959707,975.0717299578059,609.3036211699165,1015.2753623188406,1962.8531073446327,1398.2294372294373,740.8781725888325,579.1417004048583
15,339.2076923076923,571.6390532544378,361.95652173913044,348.3698296836983,275.9435736677116,431.2323529411765,283.2807486631016,268.1170568561873,252.3006993006993,274.53479853479854,159.1153846153846,271.97014925373134,261.94776119402985,352.219512195122,240.54970760233917,319.3476297968397,242.4813278008299,496.0895953757225,208.03592814371257,515.6317135549872,688.0459363957597,403.13774104683193,196.3968253968254,201.18577981651376,289.6227106227106,287.38235294117646,383.19607843137254,219.64426877470356,216.73529411764707,538.140625,304.5503875968992,239.91044776119404,333.513698630137,320.72121212121215,354.1446540880503,226.85822784810128,450.579766536965,282.21612903225804,517.5670995670996,366.0378787878788,501.6468085106383,269.8794117647059,325.1515892420538,1131.4532019704434,467.628,596.3616236162362,342.49877750611245,1284.4108527131782,489.18490566037735,541.0613026819923,537.953781512605,294.1011235955056,663.1927710843373,443.01742160278746,535.5095785440614,437.23628691983123,519.8882352941176,498.9130434782609,762.5358166189112,710.3489208633093,768.0498084291188,638.0472727272727,1007.4343891402715,402.2062937062937,1106.703947368421,1097.4529147982062,749.437037037037,414.43461538461537,719.7469387755102,1102.0702702702702,986.3080568720379,541.110655737705,643.8428571428572,565.3856655290102,1104.7560975609756,280.92758620689654,1326.728624535316,1243.4634146341464,926.2790697674419,1104.7592592592594,953.490625,327.05128205128204,369.47080291970804,817.3830845771145,490.12254901960785,1168.0401785714287,723.6570397111914,382.30967741935484,939.8093220338983,892.5245283018868,393.90234375,307.4485049833887,444.45581395348836,793.8826530612245,294.18402777777777,1113.4913793103449,947.991935483871,827.1672862453531,949.6018518518518,1215.3846153846155,1186.8902953586498,626.6768802228412,1125.512077294686,1836.6242937853108,1304.1948051948052,798.5482233502538,888.3967611336033
16,465.66153846153844,504.72189349112426,273.76254180602007,313.345498783455,303.38244514106583,501.24411764705883,480.8048128342246,282.8695652173913,334.96853146853147,359.32234432234435,161.66666666666666,272.7686567164179,367.4029850746269,340.49477351916374,244.7485380116959,340.31376975169303,316.3153526970954,876.4537572254335,208.16467065868264,505.0255754475703,716.2402826855124,433.1322314049587,216.65079365079364,205.31880733944953,328.42490842490844,344.18382352941177,349.6218487394958,312.10671936758894,247.62299465240642,806.4453125,332.2596899224806,224.80597014925374,416.3253424657534,319.6878787878788,333.7358490566038,271.1746835443038,444.6420233463035,276.0032258064516,514.930735930736,484.14772727272725,412.08936170212763,280.3058823529412,370.18581907090464,854.768472906404,454.864,591.280442804428,369.51100244498775,1042.0,566.7056603773585,520.4329501915709,547.4453781512605,337.1741573033708,738.4658634538152,537.2508710801394,691.4827586206897,464.32067510548524,531.9441176470589,446.44565217391306,923.3610315186246,743.568345323741,796.5555555555555,963.8618181818182,830.6289592760181,359.15734265734267,1147.654605263158,928.3273542600897,616.5444444444445,490.78076923076924,585.7551020408164,1202.8216216216217,831.5639810426541,687.7377049180328,666.9678571428572,364.0068259385666,995.2146341463415,236.69310344827585,1333.9256505576209,1086.9317073170732,1110.7093023255813,1034.5925925925926,1083.209375,325.4583333333333,368.0948905109489,848.9900497512438,446.1127450980392,1179.9375,868.8158844765343,539.3903225806451,777.8347457627119,985.5622641509434,362.30078125,287.16279069767444,478.3720930232558,1069.204081632653,398.09027777777777,1165.4353448275863,745.2822580645161,749.7806691449814,1013.8888888888889,1291.4945054945056,1408.4556962025317,661.5181058495822,1332.1690821256038,1830.1016949152543,1407.4848484848485,729.3045685279188,731.6882591093117
17,507.41923076923075,440.1834319526627,252.05685618729098,295.45498783454985,613.0188087774295,416.22352941176473,551.8288770053476,327.7725752508361,365.83916083916085,489.3260073260073,158.43076923076924,255.96641791044777,328.18283582089555,408.1602787456446,220.03508771929825,327.5846501128668,292.5850622406639,684.1127167630058,229.72155688622755,430.7979539641944,484.4911660777385,407.4931129476584,221.07142857142858,204.72935779816513,328.24908424908426,312.68382352941177,359.73389355742296,301.7470355731225,274.0,610.83203125,358.4418604651163,234.17014925373135,402.013698630137,428.4787878787879,397.814465408805,264.49873417721517,418.9922178988327,316.28387096774196,468.965367965368,464.2613636363636,488.69787234042553,363.47352941176473,570.2518337408313,794.5714285714286,358.152,662.6715867158672,416.58190709046454,788.3410852713179,627.7509433962264,532.463601532567,608.6260504201681,450.25280898876406,644.847389558233,560.7630662020906,1379.2835249042146,777.8565400843881,543.0735294117648,565.4565217391304,751.5873925501432,728.1690647482014,718.6283524904214,799.3345454545455,777.6380090497737,346.6363636363636,1002.891447368421,785.7354260089686,740.8111111111111,683.4346153846154,433.5795918367347,1092.3405405405406,894.3270142180095,641.2581967213115,774.6857142857143,323.67235494880543,1204.2341463414634,255.98275862068965,1356.8847583643123,1213.3902439024391,886.9069767441861,1085.7037037037037,1057.1875,299.9166666666667,394.1021897810219,780.6616915422885,585.0490196078431,1398.263392857143,850.4007220216606,673.5935483870968,903.2372881355932,1017.9924528301887,369.87890625,319.22591362126246,713.5069767441861,1172.7295918367347,620.2847222222222,1484.198275862069,630.9556451612904,651.1263940520446,1024.4583333333333,1248.018315018315,1358.7426160337552,723.7688022284123,1451.3623188405797,2096.0593220338983,1687.2727272727273,621.6446700507614,591.9068825910931
18,391.2923076923077,290.94674556213016,266.2173913043478,298.72019464720194,584.6802507836991,331.0705882352941,538.3422459893048,317.8829431438127,277.6818181818182,452.7728937728938,164.24615384615385,241.87313432835822,278.5149253731343,462.64808362369337,153.84795321637426,280.67720090293454,268.39834024896265,474.5028901734104,221.7185628742515,381.83375959079285,349.73851590106005,368.17906336088157,700.9814814814815,203.84633027522935,317.16483516483515,407.8602941176471,410.17366946778714,310.29249011857706,246.6951871657754,563.41796875,327.1937984496124,261.8,413.208904109589,515.3909090909091,348.52515723270443,274.3620253164557,352.1089494163424,317.94193548387096,502.1212121212121,480.31060606060606,626.0382978723404,539.1323529411765,557.1687041564792,1074.088669950739,310.46,625.7269372693727,406.38141809290954,593.3178294573644,582.1962264150943,701.727969348659,723.6470588235294,1174.6516853932585,593.281124497992,465.14285714285717,1141.0996168582376,738.9029535864979,481.8911764705882,693.8967391304348,518.785100286533,572.5791366906475,784.272030651341,606.3018181818181,582.7239819004525,309.03846153846155,851.2861842105264,718.8789237668161,666.8555555555556,769.7307692307693,473.28979591836736,975.7297297297297,869.8388625592418,555.4549180327868,929.0785714285714,409.12286689419795,1066.5951219512194,231.94827586206895,1164.992565055762,977.6536585365853,831.3837209302326,1226.3950617283951,1068.703125,307.46794871794873,512.9233576642335,697.0049751243781,968.7107843137255,1559.1651785714287,819.6353790613719,658.7516129032258,973.7415254237288,942.0075471698113,421.2578125,358.6544850498339,677.1395348837209,1147.3979591836735,671.2638888888889,1782.5862068965516,832.2822580645161,685.1561338289963,959.8703703703703,1206.1062271062272,1222.2067510548522,710.6267409470752,1417.5555555555557,1944.0649717514125,1864.6666666666667,761.5126903553299,526.497975708502
19,471.88461538461536,624.9408284023668,433.3478260869565,550.250608272506,549.4952978056426,802.3235294117648,628.7727272727273,503.82274247491637,473.3006993006993,682.9487179487179,372.84871794871793,462.77985074626866,472.65671641791045,831.9686411149826,357.4561403508772,465.55756207674943,515.3029045643153,513.7745664739884,510.4820359281437,783.2199488491049,569.7349823321555,565.0716253443526,787.4100529100529,402.07798165137615,489.38827838827837,617.2683823529412,844.7310924369748,525.1739130434783,435.6764705882353,701.5703125,505.50387596899225,460.844776119403,583.5376712328767,699.9363636363636,585.2044025157232,468.326582278481,530.5369649805448,567.3,805.5670995670996,659.6174242424242,1294.7106382978723,716.4470588235295,698.0342298288508,1152.743842364532,516.744,704.830258302583,713.757946210269,673.4922480620155,917.6452830188679,900.7701149425287,1072.3487394957983,1370.9831460674156,788.8915662650602,919.2508710801394,1106.8007662835248,802.6413502109705,668.1294117647059,847.179347826087,634.1346704871061,647.1978417266187,997.3409961685824,676.5636363636364,677.8235294117648,605.8286713286714,967.8519736842105,1093.8026905829597,928.9962962962964,1029.5076923076922,696.9673469387756,953.6486486486486,1074.218009478673,807.4631147540983,1333.9642857142858,725.6723549488055,1005.1317073170732,450.3758620689655,1344.8364312267659,1251.9024390243903,1241.5639534883721,1469.3395061728395,1125.1375,523.6410256410256,1043.8248175182482,829.8109452736319,1470.063725490196,1836.3169642857142,1068.3357400722023,875.4096774193548,1274.6398305084747,1138.5622641509433,676.234375,583.312292358804,922.8418604651163,1308.734693877551,760.8159722222222,1848.2543103448277,1209.866935483871,1082.7806691449814,1158.3472222222222,1055.3846153846155,1701.4261603375528,1014.208913649025,1721.4927536231885,2021.4915254237287,1949.3376623376623,1018.0913705583756,840.0242914979757
20,408.1576923076923,678.3461538461538,477.8428093645485,603.5474452554745,447.5329153605016,731.9705882352941,520.9144385026738,582.1404682274248,461.8986013986014,631.945054945055,364.6307692307692,497.89925373134326,462.6305970149254,1157.1080139372823,356.187134502924,482.9548532731377,560.5933609958506,471.16184971098266,477.08383233532936,672.2148337595908,625.6148409893993,564.633608815427,584.6507936507936,407.38990825688074,522.6080586080586,579.1838235294117,818.6358543417367,494.4150197628459,474.64973262032083,622.99609375,493.5387596899225,476.5641791044776,616.2842465753424,652.7969696969697,502.02830188679246,532.6050632911392,596.8599221789883,539.8064516129032,1075.2251082251082,648.1780303030303,1383.1404255319148,649.7617647058823,643.6528117359413,955.5812807881773,541.344,574.0369003690037,827.5061124694377,736.5852713178294,1083.3962264150944,808.5555555555555,1091.9705882352941,1072.5,813.0763052208836,1447.0905923344949,867.6053639846743,706.5864978902954,706.6676470588235,722.0054347826087,594.0143266475644,531.8956834532374,1002.264367816092,620.16,573.683257918552,603.1223776223776,885.4243421052631,1300.4618834080718,1021.3592592592593,997.7538461538461,639.2938775510204,965.3513513513514,1062.521327014218,919.6803278688525,1341.517857142857,649.2969283276451,1133.1317073170733,473.77241379310345,1294.5762081784387,892.619512195122,1518.9360465116279,1476.283950617284,1149.08125,540.7852564102565,1366.7627737226278,866.4676616915423,1281.8088235294117,1724.857142857143,1096.5487364620938,1194.541935483871,1347.7542372881355,1156.3849056603774,772.27734375,611.890365448505,910.8976744186047,1383.5663265306123,715.1388888888889,2019.4439655172414,1347.766129032258,1190.6096654275093,1184.662037037037,875.4908424908425,1675.9071729957807,1041.6128133704735,1718.4347826086957,1919.5254237288136,1964.2121212121212,946.1827411167512,1076.9473684210527
21,517.6846153846154,622.0473372781065,707.8394648829432,580.8540145985402,434.86206896551727,568.4735294117647,465.7085561497326,723.6555183946489,415.3776223776224,535.8571428571429,369.92820512820515,504.3694029850746,525.4253731343283,722.0452961672474,371.546783625731,506.30699774266367,513.1867219917012,459.5433526011561,436.2874251497006,608.8286445012787,637.8268551236749,530.1625344352617,487.978835978836,402.5389908256881,629.8058608058608,573.7610294117648,874.2577030812325,491.77470355731225,442.524064171123,567.6328125,547.5852713178294,494.7014925373134,621.9075342465753,557.4212121212121,479.7987421383648,447.82025316455696,536.0700389105058,538.916129032258,844.2077922077922,748.5454545454545,1322.0340425531915,605.4058823529411,595.119804400978,782.3054187192118,722.868,767.2435424354244,756.7701711491443,807.1240310077519,1019.3849056603774,916.9731800766283,1003.7731092436975,965.5786516853933,1044.8393574297188,1141.2682926829268,660.6819923371647,651.1476793248945,785.964705882353,602.9619565217391,685.1805157593124,656.7841726618705,872.6590038314176,574.4981818181818,572.7239819004525,560.7237762237762,1330.7368421052631,1224.408071748879,967.9333333333333,974.2923076923076,669.1102040816327,956.3945945945947,1015.473933649289,871.7131147540983,1099.8321428571428,661.1467576791808,880.770731707317,487.9413793103448,1335.4126394052046,667.209756097561,1405.703488372093,1429.8333333333333,1092.6,529.3365384615385,1197.7956204379561,929.1542288557214,1063.799019607843,1540.0714285714287,1082.7725631768953,983.9129032258064,1007.3177966101695,1150.645283018868,771.34375,593.2126245847176,931.1813953488372,1353.188775510204,678.5173611111111,2015.6724137931035,1284.4153225806451,980.8847583643122,1187.0092592592594,1325.021978021978,1540.8481012658228,1013.7688022284123,1670.1062801932367,1861.6666666666667,1909.8311688311687,942.8730964467005,1167.6032388663969
22,574.1576923076923,667.0887573964498,769.418060200669,687.2287104622872,503.34796238244513,795.2911764705882,452.35561497326205,917.5551839464883,451.1748251748252,516.3919413919414,377.0282051282051,561.8432835820895,482.82089552238807,762.9512195121952,496.05847953216374,595.9638826185102,507.6929460580913,558.1040462427745,410.85928143712573,562.8158567774937,600.8833922261484,513.3305785123966,457.36772486772486,403.39220183486236,680.025641025641,595.25,716.9551820728291,542.7075098814229,426.26737967914437,521.31640625,640.8139534883721,478.20597014925374,589.3116438356165,502.5969696969697,496.6383647798742,571.020253164557,663.692607003891,523.7483870967742,761.8008658008658,693.1060606060606,1118.523404255319,656.4029411764706,570.2127139364303,648.4187192118227,743.948,917.1734317343173,634.9095354523228,855.4806201550388,1036.656603773585,915.9731800766283,783.09243697479,856.3820224719101,1150.3373493975903,694.9059233449477,582.3563218390805,590.6244725738396,865.064705882353,564.4184782608696,828.2063037249284,717.0143884892086,748.3716475095786,524.32,610.5384615384615,525.9230769230769,1549.0427631578948,1321.2600896860986,895.5333333333333,1077.9307692307693,866.1877551020408,1093.5513513513513,1092.691943127962,906.0040983606557,823.9285714285714,791.0170648464164,786.0536585365853,506.5,1403.2453531598512,556.6,1321.656976744186,1383.179012345679,1084.2,541.0448717948718,1185.6678832116788,981.726368159204,986.2647058823529,1604.674107142857,1226.5270758122745,822.9580645161291,815.4618644067797,1117.554716981132,848.51171875,603.6146179401993,950.0046511627907,1323.4744897959183,606.40625,2037.2672413793102,1322.1451612903227,1009.992565055762,1163.361111111111,1617.142857142857,1799.9198312236288,1071.1894150417827,1704.574879227053,1996.0649717514125,1917.6277056277056,1069.243654822335,1415.931174089069
23,688.4423076923077,717.5828402366864,595.3612040133779,619.6520681265207,466.6551724137931,785.4323529411764,603.8877005347593,708.3344481605351,543.8881118881119,500.4432234432234,375.2564102564103,552.3022388059702,587.3880597014926,779.7839721254355,453.9970760233918,685.1241534988714,610.448132780083,669.4450867052024,483.8532934131737,708.5549872122762,562.5194346289753,513.0661157024794,457.22486772486775,396.72477064220186,853.5824175824176,743.3382352941177,776.1316526610644,773.0830039525691,445.88770053475935,783.6953125,943.6511627906976,477.00597014925376,606.7842465753424,516.1939393939394,475.20440251572325,758.0556962025316,993.5758754863813,514.3774193548387,735.2467532467532,684.5075757575758,936.7446808510638,932.7264705882353,624.2371638141809,1012.6453201970444,878.764,711.7785977859778,629.3545232273839,737.2906976744187,1071.6037735849056,797.8122605363984,757.6638655462185,726.1966292134831,1265.2168674698796,524.8954703832752,694.6666666666666,629.1223628691984,908.6411764705882,615.9184782608696,789.2292263610315,578.6690647482014,781.5862068965517,532.8036363636363,815.1628959276018,560.1433566433567,1341.1809210526317,1306.2331838565021,922.0111111111111,1193.3423076923077,1109.6775510204081,1098.0702702702702,1178.2322274881517,1122.0983606557377,723.5571428571428,930.5017064846417,1040.9560975609756,540.6,1604.631970260223,579.9414634146342,1676.2151162790697,1344.8765432098764,1117.96875,562.6891025641025,1475.2591240875913,1131.9303482587065,988.2696078431372,1760.205357142857,1298.2960288808665,777.7903225806451,1046.2457627118645,1119.7962264150945,1161.51171875,599.5382059800664,1009.2558139534884,1326.9234693877552,600.4201388888889,2135.4612068965516,1271.8104838709678,1106.7100371747213,1123.398148148148,1630.1172161172162,1750.4683544303798,1137.568245125348,1749.584541062802,2099.5423728813557,1945.5541125541126,1101.1827411167512,1413.4453441295548
24,632.3153846153846,799.3431952662722,486.81605351170566,657.425790754258,505.09090909090907,740.0970588235294,614.620320855615,760.8795986622074,582.979020979021,574.6373626373627,372.2897435897436,577.9365671641791,592.955223880597,679.5470383275261,435.5204678362573,684.1422121896162,851.5311203319502,694.135838150289,455.7065868263473,627.1534526854219,599.9328621908127,573.2589531680441,499.7936507936508,407.2224770642202,935.2747252747253,942.9889705882352,716.5070028011204,1075.1462450592885,424.01069518716577,749.12890625,1019.7131782945736,478.7253731343284,615.8938356164383,574.7666666666667,454.7327044025157,979.3012658227848,1078.8132295719845,489.71612903225804,745.5454545454545,623.8371212121212,906.7404255319149,836.1882352941177,624.119804400978,1715.6009852216748,887.44,654.9483394833949,669.1149144254279,1022.4263565891473,1112.3094339622642,701.6321839080459,1073.2899159663866,752.5449438202247,1048.686746987952,482.37630662020905,927.9157088122605,683.2236286919831,939.3,643.4673913043479,838.6991404011461,630.0,876.9003831417624,603.9672727272728,1080.1221719457014,604.8461538461538,1123.4144736842106,1218.932735426009,946.7925925925925,1174.6384615384616,1256.6,1402.8486486486486,1026.9763033175354,1169.8237704918033,694.8321428571429,1167.8156996587031,1170.5658536585365,532.6586206896552,1565.9776951672864,640.8146341463415,1648.360465116279,1386.1296296296296,1056.4125,586.2564102564103,1417.3175182481752,1124.1442786069651,970.1225490196078,1834.9285714285713,1289.1191335740073,680.7741935483871,1558.8940677966102,1114.6641509433962,1453.6171875,735.4584717607974,883.6790697674419,1231.1938775510205,644.5486111111111,2057.698275862069,1090.8951612903227,1054.996282527881,1105.0601851851852,1724.003663003663,1806.607594936709,1066.4623955431755,1730.4830917874397,1974.7288135593221,1920.4025974025974,1037.3908629441623,1481.906882591093
25,583.6923076923077,948.4142011834319,520.6020066889632,921.5279805352798,493.3103448275862,718.4794117647059,567.3235294117648,955.4983277591973,605.4475524475524,632.2600732600732,390.7435897435897,718.9589552238806,495.80970149253733,648.5749128919861,474.9093567251462,568.7810383747178,886.7759336099585,628.2832369942197,419.55988023952096,594.5626598465473,626.6537102473499,557.068870523416,518.3042328042328,417.51376146788994,708.3626373626373,1021.7536764705883,720.2156862745098,1187.4822134387352,439.5187165775401,787.91796875,904.5930232558139,490.75522388059704,643.3219178082192,679.0030303030303,491.062893081761,1026.1518987341772,1315.6225680933853,482.18709677419355,757.7012987012987,760.5757575757576,724.9063829787234,782.1794117647058,876.8753056234718,1582.5221674876848,783.156,586.0479704797048,753.6601466992665,1367.7248062015503,1310.6641509433962,635.4444444444445,1235.436974789916,629.3876404494382,890.3734939759037,423.4425087108014,975.9157088122605,684.0632911392405,1100.8117647058823,636.7282608695652,1101.3209169054442,1133.1906474820144,1282.2528735632184,593.1963636363637,1315.4841628959275,661.9685314685315,1158.0625,1281.9237668161436,1052.5037037037036,1078.6538461538462,1457.1632653061224,1435.664864864865,1044.0094786729858,931.3196721311475,773.0857142857143,1408.8225255972695,1401.6731707317074,478.9448275862069,1445.4423791821562,725.6390243902439,1604.2093023255813,1393.8333333333333,1228.034375,561.7628205128206,989.0620437956204,1169.9800995024875,1220.9754901960785,1816.986607142857,1364.956678700361,753.3967741935484,1495.4703389830509,1110.766037735849,1214.1015625,1428.9568106312292,945.6,1237.642857142857,960.9097222222222,2043.603448275862,896.0927419354839,1304.5576208178438,1088.8009259259259,1675.9450549450548,1859.9957805907172,1204.3398328690807,1702.743961352657,1932.2994350282486,1801.2640692640693,1316.6802030456852,1365.157894736842
26,648.0730769230769,994.9615384615385,546.3979933110368,909.4574209245742,516.2633228840125,695.5470588235294,698.9652406417113,923.5953177257525,874.7482517482517,910.1684981684982,438.9230769230769,841.4626865671642,498.7425373134328,784.9372822299651,482.89473684210526,598.2957110609481,915.5560165975104,909.2427745664739,493.5179640718563,576.1074168797954,659.3462897526501,754.7493112947658,535.074074074074,448.6192660550459,626.7912087912088,758.6985294117648,967.0028011204482,1308.8221343873518,433.2700534759358,890.22265625,840.7441860465116,518.5313432835821,697.3013698630137,1071.8727272727272,502.0157232704403,910.5974683544304,1165.750972762646,455.7,786.3722943722944,840.064393939394,682.9617021276596,858.564705882353,820.440097799511,1380.527093596059,724.152,582.8376383763838,950.6234718826406,1398.6705426356589,1171.0150943396227,642.471264367816,1117.936974789916,577.0337078651686,749.6666666666666,445.0452961672474,1195.3103448275863,664.0379746835443,1107.020588235294,669.5271739130435,986.3323782234957,1435.8525179856115,1351.3295019157088,632.8436363636364,1554.5475113122172,701.3881118881119,1376.1611842105262,1364.591928251121,1214.0296296296297,1136.0884615384616,1596.873469387755,1586.8972972972972,1208.39336492891,877.577868852459,884.1285714285714,1442.3310580204777,1657.6243902439023,515.2241379310345,1387.6133828996283,1014.0439024390244,1563.25,1373.29012345679,1235.7,560.4551282051282,1028.2481751824816,1179.228855721393,1593.887254901961,1801.7857142857142,1259.1371841155235,900.825806451613,1332.7203389830509,1086.5396226415094,1031.9921875,1415.843853820598,999.5441860465116,1255.984693877551,1055.201388888889,2058.7112068965516,968.9153225806451,1322.9665427509294,1014.3981481481482,1699.5091575091576,1864.2320675105486,1258.292479108635,1554.4444444444443,1821.4209039548023,1818.995670995671,1547.010152284264,1253.5222672064776
27,551.7038461538461,559.6568047337278,494.81939799331104,671.0948905109489,928.3761755485893,760.9617647058824,864.8903743315508,600.8160535117057,640.2202797202797,1207.069597069597,555.2179487179487,634.8432835820895,578.723880597015,1155.8257839721255,698.985380116959,382.7313769751693,699.5850622406639,1396.907514450867,627.8892215568862,883.7544757033248,554.8339222614841,664.1625344352617,685.047619047619,753.0114678899082,1005.2490842490843,825.6323529411765,1490.6526610644257,1417.5810276679842,680.5641711229947,558.453125,887.6085271317829,793.310447761194,765.777397260274,994.9545454545455,771.9433962264151,1197.8303797468354,842.2334630350194,730.3032258064516,1235.9437229437228,488.1780303030303,1684.3829787234042,786.5617647058823,554.6699266503667,944.768472906404,659.512,652.5313653136532,1831.398533007335,1226.6472868217054,1117.8,557.1340996168583,856.5126050420168,361.82022471910113,860.5421686746988,422.8397212543554,1222.6743295019157,688.0886075949367,1143.95,327.4891304347826,1390.3123209169055,675.8309352517986,1526.544061302682,553.5636363636364,1896.7194570135746,592.3321678321678,811.3026315789474,1245.1121076233185,567.9222222222222,963.4076923076923,1744.2163265306122,1683.2648648648649,1153.8388625592418,603.9016393442623,1218.55,2079.2286689419793,1663.1024390243902,418.21724137931034,694.4052044609665,2053.190243902439,1587.7674418604652,1169.1666666666667,1194.378125,475.9807692307692,1195.2408759124087,990.6169154228855,1825.8039215686274,1140.75,1510.653429602888,1182.2354838709678,1636.5,1007.4679245283019,669.91015625,739.890365448505,855.0883720930233,1138.9795918367347,630.4444444444445,986.1077586206897,1104.842741935484,1098.4200743494423,948.8935185185185,1474.3406593406594,1543.8396624472573,832.4540389972145,1251.1062801932367,722.5847457627119,705.4329004329004,1272.8223350253807,1033.3562753036438
28,328.35,631.4437869822485,499.61538461538464,329.0170316301703,306.6394984326019,528.2823529411764,685.3288770053476,438.7090301003345,448.83216783216784,856.1831501831501,251.22564102564104,455.53731343283584,327.6455223880597,651.7526132404181,232.23684210526315,520.6072234762979,666.4066390041494,637.0867052023121,318.8832335329341,743.462915601023,840.7067137809187,819.8484848484849,430.0238095238095,359.8830275229358,492.3369963369963,678.7941176470588,663.6974789915967,574.3754940711462,307.74598930481284,621.2734375,388.1162790697674,715.5970149253732,612.8972602739726,866.5545454545454,396.55974842767296,374.2632911392405,471.136186770428,355.8290322580645,798.7532467532468,564.2121212121212,558.0042553191489,456.74411764705883,411.2713936430318,612.6995073891626,441.636,430.4612546125461,723.1026894865525,772.0697674418604,475.7811320754717,466.0038314176245,798.2100840336135,492.03932584269666,849.7991967871486,271.1672473867596,1055.9731800766283,602.5822784810126,795.3529411764706,1030.1684782608695,606.7392550143267,446.3093525179856,1001.1455938697318,428.0290909090909,1033.868778280543,439.3251748251748,1001.4572368421053,1041.3856502242152,1054.4481481481482,1165.4884615384615,753.7510204081633,1209.9297297297298,966.5734597156398,902.1434426229508,1378.5214285714285,784.641638225256,1372.3365853658536,279.4068965517241,1258.4609665427508,1087.8146341463414,1392.406976744186,1122.1296296296296,1025.165625,443.7435897435897,1379.8248175182482,958.5671641791045,1188.4558823529412,1485.4732142857142,961.5126353790614,876.983870967742,1113.0677966101696,843.4792452830188,890.26171875,549.5083056478405,816.7488372093023,993.9336734693877,666.09375,1555.3146551724137,1128.8709677419354,883.8289962825279,744.4583333333334,1337.6153846153845,1498.8270042194092,969.6350974930363,1202.6763285024156,1538.861581920904,1570.3722943722944,1058.9238578680204,1274.3481781376518
29,309.28846153846155,685.5887573964498,674.0066889632106,351.6715328467153,279.2539184952978,551.0441176470588,499.41711229946526,454.74247491638795,389.15734265734267,756.6996336996338,286.26666666666665,438.4850746268657,339.42537313432837,494.3588850174216,213.78947368421052,514.9887133182845,687.5103734439834,607.8554913294797,302.1556886227545,565.4961636828644,645.0212014134275,856.2093663911845,398.010582010582,317.1467889908257,418.1904761904762,557.2242647058823,567.1148459383753,425.99209486166006,393.1149732620321,1078.48828125,446.1744186046512,597.6417910447761,613.0582191780821,982.0242424242424,731.1572327044025,274.6987341772152,484.3852140077821,423.38709677419354,804.4458874458875,1060.0,596.195744680851,433.4264705882353,404.48899755501225,514.8423645320197,459.356,563.1107011070111,612.5525672371638,648.2054263565891,716.4415094339622,533.0268199233717,904.8067226890756,521.7022471910112,867.0120481927711,304.6062717770035,1100.536398467433,975.717299578059,668.1882352941177,1086.5869565217392,646.9942693409743,613.8525179856115,722.5900383141762,541.1927272727273,766.552036199095,459.4195804195804,1131.1677631578948,995.2107623318385,1311.0666666666666,1240.6153846153845,644.9918367346938,818.4648648648649,985.8767772511849,1493.9262295081967,1165.6142857142856,519.839590443686,1221.2878048780487,279.2793103448276,1267.5947955390334,755.829268292683,1430.546511627907,1073.969135802469,941.121875,523.8269230769231,1429.2189781021898,950.7064676616916,822.6470588235294,1495.0625,991.1624548736462,753.4935483870968,846.3644067796611,799.9698113207547,1085.53125,520.641196013289,848.5441860465116,995.0561224489796,747.8194444444445,1600.3706896551723,1186.2943548387098,690.8066914498141,640.4120370370371,1317.8608058608058,1536.4303797468353,933.2785515320335,1211.2367149758454,1525.8757062146892,1552.082251082251,1147.1319796954315,1298.2267206477734
30,330.24615384615385,780.7130177514792,693.4314381270902,554.1386861313869,304.99059561128524,465.2264705882353,506.10695187165777,370.4247491638796,378.44405594405595,671.7545787545788,294.6384615384615,503.4664179104478,363.6268656716418,396.5609756097561,225.92105263157896,522.0880361173815,672.207468879668,738.1878612716763,342.49101796407183,569.9360613810742,539.13074204947,825.6804407713498,421.1587301587302,313.14908256880733,424.87545787545787,821.8970588235294,608.5770308123249,503.89328063241106,459.8716577540107,1062.88671875,536.1666666666666,531.1373134328359,704.1369863013699,670.2181818181818,987.9937106918239,267.00759493670887,663.6420233463035,618.6354838709677,885.7012987012987,1401.215909090909,562.336170212766,586.685294117647,412.05623471882643,576.4433497536946,953.74,739.7084870848709,478.38630806845964,689.2751937984497,868.3132075471698,714.3793103448276,667.7647058823529,738.4269662921348,887.855421686747,514.6829268292682,1254.1877394636015,1406.717299578059,608.2823529411764,930.5597826086956,854.2034383954154,713.0791366906475,620.3103448275862,584.3127272727273,540.4886877828054,494.45104895104896,1117.8190789473683,1057.3946188340808,1603.5407407407408,1206.6115384615384,811.7265306122449,575.8810810810811,802.8767772511849,1291.4590163934427,911.2964285714286,373.1194539249147,1049.3756097560977,343.4655172413793,1241.4014869888476,650.2341463414634,1409.6976744186047,1096.9814814814815,852.84375,500.8974358974359,1562.1313868613138,936.7412935323383,691.3186274509804,1494.3125,1057.8231046931407,768.5451612903225,735.9618644067797,809.6264150943397,1439.95703125,555.9302325581396,812.3627906976744,968.4081632653061,867.0104166666666,1612.3879310344828,1152.9395161290322,829.3866171003717,679.2592592592592,1201.2564102564102,1556.6455696202531,948.2785515320335,1274.9227053140096,1658.8813559322034,1553.3290043290044,1093.8426395939086,1267.7125506072875
31,436.80384615384617,840.6715976331361,600.6755852842809,715.8175182481751,464.7962382445141,409.2264705882353,513.5668449197861,472.38461538461536,485.12587412587413,501.1758241758242,370.9641025641026,551.1455223880597,501.59328358208955,347.49825783972125,205.11111111111111,526.3273137697516,660.8132780082988,809.3728323699422,584.9880239520958,634.2199488491049,459.226148409894,870.5977961432507,441.82804232804233,278.45642201834863,373.1025641025641,963.0257352941177,734.6834733893558,695.2608695652174,478.62566844919786,991.734375,580.2906976744187,426.32835820895525,816.4657534246576,481.6666666666667,696.1320754716982,288.83037974683543,938.8326848249027,862.4193548387096,1149.7878787878788,1199.3977272727273,949.2085106382979,854.6676470588235,493.4156479217604,1054.6059113300494,806.196,751.3985239852399,546.0635696821516,816.0930232558139,794.3509433962264,741.919540229885,554.6638655462185,889.870786516854,927.1124497991968,538.3101045296168,1236.233716475096,1267.4430379746836,742.3558823529412,1107.0380434782608,1062.7936962750716,974.8237410071943,547.3448275862069,566.1054545454546,397.33031674208144,523.534965034965,1161.2105263157894,1145.8251121076232,1827.4777777777779,1162.2807692307692,781.1632653061224,669.3243243243244,808.9810426540284,1086.2540983606557,998.4964285714286,453.1023890784983,1236.0390243902439,386.21724137931034,1265.6245353159852,781.3463414634147,1351.5872093023256,1056.932098765432,799.115625,634.0192307692307,1499.6167883211679,850.542288557214,671.343137254902,1471.9107142857142,944.3537906137184,827.6354838709677,721.9915254237288,769.2264150943396,1335.53125,678.7674418604652,756.553488372093,945.8877551020408,1063.7152777777778,1606.7543103448277,1057.2983870967741,1087.189591078067,653.8842592592592,1235.89010989011,1513.5696202531647,886.6935933147632,1192.5217391304348,1663.3672316384182,1540.6450216450216,1136.3045685279187,1258.157894736842
32,509.5153846153846,797.9467455621302,475.89297658862876,722.8515815085158,582.5987460815047,443.34705882352944,502.16042780748666,457.5652173913044,505.66083916083915,491.76556776556777,465.15128205128207,748.5074626865671,548.4925373134329,448.5574912891986,229.23391812865498,614.3024830699774,680.8008298755186,803.0664739884393,741.8263473053893,587.531969309463,450.8480565371025,830.236914600551,520.8439153439153,350.88761467889907,484.31868131868134,989.7977941176471,773.9719887955182,1041.1818181818182,526.9331550802139,816.0078125,702.6085271317829,416.29253731343283,812.7191780821918,415.6090909090909,586.433962264151,360.8379746835443,1117.6653696498054,1026.716129032258,1224.030303030303,920.5833333333334,1052.0893617021277,814.7647058823529,593.640586797066,1491.1576354679803,691.4,927.9409594095941,682.9486552567237,1074.2286821705427,854.7547169811321,984.176245210728,700.0882352941177,822.2921348314607,991.8112449799197,564.5296167247387,1188.4176245210729,1316.0210970464136,819.6970588235295,1066.1521739130435,1022.785100286533,983.3273381294964,804.0344827586207,690.8763636363636,422.04072398190044,1054.5839160839162,1075.3684210526317,1092.013452914798,1625.4333333333334,1207.8115384615385,1000.3551020408163,929.0486486486486,809.1421800947867,1339.172131147541,1229.9214285714286,792.6996587030717,1318.9170731707318,498.42413793103447,1179.5130111524163,1258.7463414634146,1291.8720930232557,1121.388888888889,871.596875,999.3301282051282,1459.0693430656934,843.9402985074627,834.1372549019608,1435.357142857143,914.2166064981949,932.1064516129032,806.6610169491526,787.2679245283019,1404.828125,1042.3089700996677,758.1023255813953,919.3214285714286,1116.4409722222222,1512.051724137931,866.7137096774194,1001.8438661710037,670.4814814814815,1212.7765567765568,1501.5696202531647,920.1699164345404,1190.4541062801932,1511.412429378531,1514.186147186147,967.725888324873,1224.9514170040486
33,533.3576923076923,619.9644970414201,373.18394648829434,638.0243309002433,654.2476489028213,561.0882352941177,753.0534759358288,419.12709030100336,396.3006993006993,576.6849816849817,516.7461538461539,813.1753731343283,748.0932835820895,642.0313588850174,269.6578947368421,571.3363431151241,700.0788381742739,874.4046242774566,581.1826347305389,544.7979539641943,429.40989399293284,717.6556473829202,547.4100529100529,392.5940366972477,838.3846153846154,837.6544117647059,721.3193277310925,1160.8418972332015,592.2326203208556,776.51171875,788.1937984496124,356.43283582089555,709.0410958904109,369.0,596.8522012578617,432.8632911392405,1166.669260700389,887.6290322580645,1082.861471861472,629.5189393939394,962.4638297872341,628.8382352941177,539.601466992665,1547.9507389162561,615.04,970.2214022140222,913.5843520782396,1168.6124031007753,908.4603773584905,898.3869731800767,1021.4789915966387,674.1797752808989,1010.4176706827309,805.8710801393728,1204.463601532567,1277.620253164557,818.1441176470588,931.7336956521739,866.3610315186246,849.0287769784172,1135.3831417624522,1238.5672727272727,425.4343891402715,1519.6748251748252,937.9111842105264,1099.0627802690583,1268.5148148148148,1310.9576923076922,1386.5714285714287,917.9513513513514,916.4976303317535,1464.3524590163934,1485.725,1028.6757679180887,1323.5219512195122,612.1586206896552,1182.5278810408922,1316.9560975609756,1304.7848837209303,1045.9876543209878,903.54375,1099.679487179487,1438.7262773722628,831.8308457711443,1290.4656862745098,1424.3214285714287,989.9747292418773,909.1870967741935,889.5042372881356,791.954716981132,1487.67578125,1266.528239202658,737.0558139534884,889.5612244897959,1208.923611111111,1498.7025862068965,900.3951612903226,1121.8438661710038,705.0185185185185,1250.194139194139,1432.4810126582279,992.3565459610028,1144.2608695652175,1457.776836158192,1448.982683982684,962.4010152284264,1191.3886639676114
34,720.3346153846154,572.1360946745563,419.2107023411371,635.1119221411192,753.6677115987461,699.4205882352941,839.6550802139037,693.2642140468228,390.6188811188811,736.4249084249084,621.5846153846154,762.320895522388,788.2350746268656,808.0348432055749,302.6374269005848,507.7155756207675,807.4190871369294,971.9075144508671,462.70958083832335,548.7647058823529,607.226148409894,643.4077134986226,525.1428571428571,431.70183486238534,1009.1428571428571,716.1176470588235,717.8963585434174,832.9881422924901,548.6176470588235,873.7734375,800.984496124031,328.82089552238807,639.332191780822,418.44242424242424,493.00314465408803,477.9670886075949,972.727626459144,668.8064516129032,833.4848484848485,605.7272727272727,758.0170212765958,796.3176470588236,519.2665036674816,1528.0344827586207,714.132,997.8228782287823,1060.5183374083128,838.077519379845,946.3622641509434,891.7049808429118,1084.5084033613446,1030.6404494382023,830.8032128514056,1304.4425087108013,1432.8199233716475,1265.451476793249,783.3882352941176,1024.679347826087,641.8681948424069,867.6906474820144,1103.823754789272,1374.6,744.6742081447964,1290.493006993007,1020.7730263157895,1046.0896860986547,1471.9777777777779,1356.2,1360.0163265306123,931.9081081081081,1046.4691943127962,1285.860655737705,1591.6607142857142,1051.7133105802047,1308.121951219512,856.2862068965517,1113.1263940520446,1038.4439024390244,1237.8720930232557,1004.2716049382716,989.1375,1048.2692307692307,1466.897810218978,804.7562189054727,1522.0980392156862,1405.96875,1095.898916967509,895.4258064516129,1045.406779661017,752.2377358490565,1390.45703125,1179.1926910299003,714.2883720930232,863.4030612244898,1091.9027777777778,1493.2844827586207,961.6491935483871,1180.3494423791822,695.1342592592592,1191.5897435897436,1405.84388185654,1066.6350974930363,1183.0434782608695,1419.2033898305085,1362.2683982683982,1031.746192893401,1183.3765182186235
35,732.3346153846154,727.8431952662722,591.1872909698997,723.0754257907543,958.5078369905956,642.885294117647,804.7780748663101,802.9665551839465,420.74825174825173,755.8644688644689,764.0333333333333,791.044776119403,618.2014925373135,898.2473867595819,312.03508771929825,452.0158013544018,603.3278008298755,944.8179190751445,430.0898203592814,473.02813299232736,527.1272084805654,646.9256198347107,702.5529100529101,655.5550458715596,804.7399267399268,636.9191176470588,825.6274509803922,804.4150197628459,680.8983957219251,868.58203125,977.4496124031008,357.3880597014925,598.4897260273973,501.95151515151514,437.78930817610063,585.5240506329114,755.4046692607004,641.141935483871,705.974025974026,623.6401515151515,1086.004255319149,972.464705882353,578.6650366748166,1452.536945812808,734.364,998.7269372693727,1024.5378973105135,933.1937984496124,934.4679245283019,1036.1379310344828,966.218487394958,1223.8651685393259,788.0843373493976,987.2439024390244,1349.521072796935,1312.2067510548522,899.9147058823529,1359.1358695652175,782.7994269340974,673.043165467626,991.383141762452,954.5927272727273,1045.6244343891403,830.43006993007,1066.2401315789473,1040.780269058296,1615.0518518518518,1318.95,1350.0653061224489,1058.0216216216215,874.7251184834123,1274.1967213114754,1252.7571428571428,1137.7986348122868,1272.7365853658537,1035.051724137931,1084.1486988847585,999.9951219512195,1272.4593023255813,1038.5185185185185,883.740625,1135.1314102564102,1420.9087591240875,793.4179104477612,1405.9803921568628,1354.5,1069.563176895307,951.3322580645162,1229.8728813559321,734.8301886792453,1324.27734375,1127.860465116279,722.1906976744186,827.8775510204082,1041.420138888889,1511.323275862069,991.7540322580645,1212.8624535315985,688.3611111111111,1129.2344322344322,1398.8945147679324,1100.493036211699,1109.0434782608695,1459.8785310734463,1345.17316017316,1197.2893401015228,1177.7085020242914
36,811.3076923076923,797.6005917159763,699.8996655518395,776.2749391727494,825.2319749216301,547.6470588235294,763.2727272727273,853.8829431438127,623.465034965035,726.9560439560439,930.8333333333334,929.3507462686567,606.8619402985074,1005.4982578397213,311.50877192982455,611.058690744921,759.643153526971,915.4508670520231,561.6586826347306,460.10230179028133,499.34275618374556,866.0909090909091,1041.883597883598,753.8440366972477,695.7582417582418,829.5882352941177,641.1764705882352,898.1343873517786,780.3342245989305,863.98828125,946.562015503876,437.065671641791,911.1027397260274,566.9242424242424,547.2861635220125,796.1848101265823,803.5642023346303,750.4129032258064,671.3160173160173,739.0681818181819,997.5489361702128,965.5617647058823,707.8630806845965,1307.0197044334975,908.86,1081.80073800738,869.1540342298289,1065.6937984496124,958.9320754716981,1600.7816091954023,947.7521008403361,1146.938202247191,799.5542168674699,628.5470383275261,1266.6628352490422,1617.3544303797469,1039.620588235294,1375.6195652173913,1015.8538681948424,778.6330935251799,869.3908045977012,807.3745454545455,853.5972850678733,614.5454545454545,1070.9934210526317,994.8565022421525,1672.137037037037,1276.9538461538461,1271.8040816326532,1046.5783783783784,921.0331753554502,1330.9262295081967,936.7428571428571,1122.1535836177475,1372.6536585365855,1026.193103448276,982.1486988847583,1184.419512195122,1240.6976744186047,1020.1728395061729,989.48125,981.1410256410256,1324.7992700729926,772.5970149253732,1362.4901960784314,1276.5535714285713,1038.7148014440434,1018.9032258064516,1407.9618644067796,708.5094339622641,1241.2890625,1222.2890365448504,707.5255813953488,801.0714285714286,962.7534722222222,1485.8318965517242,1065.3185483870968,1225.3866171003717,655.824074074074,1085.142857142857,1299.7130801687763,1018.7688022284123,1087.7101449275362,1509.1581920903955,1334.4761904761904,1318.4010152284263,1143.4534412955466
37,794.0961538461538,842.0295857988166,681.4414715719064,811.0778588807785,627.6144200626959,655.1529411764706,734.187165775401,746.4448160535117,849.3356643356643,661.1831501831501,1081.1153846153845,1051.2089552238806,832.6940298507462,909.4773519163763,390.12865497076024,698.1106094808126,934.6970954356847,797.4450867052024,652.5389221556886,610.851662404092,612.8056537102474,993.6225895316804,977.9338624338625,784.8394495412844,552.6520146520146,794.8308823529412,666.2016806722689,816.205533596838,717.1363636363636,898.83984375,756.5,555.7223880597015,960.7123287671233,676.3878787878788,649.6792452830189,817.7721518987341,880.9066147859922,821.1838709677419,701.2597402597403,653.8333333333334,870.1659574468085,801.2352941176471,700.9437652811736,1257.768472906404,1004.6,1219.7158671586717,749.0953545232273,1257.5736434108528,818.4716981132076,1416.0613026819924,1008.8067226890756,917.685393258427,909.9558232931727,595.787456445993,1394.88122605364,1510.4599156118143,1051.570588235294,1321.8804347826087,1036.1719197707737,1001.568345323741,955.7088122605364,1129.4618181818182,915.6651583710408,635.8881118881119,1034.1184210526317,1084.7668161434979,1739.262962962963,1239.3346153846153,1360.7673469387755,939.3405405405406,1007.7203791469194,1427.2704918032787,939.8892857142857,1155.7645051194538,1267.819512195122,860.4448275862069,972.7323420074349,1126.8829268292684,1115.2383720930231,975.6111111111111,909.853125,810.125,1321.594890510949,683.5124378109452,1341.4019607843138,1267.7276785714287,1116.9747292418772,1196.2129032258065,1539.3305084745762,680.1245283018868,1178.78515625,1332.8504983388705,685.6744186046511,761.0918367346939,1019.5555555555555,1430.3189655172414,1122.9435483870968,1163.185873605948,645.9768518518518,1035.2710622710622,1287.3333333333333,976.6072423398329,1153.4106280193237,1486.542372881356,1284.047619047619,1282.5888324873097,1112.4939271255062
38,637.5423076923076,751.2603550295858,567.4347826086956,693.7396593673966,533.7899686520376,652.2117647058824,701.1524064171123,674.561872909699,886.0244755244755,681.0879120879121,1038.071794871795,988.5335820895523,820.0223880597015,810.1184668989547,381.266081871345,679.0158013544018,1078.0829875518673,675.7283236994219,695.0299401197605,664.7979539641943,634.2968197879859,973.4738292011019,891.0846560846561,755.4243119266055,471.61172161172163,762.6507352941177,745.9271708683474,735.4743083003953,789.1336898395722,1033.9140625,660.1279069767442,811.8925373134329,839.8869863013699,828.269696969697,716.7610062893082,683.9037974683545,955.6070038910506,808.1064516129032,679.1688311688312,590.6287878787879,1037.6212765957446,855.064705882353,703.6577017114914,1214.536945812808,1152.788,1097.1660516605166,703.1051344743277,1158.639534883721,713.2150943396226,1067.367816091954,984.4663865546219,731.8539325842696,971.6265060240963,521.9407665505227,1408.4176245210729,1380.5189873417721,949.7529411764706,1320.6304347826087,1011.2779369627507,887.6690647482014,942.1915708812261,1036.3345454545454,1181.9819004524886,577.7167832167833,1023.3421052631579,1032.2690582959642,1701.1851851851852,1236.246153846154,1361.0163265306123,830.5081081081081,1009.2938388625593,1399.360655737705,1185.982142857143,1214.6621160409557,1150.429268292683,737.9586206896552,901.6802973977696,1277.658536585366,1074.5174418604652,944.6543209876543,843.525,977.0801282051282,1261.7445255474452,655.8656716417911,1301.6813725490197,1170.674107142857,1182.5740072202166,1271.332258064516,1553.4364406779662,644.8754716981132,1132.39453125,1294.3488372093022,698.0651162790698,683.719387755102,1122.1805555555557,1249.1896551724137,1058.2379032258063,1122.2156133828996,658.3842592592592,984.8021978021978,1252.0506329113923,954.1922005571031,1043.9323671497584,1469.9858757062148,1234.6147186147186,1236.2131979695432,1063.1174089068827
39,579.8423076923077,676.4023668639053,669.7190635451504,561.7566909975669,531.0752351097178,689.6794117647058,797.0187165775401,711.4448160535117,793.3111888111888,657.7545787545788,749.8820512820513,864.8656716417911,787.9589552238806,656.397212543554,539.6988304093567,762.2009029345372,989.6099585062241,712.956647398844,655.374251497006,593.4092071611253,645.5371024734982,929.633608815427,754.1772486772487,730.5733944954128,547.4761904761905,708.2794117647059,743.3277310924369,660.197628458498,759.3582887700535,974.08984375,656.7713178294574,979.6865671641791,803.763698630137,1023.9424242424243,788.3144654088051,467.2860759493671,931.6731517509728,748.0419354838709,735.6060606060606,529.4810606060606,1327.6893617021276,871.635294117647,763.8655256723716,1081.536945812808,966.132,926.4760147601476,746.5036674816625,1064.6279069767443,1041.0377358490566,924.360153256705,1012.7436974789916,741.0224719101124,1048.8152610441766,456.73519163763063,1538.7088122605364,1427.1856540084389,972.035294117647,1342.8152173913043,1002.9856733524356,933.9280575539568,936.0996168582376,1085.9163636363637,965.0452488687782,639.8076923076923,971.3717105263158,999.7578475336323,1664.0407407407408,1273.673076923077,1365.2204081632653,927.3297297297297,981.4549763033175,1365.0983606557377,1383.5464285714286,1201.1535836177475,1143.878048780488,716.7137931034483,857.457249070632,1151.4439024390244,1055.2151162790697,946.9320987654321,880.0125,1269.3653846153845,1201.3248175182482,655.4527363184079,1398.0343137254902,1154.15625,1168.7039711191335,1181.0129032258064,1478.1228813559321,639.2075471698113,1206.52734375,1177.3388704318936,761.446511627907,666.0765306122449,1185.03125,1220.2844827586207,1049.266129032258,1132.011152416357,636.7175925925926,1026.0915750915751,1232.4303797468353,939.5153203342618,994.8454106280193,1660.8954802259886,1194.8701298701299,1226.3857868020305,1015.2591093117409
40,426.12307692307695,639.0769230769231,714.4682274247492,507.3552311435523,650.5235109717868,627.2088235294118,751.7139037433155,669.5551839464883,626.2027972027972,594.6849816849817,580.3358974358974,735.7835820895523,732.5522388059702,598.212543554007,609.7251461988304,734.7155756207675,848.6721991701245,724.4132947976879,595.1287425149701,615.2864450127877,791.0706713780919,879.8842975206611,762.2328042328043,771.3532110091743,550.4249084249084,666.5367647058823,771.8319327731092,767.7588932806324,740.4117647058823,823.1796875,542.0697674418604,1069.779104477612,816.5993150684932,885.2272727272727,745.5849056603773,361.10632911392406,778.0778210116731,814.2741935483871,740.2164502164502,600.1439393939394,1266.8765957446808,727.6029411764706,680.7212713936431,991.2266009852217,891.636,726.1365313653137,776.6283618581907,1009.6472868217054,1181.8377358490566,778.8199233716475,1022.3277310924369,925.6573033707865,1131.8152610441766,407.57491289198606,1440.5019157088122,1441.5822784810127,858.614705882353,1242.2445652173913,925.3782234957021,938.3345323741007,987.2988505747127,1219.7781818181818,820.7556561085972,624.0874125874126,933.1052631578947,1056.3273542600896,1597.462962962963,1290.1653846153847,1250.1959183673468,903.4054054054054,966.6066350710901,1323.0655737704917,1305.732142857143,1084.1672354948805,1185.0341463414634,781.7655172413793,830.7286245353159,1020.5463414634146,973.4883720930233,899.179012345679,836.18125,1343.599358974359,1207.1897810218977,581.2288557213931,1322.1960784313726,1134.1205357142858,1098.0361010830325,1138.374193548387,1381.3093220338983,609.2943396226415,1135.37890625,1019.5282392026578,723.4418604651163,672.5357142857143,1182.3784722222222,1243.7327586206898,964.2459677419355,1063.717472118959,605.5138888888889,944.985347985348,1165.1518987341772,834.7353760445683,887.7826086956521,1342.4745762711864,1153.5714285714287,1207.8934010152284,998.3036437246964
41,373.93461538461537,617.2721893491124,621.5250836120401,529.0389294403893,743.6739811912225,538.0794117647059,723.096256684492,631.809364548495,554.548951048951,528.7142857142857,428.97435897435895,814.1828358208955,611.6455223880597,553.0975609756098,534.1315789473684,685.9864559819413,736.6390041493776,707.6011560693642,495.65868263473055,581.3631713554987,863.1978798586572,792.625344352617,730.8280423280423,738.2362385321101,545.2637362637363,560.7904411764706,705.9327731092437,805.4822134387351,517.5935828877006,813.45703125,583.9573643410853,783.1641791044776,972.8493150684932,688.8242424242425,882.9591194968554,443.40506329113924,801.8677042801556,653.7387096774194,763.4805194805194,587.6212121212121,1111.8340425531915,747.7558823529412,636.2224938875306,1000.8916256157636,786.784,659.0774907749078,830.1833740831296,1039.2519379844962,985.5471698113207,864.9272030651341,1064.9747899159663,1191.2640449438202,1082.9678714859438,357.40418118466897,1312.0919540229886,1235.2025316455697,758.7,1221.5978260869565,826.4498567335244,965.0395683453237,1007.5708812260536,1339.9418181818182,901.3303167420814,610.5909090909091,913.8848684210526,987.2242152466367,1512.6185185185186,1157.1192307692309,1021.8734693877551,767.7351351351351,940.9241706161138,1293.6516393442623,1246.1107142857143,1007.0511945392492,1078.1756097560976,856.9827586206897,769.4795539033457,1078.1170731707316,954.5406976744187,864.7469135802469,713.375,1336.349358974359,1172.014598540146,618.8955223880597,1196.612745098039,1078.111607142857,1019.0758122743682,1013.758064516129,1236.6906779661017,559.6528301886792,1116.31640625,1127.4119601328903,726.9581395348837,657.6020408163265,1132.2152777777778,1212.5086206896551,883.3306451612904,1010.9182156133829,584.1296296296297,915.2600732600732,1148.1012658227849,789.0473537604457,893.7053140096618,1336.0706214689264,1135.3722943722944,1154.0050761421319,998.7651821862348
42,383.23846153846154,537.2278106508876,593.6153846153846,578.2335766423357,658.0250783699059,432.90294117647056,704.9385026737968,666.1371237458194,561.0,505.6630036630037,285.3666666666667,786.2425373134329,568.3097014925373,538.9128919860627,384.5263157894737,692.5033860045147,748.3236514522822,751.4739884393064,530.4850299401197,572.46547314578,898.1448763250884,767.2341597796143,839.5370370370371,648.2018348623853,606.8901098901099,739.2316176470588,680.8319327731092,938.9288537549407,457.00267379679144,876.484375,642.3992248062016,701.5970149253732,1064.3219178082193,539.6272727272727,869.8616352201258,470.8,796.7431906614786,680.9032258064516,610.3939393939394,639.2272727272727,1003.195744680851,819.064705882353,583.359413202934,988.4778325123152,859.796,690.2656826568266,721.6210268948655,1040.5116279069769,997.5245283018868,890.0842911877395,920.9327731092437,1272.887640449438,1015.1204819277109,563.0975609756098,1318.0268199233717,1216.9198312236288,830.9823529411765,1169.3260869565217,802.8051575931232,950.0,1002.6091954022988,1372.5345454545454,778.158371040724,638.8356643356643,907.4802631578947,988.3721973094171,1487.6962962962964,1136.8923076923077,946.6612244897959,1045.4756756756756,827.0094786729858,1233.3524590163934,1263.4678571428572,968.7645051194539,1144.0878048780487,824.3724137931034,755.0817843866171,870.0682926829269,922.3953488372093,849.0308641975308,788.990625,1366.0224358974358,1159.0802919708028,625.2587064676617,1038.3823529411766,1057.607142857143,984.0036101083033,939.2,848.7245762711865,543.7811320754716,1068.36328125,1228.8239202657808,689.1627906976744,647.3673469387755,1124.9479166666667,1208.7112068965516,741.2217741935484,972.2936802973977,590.3101851851852,1040.8278388278388,1106.2995780590718,852.8328690807799,867.5700483091788,1232.1864406779662,1120.4458874458874,817.0304568527919,966.2874493927126
43,422.34615384615387,581.8579881656805,582.4147157190636,574.9537712895377,626.564263322884,414.03823529411767,712.2727272727273,671.38127090301,558.7692307692307,529.1868131868132,346.4230769230769,776.8134328358209,712.8320895522388,519.9721254355401,315.4269005847953,647.3453724604966,652.643153526971,746.5057803468208,638.8892215568862,539.0051150895141,829.2473498233215,730.5785123966942,805.7328042328043,714.4449541284404,602.8571428571429,733.9338235294117,665.0784313725491,884.2252964426877,457.14438502673795,857.15234375,623.5736434108527,697.0298507462686,1027.695205479452,508.7030303030303,870.7106918238994,572.0911392405063,732.8443579766537,784.3322580645162,590.1515151515151,638.219696969697,1110.7276595744681,808.6764705882352,636.9779951100245,981.7389162561576,713.572,754.7933579335794,692.3740831295844,1030.6317829457364,947.8603773584906,882.8659003831417,831.3277310924369,1134.1573033707866,1020.5261044176707,1018.8536585365854,1296.0421455938697,1297.9113924050632,837.6941176470589,1134.6467391304348,776.5530085959886,960.3884892086331,963.3333333333334,1314.7345454545455,794.0588235294117,593.8076923076923,863.078947368421,919.932735426009,1469.851851851852,1095.35,895.6204081632653,951.1297297297298,837.431279620853,1205.311475409836,1276.6607142857142,905.1774744027304,1036.770731707317,747.048275862069,745.4275092936803,800.1658536585365,872.6337209302326,766.5370370370371,727.809375,1197.701923076923,1117.7335766423357,615.8507462686567,1024.6813725490197,1000.4375,876.1985559566787,861.2709677419355,817.3008474576271,578.2981132075472,1045.453125,1176.9335548172758,652.3860465116279,634.8826530612245,1066.326388888889,1095.8663793103449,1044.7459677419354,887.3085501858736,610.4722222222222,936.4652014652015,1082.8691983122362,842.924791086351,874.5845410628019,1318.8757062146892,1136.4848484848485,701.7106598984772,931.0121457489879
44,438.68461538461537,562.0,613.3511705685619,577.1654501216545,643.8275862068965,441.05882352941177,751.8689839572193,594.2709030100334,471.25174825174827,695.3260073260074,404.8666666666667,894.2350746268656,852.4514925373135,570.2996515679442,346.49415204678365,643.8600451467269,641.3195020746888,697.9971098265896,762.4700598802395,560.4884910485933,796.6749116607774,805.534435261708,742.5291005291006,762.9839449541284,598.7655677655678,692.7242647058823,618.2773109243698,854.6166007905139,511.3903743315508,859.32421875,702.8294573643411,641.1044776119403,866.9965753424658,651.7181818181818,800.3679245283018,577.5139240506329,872.2023346303502,699.4774193548387,628.8701298701299,839.875,966.3489361702127,817.2882352941176,707.3374083129585,764.5172413793103,728.372,959.9483394833949,708.9657701711492,981.6240310077519,1040.2716981132075,919.0153256704981,735.0714285714286,1136.6685393258426,872.0361445783133,1273.020905923345,1196.5593869731802,1333.1898734177216,1035.4764705882353,1035.8260869565217,866.5186246418339,964.0287769784172,863.6819923371647,1229.7018181818182,960.9954751131222,787.5944055944055,792.625,933.4349775784754,1383.474074074074,1048.2846153846153,856.2285714285714,893.8054054054054,765.7488151658767,1147.72131147541,1200.7892857142858,971.5153583617747,911.6926829268293,701.4241379310345,691.6691449814126,956.6585365853658,867.2383720930233,742.8271604938271,680.090625,1073.400641025641,1089.9963503649635,577.2189054726368,982.6519607843137,935.7946428571429,945.9602888086642,712.5516129032258,857.8220338983051,556.4150943396227,984.80078125,1156.860465116279,675.1627906976744,608.295918367347,1005.6527777777778,1052.9439655172414,934.1612903225806,771.5278810408922,561.6574074074074,587.2673992673992,1022.8523206751055,789.3537604456825,747.135265700483,1327.6949152542372,1052.978354978355,867.2994923857868,903.4736842105264
45,415.8,603.8195266272189,639.4782608695652,560.1216545012165,563.1598746081505,456.52941176470586,629.0401069518716,671.61872909699,491.26223776223776,684.4761904761905,540.6538461538462,916.2835820895523,823.9776119402985,690.8606271777004,416.1900584795322,707.3024830699774,652.0414937759336,651.8121387283237,754.2035928143713,656.4398976982097,829.8445229681979,823.8650137741047,730.7063492063492,727.4793577981651,747.4615384615385,683.5404411764706,673.2156862745098,667.8735177865613,769.5748663101605,879.40234375,769.4806201550388,599.8388059701492,913.4109589041096,723.9212121212121,674.6069182389937,635.4481012658227,1044.6614785992217,627.6516129032258,793.6709956709957,971.5227272727273,994.1531914893617,925.214705882353,819.6136919315403,1039.9310344827586,758.128,1044.5830258302583,954.682151589242,923.1162790697674,924.8377358490566,1031.272030651341,822.546218487395,1243.5168539325844,928.9076305220883,1265.7351916376306,1145.2068965517242,1321.5021097046413,939.8264705882353,951.0163043478261,1068.647564469914,919.4892086330935,903.2452107279694,1226.8872727272728,958.6018099547512,1215.8041958041958,817.7796052631579,938.677130044843,1299.5185185185185,1061.5307692307692,821.5551020408163,917.6,716.9668246445498,1114.0245901639344,1165.5071428571428,1145.1160409556314,928.9268292682926,775.8758620689655,643.3011152416357,872.6780487804878,833.4593023255813,695.4135802469136,599.609375,1003.9134615384615,1022.2080291970802,514.8557213930349,739.2892156862745,837.4866071428571,827.8339350180505,673.8612903225807,732.5550847457627,529.0981132075472,937.296875,1073.4485049833886,582.2046511627907,573.8061224489796,937.7013888888889,989.4181034482758,913.0927419354839,781.2676579925651,558.9444444444445,862.8534798534798,935.6582278481013,759.0947075208913,753.3961352657005,1057.406779661017,960.6536796536797,673.2131979695431,832.9919028340081
46,499.5,573.7633136094674,620.2642140468228,602.0462287104623,598.9937304075235,548.714705882353,750.0267379679144,623.2307692307693,524.6363636363636,737.1611721611722,683.4538461538461,906.8992537313433,622.2462686567164,737.8501742160279,528.5350877192982,724.4153498871332,592.7717842323651,764.0404624277456,757.0329341317365,663.3785166240409,761.9540636042403,892.1515151515151,675.952380952381,776.3692660550458,798.967032967033,701.5551470588235,604.4733893557423,761.6205533596838,884.8475935828877,877.46484375,737.9922480620155,682.3014925373134,841.6472602739726,687.1060606060606,602.3584905660377,669.0227848101266,838.8988326848249,779.5774193548388,671.5497835497836,943.2575757575758,956.6,917.1088235294118,946.7677261613692,874.3891625615763,876.436,1036.8228782287822,854.7506112469438,875.0658914728682,980.8641509433962,1059.72030651341,749.1134453781513,1335.4775280898875,1037.4979919678715,1259.5156794425086,1078.6858237547892,1314.9620253164558,852.214705882353,907.195652173913,753.8681948424069,853.589928057554,872.0842911877395,1120.8472727272726,921.262443438914,1583.6923076923076,783.016447368421,890.5919282511211,1171.1148148148147,1024.2230769230769,810.9265306122448,819.3135135135135,728.3696682464455,1076.6147540983607,1069.4857142857143,765.3651877133105,844.0048780487805,929.4413793103448,624.8141263940521,663.560975609756,829.3488372093024,695.858024691358,730.996875,969.375,950.3759124087592,571.5074626865671,808.2352941176471,758.6026785714286,700.9675090252707,657.5387096774193,745.4364406779661,529.0679245283019,893.32421875,1066.607973421927,582.2325581395348,543.9030612244898,872.6354166666666,898.2758620689655,812.2137096774194,649.3791821561339,554.6666666666666,747.3150183150183,891.4345991561181,658.3454038997214,734.2801932367149,1012.9293785310734,921.2077922077922,601.5939086294417,816.5465587044534
47,488.9230769230769,550.7573964497042,585.2943143812709,592.4890510948906,584.0783699059562,543.7411764705882,814.024064171123,822.8294314381271,574.7447552447552,812.3113553113553,681.1538461538462,815.4925373134329,644.5634328358209,801.6132404181185,524.96783625731,629.920993227991,641.1327800829876,619.043352601156,779.3502994011976,608.5294117647059,732.0600706713781,901.305785123967,654.0,740.7935779816514,831.4981684981685,698.8602941176471,743.3837535014005,739.403162055336,853.0294117647059,857.1640625,816.3875968992248,736.579104477612,809.0753424657535,711.7484848484848,780.0754716981132,808.3215189873417,904.4980544747082,813.758064516129,871.7705627705627,1066.405303030303,667.063829787234,987.7529411764706,953.0220048899755,677.4532019704434,968.932,1138.771217712177,764.117359413203,796.8410852713179,705.6792452830189,1013.0498084291188,834.781512605042,1214.8202247191011,772.1325301204819,987.8397212543554,1000.1570881226054,1213.2194092827003,710.5264705882353,900.0869565217391,663.3524355300859,853.2086330935252,790.1532567049809,1052.9381818181819,744.7873303167421,1496.090909090909,780.2434210526316,762.4349775784754,1158.5703703703705,967.7846153846153,634.2367346938776,589.3081081081081,594.4502369668246,1026.9918032786886,968.1428571428571,630.0853242320819,590.3560975609756,1050.0896551724138,682.542750929368,674.4926829268293,456.23837209302326,594.5,550.4625,930.1730769230769,933.4635036496351,582.5522388059702,609.9558823529412,729.7767857142857,607.6931407942238,720.5774193548388,654.0127118644068,550.0566037735849,850.91015625,1014.6744186046511,668.4976744186047,1063.469387755102,865.5,870.7327586206897,630.2258064516129,707.1078066914498,569.2546296296297,675.6849816849817,883.7088607594936,851.816155988858,1226.9661835748793,851.271186440678,844.974025974026,698.6192893401015,812.8623481781376
48,570.3038461538462,526.3550295857988,477.4347826086956,503.4160583941606,613.3134796238245,560.1794117647058,626.6069518716578,577.1404682274248,561.7657342657343,760.1831501831501,674.6641025641026,750.8768656716418,644.5970149253732,484.0696864111498,514.8391812865497,711.4334085778781,685.9253112033196,796.635838150289,729.3023952095808,579.079283887468,605.8480565371025,809.4242424242424,680.1216931216932,705.8256880733945,807.2747252747253,780.0625,616.6218487394958,699.8379446640316,825.9197860962566,854.48828125,830.2829457364342,716.7701492537313,773.5856164383562,807.7242424242424,919.2012578616352,789.2379746835443,820.6031128404669,762.8806451612903,748.7099567099567,1241.969696969697,896.9829787234042,807.564705882353,957.841075794621,854.7783251231527,1007.932,1108.8523985239851,775.6430317848411,764.6434108527131,901.4641509433962,1036.9693486590038,836.1932773109244,1171.1573033707866,876.004016064257,801.0696864111499,1009.1724137931035,1126.054852320675,844.5882352941177,840.2065217391304,748.1060171919771,790.2769784172662,822.8467432950191,998.6,792.0588235294117,1208.7657342657342,804.8881578947369,636.7488789237668,1183.2888888888888,918.4384615384615,756.9428571428572,714.1675675675675,553.2274881516588,1032.4426229508197,1017.8928571428571,819.4163822525597,766.2682926829268,931.5689655172414,717.8847583643122,788.8878048780488,498.04651162790697,569.4012345679013,546.021875,890.8717948717949,880.0583941605839,774.955223880597,798.093137254902,734.7723214285714,675.6750902527076,667.2354838709678,705.3220338983051,805.566037735849,872.3984375,992.7508305647841,785.6093023255814,1005.3724489795918,897.2881944444445,904.6465517241379,705.9879032258065,645.8066914498141,1194.7407407407406,667.010989010989,837.8565400843881,639.9944289693593,1008.7584541062802,822.4774011299435,784.3852813852814,582.9796954314721,819.663967611336
49,561.873076923077,581.7662721893491,630.0635451505017,513.8515815085158,673.5297805642633,567.3323529411765,647.9705882352941,873.2709030100334,677.6048951048951,570.9706959706959,691.6076923076923,798.3656716417911,554.5820895522388,584.01393728223,458.62280701754383,709.4492099322799,931.9709543568465,587.7890173410404,656.8652694610779,504.1304347826087,613.339222614841,989.2534435261708,639.2830687830688,645.4105504587156,688.0989010989011,783.3933823529412,528.1232492997199,654.1264822134387,820.1764705882352,775.546875,647.9341085271318,789.5582089552239,830.8630136986301,884.5090909090909,843.940251572327,642.4506329113924,798.7898832684825,807.5322580645161,750.0822510822511,1158.3598484848485,789.9787234042553,802.4705882352941,989.8264058679706,694.4384236453202,1044.58,973.5055350553506,811.9144254278729,795.4263565891473,1225.1509433962265,1111.3333333333333,778.4957983193277,1160.5674157303372,1165.4176706827309,782.1742160278745,985.9272030651341,1134.282700421941,759.8970588235294,906.4021739130435,755.9828080229227,775.6942446043165,774.8812260536398,970.7418181818182,767.2579185520362,1030.4195804195804,861.2565789473684,872.8116591928251,1197.4037037037037,904.3,652.8775510204082,786.7837837837837,694.5308056872038,1037.2909836065573,1021.5642857142857,704.4197952218431,854.2780487804878,903.2068965517242,711.3903345724907,720.6780487804878,545.3720930232558,687.3827160493827,560.24375,944.7628205128206,889.3868613138686,598.3482587064676,622.5980392156863,745.2098214285714,727.7797833935018,657.1161290322581,728.9406779661017,684.011320754717,869.46484375,1012.9468438538206,520.9441860465116,859.8520408163265,930.2291666666666,908.4137931034483,737.3991935483871,713.3828996282527,609.6666666666666,783.2197802197802,854.7130801687764,739.2729805013928,1323.5603864734298,817.0451977401129,823.9567099567099,712.0304568527919,828.5263157894736
50,533.5615384615385,551.7544378698225,655.2240802675585,515.0413625304136,780.5329153605015,608.214705882353,783.9679144385027,644.9866220735786,546.3461538461538,834.9487179487179,736.6205128205128,720.1455223880597,595.5373134328358,605.9477351916377,453.812865497076,716.8352144469526,888.9045643153527,771.9046242774566,491.89820359281435,474.77237851662403,533.0,696.801652892562,571.021164021164,621.4128440366973,819.5714285714286,816.1617647058823,772.7899159663865,662.9169960474309,688.2192513368984,864.54296875,790.7945736434109,771.8179104477612,852.2157534246576,829.2727272727273,831.9213836477987,756.8329113924051,701.9844357976654,829.4064516129032,822.0735930735931,1073.2083333333333,696.9404255319149,788.0147058823529,1012.0855745721271,742.5714285714286,1012.384,820.040590405904,746.8264058679706,646.3372093023256,822.0377358490566,1261.6628352490422,824.9957983193277,1089.9213483146068,853.7951807228916,918.4006968641115,1027.103448275862,1166.1054852320676,694.3558823529412,897.5597826086956,699.4555873925501,747.2697841726618,818.8007662835249,941.2618181818182,745.6153846153846,935.8741258741259,883.4473684210526,725.3139013452915,1212.5037037037036,889.0307692307692,674.3755102040816,603.8216216216216,580.6208530805687,1018.5983606557377,996.7892857142857,649.5597269624574,689.5365853658536,926.1793103448276,866.5873605947955,658.0243902439024,533.6627906976744,751.425925925926,655.803125,1021.1025641025641,862.2664233576643,877.6019900497513,654.0441176470588,760.3169642857143,753.3249097472924,744.5,668.1059322033898,781.1735849056604,894.8125,1012.4485049833887,859.2976744186046,1317.4744897959183,942.9791666666666,905.1163793103449,691.6653225806451,739.6542750929368,675.4814814814815,567.1941391941392,857.9915611814346,883.1894150417827,1275.6618357487923,790.5169491525423,831.991341991342,699.6192893401015,845.080971659919
51,508.03076923076924,445.33727810650885,616.4080267558528,444.4403892944039,601.012539184953,631.5705882352942,671.1336898395722,704.7826086956521,535.6223776223776,679.7948717948718,451.18461538461537,575.1455223880597,506.8134328358209,566.4982578397213,639.2163742690059,553.4627539503387,547.2365145228216,613.4595375722544,641.0868263473054,695.0588235294117,526.643109540636,599.5261707988981,692.6984126984127,463.1284403669725,890.0622710622711,831.5330882352941,790.6162464985995,791.7075098814229,456.9946524064171,827.9609375,755.2170542635658,564.4925373134329,719.054794520548,614.2424242424242,458.29559748427675,745.1240506329113,761.2568093385214,666.8129032258065,810.5627705627705,932.7840909090909,644.5787234042554,672.0235294117647,832.8679706601467,749.6847290640394,662.368,684.040590405904,730.4254278728606,627.2054263565891,829.4641509433962,809.6781609195402,805.5798319327731,989.8426966292135,863.2369477911647,898.0627177700349,1050.2643678160919,1265.9789029535864,613.2,867.2663043478261,688.7134670487106,976.3920863309353,796.2030651340996,774.8181818181819,680.9909502262443,795.548951048951,903.8256578947369,759.7354260089686,1170.8814814814814,909.45,730.8204081632653,605.4,592.2322274881517,945.0,1119.6535714285715,652.3071672354948,686.0243902439024,892.7655172413793,912.0817843866171,703.6,555.4069767441861,709.6728395061729,724.0875,949.4775641025641,961.2554744525547,1181.4825870646766,724.4558823529412,927.0625,590.1083032490975,736.0064516129032,659.0677966101695,1031.1849056603774,979.6328125,1022.3388704318937,927.5767441860465,1612.2295918367347,1043.75,840.2629310344828,615.141129032258,768.182156133829,848.8564814814815,587.5531135531136,867.7004219409283,853.2479108635098,1344.0531400966183,896.5282485875706,800.8138528138528,688.0710659898477,1073.182186234818
52,510.7,394.3165680473373,592.61872909699,417.76155717761554,526.7836990595612,613.4970588235294,823.8208556149733,551.5919732441472,471.5524475524476,876.080586080586,471.8871794871795,427.8731343283582,483.3059701492537,652.0418118466899,410.32456140350877,625.1738148984199,381.2406639004149,651.3554913294797,532.9311377245509,534.838874680307,528.5689045936396,510.77685950413223,647.8597883597884,528.2133027522935,690.6373626373627,502.97058823529414,716.7927170868347,793.9367588932806,720.307486631016,633.55078125,771.9496124031008,636.4119402985075,778.0787671232877,725.3636363636364,659.9182389937107,783.1088607594937,734.3618677042801,643.2258064516129,640.3722943722944,717.0530303030303,658.1787234042553,760.7411764705882,796.8044009779951,691.1182266009852,1004.052,905.8413284132841,762.2493887530562,696.9418604651163,957.0075471698113,1226.7969348659003,674.1260504201681,1122.5224719101125,1113.14859437751,1035.0627177700349,1120.111111111111,1148.6540084388187,721.8588235294118,861.5108695652174,626.0573065902579,764.2589928057554,806.1302681992337,918.3490909090909,692.1628959276018,1141.5314685314686,954.2105263157895,970.7937219730942,1257.6888888888889,894.5038461538461,655.9510204081632,815.1513513513513,870.1990521327015,1044.0860655737704,1009.6214285714286,672.4778156996587,761.2780487804878,1037.1206896551723,785.364312267658,753.2341463414634,777.9127906976744,704.7037037037037,819.915625,1076.929487179487,874.4343065693431,708.1990049751244,755.7058823529412,772.4151785714286,664.2166064981949,759.7838709677419,645.9406779661017,727.1018867924528,873.37890625,1060.5016611295682,640.0139534883721,593.5357142857143,934.5729166666666,820.25,677.4395161290323,756.3494423791822,778.9305555555555,761.0695970695971,896.1350210970464,768.9805013927577,866.304347826087,928.3418079096045,873.6233766233767,641.6852791878173,824.3805668016195
53,330.58076923076925,539.3786982248521,452.66220735785953,468.31873479318733,571.2915360501568,399.0235294117647,475.23262032085563,576.4916387959867,345.5174825174825,604.4468864468864,452.95641025641027,438.7985074626866,523.5298507462686,496.3414634146341,427.06140350877195,569.6659142212189,510.1369294605809,495.1040462427746,617.4730538922156,470.68286445012785,532.4805653710247,462.25619834710744,381.25925925925924,399.20642201834863,704.8827838827839,390.05882352941177,548.9747899159664,641.6600790513834,605.7112299465241,520.33984375,785.7558139534884,537.155223880597,519.0102739726027,541.6787878787878,407.37735849056605,769.946835443038,913.0544747081713,552.9774193548387,620.1904761904761,562.3068181818181,740.4808510638297,671.3,722.3789731051345,856.4384236453202,652.94,552.8413284132841,836.9706601466993,740.077519379845,820.6490566037736,560.4597701149426,655.3697478991596,685.129213483146,788.3574297188756,859.4703832752613,904.1954022988506,705.5443037974684,664.064705882353,641.8260869565217,715.9054441260745,717.5323741007194,796.8888888888889,721.6363636363636,754.7873303167421,829.3566433566433,810.5328947368421,636.9955156950673,724.5814814814814,770.9115384615385,692.5428571428571,730.2216216216216,784.8530805687204,775.7131147540983,680.2892857142857,709.9249146757679,810.3268292682927,857.3827586206896,884.3866171003717,677.9121951219512,664.8837209302326,616.9691358024692,735.234375,955.7596153846154,973.8029197080292,812.3134328358209,680.6372549019608,869.4866071428571,627.5559566787003,810.1451612903226,697.1016949152543,793.7320754716981,1162.37890625,1023.0066445182724,704.6651162790698,808.4387755102041,802.9375,1098.8318965517242,787.6693548387096,693.7843866171004,761.1296296296297,690.1575091575091,923.9746835443038,779.2869080779944,934.2946859903382,788.1073446327683,1063.4718614718615,760.5888324873097,1078.1133603238866
54,515.0307692307692,424.5266272189349,505.04013377926424,534.6666666666666,528.2445141065831,404.1794117647059,860.8983957219251,588.1003344481605,502.25174825174827,976.0769230769231,426.7846153846154,434.17164179104475,692.3843283582089,516.1951219512196,442.60233918128654,625.6365688487584,387.43983402489624,652.6416184971098,566.2754491017964,754.6419437340154,553.7455830388693,500.59228650137743,436.6984126984127,407.6284403669725,789.992673992674,566.1838235294117,695.2717086834734,737.7667984189724,560.5508021390374,613.92578125,762.7945736434109,518.8955223880597,680.9006849315068,638.7333333333333,412.0062893081761,757.3240506329114,734.5330739299611,544.5483870967741,790.5541125541125,651.9128787878788,823.8212765957447,738.5294117647059,739.9364303178484,755.0,474.3,494.8487084870849,768.4963325183375,650.6124031007752,848.5622641509434,513.3946360153257,776.6218487394958,986.8651685393259,1129.4738955823293,698.5435540069686,759.007662835249,822.8987341772151,643.0970588235294,1005.1086956521739,703.8853868194842,691.6978417266187,784.2413793103449,768.9272727272727,744.4615384615385,1043.811188811189,923.7861842105264,1027.1569506726457,1079.437037037037,1091.376923076923,695.7673469387755,780.6378378378379,870.3222748815166,1044.717213114754,841.9535714285714,662.4470989761093,948.7560975609756,752.0793103448276,725.1449814126394,718.1365853658536,759.5813953488372,682.6358024691358,770.68125,1125.4102564102564,954.8357664233577,804.9004975124378,696.9803921568628,929.5803571428571,726.0397111913358,733.9032258064516,691.5296610169491,695.8754716981132,1079.53125,764.8006644518273,593.3348837209302,672.6989795918367,1184.736111111111,836.5301724137931,826.0927419354839,748.3977695167287,766.9398148148148,800.1684981684982,864.5991561181435,784.5153203342618,1023.9082125603865,768.319209039548,979.3246753246754,852.8984771573604,1043.238866396761
