Frame,Cell_143,Cell_147,Cell_148,Cell_150,Cell_152,Cell_154,Cell_157,Cell_161,Cell_162,Cell_163,Cell_164,Cell_165,Cell_166,Cell_169,Cell_170,Cell_174,Cell_175,Cell_176,Cell_177,Cell_179,Cell_181,Cell_183,Cell_184,Cell_185,Cell_186,Cell_188,Cell_190,Cell_192,Cell_194,Cell_195,Cell_196,Cell_197,Cell_198,Cell_199,Cell_201,Cell_202,Cell_204,Cell_205,Cell_206,Cell_209,Cell_210,Cell_211,Cell_213,Cell_214,Cell_217,Cell_218,Cell_219,Cell_220,Cell_221,Cell_224,Cell_225,Cell_226,Cell_227,Cell_228,Cell_229,Cell_230,Cell_232,Cell_234,Cell_235,Cell_238,Cell_240,Cell_241,Cell_242,Cell_243,Cell_244,Cell_245,Cell_246,Cell_248,Cell_251,Cell_252,Cell_253,Cell_255,Cell_256,Cell_257,Cell_260,Cell_261,Cell_262,Cell_264,Cell_266,Cell_267,Cell_269,Cell_270,Cell_271,Cell_272,Cell_273,Cell_276,Cell_277,Cell_281,Cell_282,Cell_283,Cell_284,Cell_286,Cell_287,Cell_288,Cell_289,Cell_290,Cell_291,Cell_292,Cell_293,Cell_294,Cell_297,Cell_300,Cell_301,Cell_302,Cell_303,Cell_304,Cell_305,Cell_309,Cell_310,Cell_311,Cell_312,Cell_313,Cell_314,Cell_315,Cell_316,Cell_321,Cell_322,Cell_323,Cell_324,Cell_326,Cell_327,Cell_328,Cell_329,Cell_330,Cell_331,Cell_332,Cell_333,Cell_334,Cell_335,Cell_337,Cell_340,Cell_341,Cell_342,Cell_344
0,50.93939393939394,115.33532934131736,141.94273127753303,55.89003436426117,59.79497907949791,114.54035087719298,82.86513157894737,51.46153846153846,74.77830188679245,71.73584905660377,121.2250803858521,97.04150943396226,146.62548262548262,73.09905660377359,43.085,72.37109375,47.8984375,74.39615384615385,56.48872180451128,62.89453125,92.47148288973384,15.36734693877551,130.1290322580645,84.29268292682927,114.84873949579831,49.26615969581749,97.41206030150754,9.245508982035927,111.82222222222222,71.81494661921708,54.494680851063826,57.48101265822785,158.97794117647058,50.12167300380228,57.41417910447761,126.55506607929516,39.93333333333333,71.51304347826087,49.6,52.373801916932905,69.9381443298969,58.26953125,56.85858585858586,49.268595041322314,68.53535353535354,41.985130111524164,74.85128205128206,58.44796380090498,30.08407079646018,33.62085308056872,109.43881856540085,89.76811594202898,43.98360655737705,91.89908256880734,84.34883720930233,53.03862660944206,116.82222222222222,84.07058823529412,39.44021739130435,40.11864406779661,113.63907284768212,79.81862745098039,70.51515151515152,131.24528301886792,116.24814814814815,132.56613756613757,33.21580547112462,47.09189189189189,32.23853211009175,27.625468164794007,20.48627450980392,85.51481481481481,148.24598930481284,64.71774193548387,40.51111111111111,96.97549019607843,49.58411214953271,112.76494023904382,63.19421487603306,52.40490797546012,154.47038327526133,95.02608695652174,44.958015267175576,86.9,54.3168044077135,34.83745583038869,187.595,146.78761061946904,49.1531914893617,64.02247191011236,188.69230769230768,69.61061946902655,152.84363636363636,48.65250965250965,167.12781954887217,71.2807881773399,147.96785714285716,117.70175438596492,82.08441558441558,97.45495495495496,123.34042553191489,69.70588235294117,92.62081784386618,83.48847926267281,79.24444444444444,40.24497991967871,72.76279069767442,98.822695035461,81.85576923076923,40.892561983471076,105.95719844357977,99.77586206896552,183.93939393939394,274.3869731800766,276.8936170212766,142.22348484848484,117.45907473309609,95.2420091324201,62.660377358490564,100.6798245614035,259.26635514018693,53.26865671641791,83.24749163879599,68.49851632047478,65.09961685823755,86.00952380952381,88.8984126984127,75.69285714285714,40.476190476190474,126.71304347826087,56.50934579439252,70.03738317757009,55.683982683982684,223.90862944162436
1,75.27705627705627,118.19760479041916,137.22907488986783,53.707903780068726,56.96234309623431,121.69824561403509,66.40789473684211,61.49038461538461,88.31603773584905,62.562893081761004,98.47909967845659,89.96981132075472,171.44015444015443,105.39150943396227,40.48,89.96484375,51.18359375,79.98461538461538,55.58270676691729,75.8125,93.03041825095058,17.755102040816325,135.1048387096774,93.8362369337979,121.91596638655462,51.29657794676806,94.62814070351759,9.520958083832335,113.27936507936508,78.30604982206405,57.579787234042556,50.164556962025316,154.13970588235293,44.038022813688215,53.940298507462686,142.70044052863437,46.180952380952384,67.37826086956522,56.94509803921569,56.66134185303515,136.51030927835052,66.04296875,58.44444444444444,49.52066115702479,75.47811447811448,28.907063197026023,107.52307692307693,57.126696832579185,50.13716814159292,37.677725118483416,138.83966244725738,105.29347826086956,48.83606557377049,113.90366972477064,116.56279069767442,59.0343347639485,111.36888888888889,75.73725490196078,50.29347826086956,49.33050847457627,103.52317880794702,77.7843137254902,90.71861471861472,146.2188679245283,101.76666666666667,117.34391534391534,34.6838905775076,64.51891891891891,37.98623853211009,34.21722846441948,22.984313725490196,76.15185185185184,157.80213903743316,80.43951612903226,50.81777777777778,118.44117647058823,60.69626168224299,93.9800796812749,50.747933884297524,67.48466257668711,100.49477351916376,112.90434782608696,65.46946564885496,154.28571428571428,53.862258953168045,42.57597173144876,217.605,201.50884955752213,69.02978723404256,68.83707865168539,197.04273504273505,71.8716814159292,115.77454545454546,54.71814671814672,167.296992481203,57.004926108374384,189.25,129.98245614035088,66.01948051948052,71.7927927927928,246.01063829787233,55.1764705882353,88.01486988847584,105.91244239631337,79.98518518518519,43.23694779116466,76.72558139534884,80.68794326241135,79.57051282051282,60.64462809917355,92.2295719844358,82.48706896551724,190.97348484848484,295.69348659003833,297.2468085106383,215.5340909090909,171.48754448398577,123.0958904109589,73.77987421383648,122.87280701754386,349.4485981308411,57.343283582089555,119.19063545150502,106.93768545994065,103.85057471264368,86.61904761904762,126.00952380952381,96.35357142857143,61.76190476190476,164.1,83.0,125.24766355140187,69.39393939393939,297.6243654822335
2,94.9090909090909,109.9940119760479,118.48017621145374,67.30584192439862,60.77405857740586,108.0701754385965,57.99013157894737,92.98076923076923,100.00943396226415,54.59119496855346,73.60771704180064,74.30188679245283,152.01930501930502,145.5188679245283,34.91,118.31640625,46.4921875,73.74615384615385,67.11654135338345,82.34765625,86.07984790874525,23.428571428571427,106.95967741935483,102.57839721254355,129.97899159663865,46.98859315589353,90.16582914572864,9.892215568862275,96.17460317460318,67.72597864768683,63.202127659574465,49.46835443037975,136.2058823529412,49.163498098859314,44.72761194029851,132.66079295154185,65.88571428571429,66.48260869565217,89.82745098039216,62.43769968051118,184.04123711340208,56.55078125,65.76767676767676,67.03305785123968,83.35353535353535,27.79553903345725,137.85641025641024,62.705882352941174,59.15486725663717,38.92417061611374,123.13502109704642,102.76811594202898,60.76639344262295,119.04587155963303,134.0279069767442,68.56652360515021,107.27111111111111,68.98039215686275,63.40217391304348,52.00423728813559,80.6887417218543,56.36764705882353,109.9047619047619,133.7622641509434,87.21851851851852,116.34920634920636,38.89665653495441,89.27567567567567,48.80275229357798,55.655430711610485,28.454901960784312,68.50740740740741,192.45454545454547,79.48790322580645,62.422222222222224,155.57843137254903,80.25233644859813,67.9601593625498,49.921487603305785,98.48466257668711,63.84320557491289,109.2695652173913,104.07251908396947,238.04285714285714,51.231404958677686,39.15194346289753,213.185,282.03097345132744,88.88085106382978,61.93258426966292,158.83760683760684,66.63274336283186,89.0109090909091,51.4980694980695,176.62406015037595,50.16256157635468,228.39285714285714,122.74561403508773,72.03571428571429,53.61711711711712,307.22872340425533,54.49321266968326,76.31226765799256,171.17972350230414,93.85185185185185,50.41767068273092,74.36279069767441,65.37588652482269,89.98076923076923,84.30165289256199,74.71984435797665,67.09051724137932,165.9848484848485,346.7049808429119,310.6085106382979,293.8636363636364,218.33096085409252,145.46575342465752,82.38364779874213,122.92543859649123,370.5140186915888,75.3731343283582,147.7591973244147,134.66765578635014,242.34865900383141,85.76190476190476,149.66349206349207,98.98928571428571,92.16402116402116,221.97391304347826,135.18691588785046,228.49532710280374,100.85714285714286,320.16751269035535
3,95.74891774891775,77.7874251497006,119.0,68.39518900343643,77.46861924686192,80.9719298245614,47.9046052631579,150.5625,99.99528301886792,57.35220125786164,47.98392282958199,68.6377358490566,121.22007722007721,155.25943396226415,36.785,126.82421875,45.80859375,70.55,74.43609022556392,98.015625,62.30798479087453,32.69897959183673,67.95564516129032,95.27526132404181,117.45798319327731,51.32319391634981,95.80904522613065,13.892215568862275,72.4031746031746,56.12455516014235,81.9627659574468,51.962025316455694,99.68382352941177,67.57414448669202,43.79477611940298,120.568281938326,87.69047619047619,62.482608695652175,125.67843137254901,58.30990415335463,196.81443298969072,49.703125,68.47979797979798,85.02892561983471,84.17171717171718,30.20817843866171,160.1179487179487,62.34389140271493,63.93805309734513,44.07109004739336,101.60759493670886,81.2463768115942,82.10245901639344,104.85321100917432,133.54418604651164,73.85407725321889,104.50666666666666,72.31764705882352,69.07608695652173,51.152542372881356,55.937086092715234,73.24019607843137,130.07792207792207,124.96981132075472,90.65555555555555,175.8042328042328,42.4984802431611,111.36216216216216,54.60091743119266,78.23595505617978,35.95294117647059,68.67407407407407,225.09625668449198,90.37096774193549,70.96444444444444,211.40196078431373,105.56542056074767,56.418326693227094,75.38842975206612,135.26993865030676,57.815331010452965,102.31304347826087,142.5801526717557,249.7357142857143,58.239669421487605,39.54416961130742,208.35,275.6371681415929,103.08085106382978,56.39887640449438,117.61538461538461,68.65044247787611,78.78181818181818,57.567567567567565,170.7330827067669,48.63054187192118,246.74642857142857,117.33333333333333,79.81168831168831,47.28378378378378,317.0744680851064,53.88235294117647,76.8736059479554,209.98617511520737,105.9037037037037,54.51807228915663,73.3906976744186,54.691489361702125,99.09615384615384,98.7107438016529,73.47470817120623,60.25431034482759,144.00757575757575,358.808429118774,304.6936170212766,300.45454545454544,222.2491103202847,202.1826484018265,93.43396226415095,110.4298245614035,371.60747663551405,108.6318407960199,146.19397993311037,133.15727002967358,278.51724137931035,83.22380952380952,138.55555555555554,96.95714285714286,127.43915343915344,249.2478260869565,170.03271028037383,245.7196261682243,127.66666666666667,315.9543147208122
4,80.47186147186147,51.778443113772454,104.06167400881057,60.80068728522337,92.96652719665272,79.43859649122807,48.38157894736842,152.21634615384616,100.89622641509433,62.09119496855346,43.97749196141479,76.88301886792453,115.95366795366796,113.61320754716981,42.67,108.9140625,52.578125,69.65384615384616,77.0375939849624,97.453125,57.06083650190114,33.98979591836735,43.346774193548384,91.7595818815331,92.07563025210084,59.0722433460076,88.10050251256281,16.32934131736527,67.63492063492063,49.88967971530249,116.47340425531915,58.65822784810127,75.4595588235294,73.74524714828897,40.5,113.27753303964758,98.74285714285715,65.37391304347825,141.11764705882354,54.846645367412144,188.98453608247422,46.57421875,62.005050505050505,96.13636363636364,80.62289562289563,37.09293680297398,155.93333333333334,81.50226244343891,65.11946902654867,68.33175355450237,80.21097046413502,70.48913043478261,96.29918032786885,89.42201834862385,218.36279069767443,79.72532188841201,84.81777777777778,82.62352941176471,96.625,65.40254237288136,45.49006622516556,84.95588235294117,127.50649350649351,108.10943396226415,87.3037037037037,246.0,46.57142857142857,149.68648648648647,68.19266055045871,83.92134831460675,32.294117647058826,68.55925925925926,244.00534759358288,100.7258064516129,76.92888888888889,230.25980392156862,137.50467289719626,51.90438247011952,97.47933884297521,158.079754601227,59.40766550522648,115.29565217391304,157.12213740458014,246.925,72.88980716253444,39.68904593639576,214.135,305.9026548672566,116.58723404255319,59.69662921348315,101.48717948717949,73.76548672566372,76.9090909090909,66.60617760617761,164.906015037594,50.63054187192118,249.72857142857143,125.10526315789474,70.68181818181819,52.869369369369366,319.8031914893617,72.95475113122171,87.18587360594796,222.86175115207374,128.71481481481482,61.622489959839356,75.0139534883721,52.3758865248227,94.33653846153847,98.14049586776859,85.17120622568093,59.35775862068966,130.07954545454547,344.3448275862069,297.3404255319149,270.35227272727275,195.48042704626334,266.29680365296804,94.66666666666667,128.99122807017545,367.70093457943926,100.38805970149254,124.23076923076923,129.1958456973294,283.7662835249042,80.05714285714286,105.33650793650794,108.56785714285714,201.015873015873,212.22608695652173,167.9018691588785,264.8551401869159,131.28138528138527,305.3248730964467
5,60.56709956709957,43.82335329341317,84.92070484581498,50.21649484536083,95.30125523012552,78.37894736842105,51.62828947368421,104.80288461538461,103.45283018867924,81.27358490566037,42.59163987138264,74.18867924528301,108.3050193050193,81.48113207547169,52.255,90.484375,63.79296875,72.52307692307693,84.69172932330827,86.5859375,59.5171102661597,38.86734693877551,40.49193548387097,85.82578397212544,67.67226890756302,65.73384030418251,81.86934673366834,16.880239520958085,77.94285714285714,56.1423487544484,98.05851063829788,75.41772151898734,64.96323529411765,72.79467680608364,44.23880597014925,110.90748898678414,83.17619047619047,64.83043478260869,140.3686274509804,61.70926517571885,151.98453608247422,49.8046875,70.58080808080808,106.68595041322314,84.28956228956228,48.52788104089219,156.8153846153846,114.15384615384616,75.15486725663717,79.97630331753554,73.45147679324894,72.67028985507247,86.3811475409836,108.66055045871559,259.6697674418605,101.02145922746782,72.56444444444445,100.24705882352941,115.86413043478261,75.91101694915254,47.811258278145694,136.7450980392157,125.5108225108225,92.0377358490566,86.0111111111111,256.015873015873,62.0790273556231,166.51351351351352,82.34862385321101,83.05992509363296,34.79607843137255,73.17037037037036,278.73262032085563,132.88709677419354,93.92444444444445,227.1813725490196,197.57476635514018,45.896414342629484,111.6694214876033,159.92638036809817,80.02787456445994,130.19130434782608,144.64503816793894,259.02142857142854,82.51239669421487,36.812720848056536,202.46,297.5132743362832,102.96170212765958,69.17977528089888,114.86324786324786,85.37610619469027,74.10909090909091,73.4942084942085,162.46616541353384,53.19704433497537,253.47857142857143,112.36842105263158,72.90259740259741,56.16216216216216,299.1489361702128,86.25339366515837,76.55762081784387,224.14285714285714,147.54444444444445,67.60240963855422,70.76279069767442,57.255319148936174,86.36538461538461,103.96694214876032,88.94552529182879,79.99137931034483,113.35606060606061,337.13409961685824,288.1531914893617,207.9848484848485,216.27758007117438,201.31963470319636,102.85534591194968,145.9561403508772,357.20093457943926,99.5273631840796,103.36120401337793,136.15727002967358,283.7931034482759,78.82857142857142,81.53015873015873,122.56785714285714,252.31216931216932,180.48260869565217,168.6214953271028,256.14953271028037,107.0,318.4263959390863
6,108.06926406926407,44.49101796407186,80.67400881057269,48.11340206185567,99.65690376569037,90.10526315789474,53.61184210526316,69.8701923076923,118.05188679245283,93.16666666666667,43.91639871382637,74.71320754716982,100.83011583011583,65.4245283018868,63.08,86.78125,72.6171875,71.37307692307692,92.06766917293233,73.66796875,63.844106463878326,39.795918367346935,46.74193548387097,84.68641114982579,56.470588235294116,76.55133079847909,97.47738693467336,19.838323353293415,81.82222222222222,66.85765124555161,87.26595744680851,88.29113924050633,81.80147058823529,69.36501901140684,52.11940298507463,106.94273127753304,67.63333333333334,75.67391304347827,120.65882352941176,61.14057507987221,150.1443298969072,64.21875,80.81818181818181,114.02892561983471,75.5959595959596,63.67657992565056,130.02564102564102,141.98190045248867,63.075221238938056,101.18009478672985,75.26582278481013,78.53985507246377,76.01229508196721,118.22935779816514,280.54418604651164,124.63090128755364,72.28,121.46274509803922,125.94021739130434,81.35593220338983,52.09602649006622,182.24019607843138,124.77056277056278,82.0,116.52962962962962,207.94179894179894,87.91489361702128,183.3783783783784,94.79357798165138,89.89513108614233,34.10980392156863,84.81851851851852,325.9732620320856,157.48790322580646,99.61333333333333,235.77450980392157,183.94392523364485,49.22709163346614,122.42561983471074,159.95092024539878,111.01742160278745,160.1304347826087,124.5,293.50357142857143,89.56749311294766,37.579505300353354,204.84,284.74778761061947,102.99148936170212,67.76404494382022,152.3760683760684,97.98230088495575,75.03272727272727,78.29729729729729,152.34962406015038,61.926108374384235,256.49642857142857,122.95614035087719,86.55194805194805,64.55405405405405,284.8404255319149,88.45701357466064,79.53903345724908,214.16589861751152,142.6037037037037,91.714859437751,70.07441860465116,62.92198581560284,77.55128205128206,97.56611570247934,78.34630350194553,118.11206896551724,97.08712121212122,324.3831417624521,278.9531914893617,271.030303030303,237.6797153024911,140.45662100456622,124.15723270440252,142.78070175438597,358.72429906542055,112.34328358208955,89.01003344481606,149.03560830860533,307.9463601532567,85.18571428571428,91.78730158730158,123.475,230.42857142857142,160.13478260869564,177.05607476635515,183.84579439252337,89.83116883116882,317.43654822335026
7,114.22943722943722,43.56586826347306,83.6431718061674,59.329896907216494,102.50627615062761,102.20701754385965,66.51315789473684,53.02403846153846,116.80188679245283,105.71698113207547,53.28295819935691,81.54716981132076,88.37065637065638,72.58490566037736,96.8,90.9765625,74.046875,73.28076923076924,86.63157894736842,70.7265625,86.06083650190114,41.84183673469388,67.79032258064517,73.95470383275261,63.42016806722689,96.01140684410646,133.321608040201,15.275449101796408,85.11111111111111,68.75800711743773,86.55851063829788,82.83544303797468,107.61764705882354,71.33460076045627,57.77238805970149,104.89867841409692,56.023809523809526,86.53478260869565,116.43137254901961,55.067092651757186,208.79896907216494,93.265625,126.35353535353535,105.49173553719008,68.52188552188552,63.82899628252788,114.31282051282051,117.74660633484163,55.39380530973451,150.22748815165878,79.50632911392405,95.07971014492753,75.91803278688525,113.55045871559633,287.4976744186047,140.09871244635193,75.27555555555556,161.89803921568628,117.67934782608695,75.44915254237289,55.00662251655629,173.4656862745098,176.4069264069264,84.34716981132075,156.4777777777778,194.2010582010582,100.75075987841946,199.42162162162163,110.3256880733945,97.9625468164794,33.48235294117647,96.89259259259259,319.7860962566845,159.47177419354838,101.26222222222222,240.3578431372549,142.28504672897196,60.689243027888445,119.41322314049587,154.4478527607362,146.37282229965157,194.96521739130435,104.8206106870229,302.5642857142857,101.74380165289256,38.879858657243815,197.475,243.1946902654867,111.88085106382978,81.08426966292134,251.94017094017093,115.02654867256638,72.61818181818182,96.56756756756756,151.36466165413535,80.19704433497537,244.65714285714284,108.62280701754386,106.0,67.40990990990991,226.89361702127658,115.27601809954751,96.86245353159852,285.55760368663596,156.38148148148147,168.26506024096386,73.57674418604651,68.12765957446808,84.94871794871794,101.8305785123967,94.43190661478599,134.72413793103448,88.0340909090909,316.6858237547893,276.5404255319149,313.7765151515151,253.40569395017795,104.44748858447488,121.47798742138365,156.28070175438597,352.2803738317757,221.43781094527364,82.43812709030101,186.59643916913947,302.09578544061304,113.38571428571429,98.2984126984127,123.875,193.61904761904762,129.1391304347826,275.2383177570093,83.51869158878505,87.3073593073593,315.33502538071065
8,73.23809523809524,48.90119760479042,97.74449339207048,70.32646048109966,93.92468619246861,101.23157894736842,75.25657894736842,44.15384615384615,112.9622641509434,100.83962264150944,75.09324758842443,85.2188679245283,84.35135135135135,84.18867924528301,118.98,92.91015625,79.1171875,75.13461538461539,75.85714285714286,67.93359375,124.92775665399239,36.68877551020408,80.14516129032258,59.77351916376307,81.50840336134453,87.20912547528518,148.77386934673368,13.550898203592814,78.90793650793651,67.06049822064057,102.27659574468085,82.22784810126582,131.5808823529412,79.36882129277566,68.25,84.66960352422907,46.05238095238095,103.76521739130435,86.08235294117647,61.61661341853035,193.91752577319588,105.8046875,140.62121212121212,97.95867768595042,65.37710437710437,57.680297397769515,89.92307692307692,98.6470588235294,69.35840707964601,173.48815165876778,80.58649789029536,94.03260869565217,69.15573770491804,105.6743119266055,211.15348837209302,152.3304721030043,75.99111111111111,167.46274509803922,109.07065217391305,85.38135593220339,52.19205298013245,174.95098039215685,175.45454545454547,101.73962264150943,168.64074074074074,196.44973544973544,92.790273556231,222.18378378378378,110.39449541284404,96.04119850187266,36.14509803921569,102.64444444444445,328.8983957219251,157.5,94.14222222222222,241.2156862745098,112.7196261682243,69.2191235059761,105.26859504132231,145.03067484662577,164.89547038327527,210.45217391304348,96.5114503816794,299.66785714285714,95.82093663911846,39.71378091872791,194.015,258.96902654867256,107.86382978723404,88.75280898876404,305.54700854700855,159.8849557522124,81.90545454545455,135.23552123552125,142.85338345864662,123.42857142857143,265.35714285714283,123.71929824561404,118.8961038961039,77.86936936936937,276.78723404255317,129.35294117647058,101.37546468401487,323.95391705069125,218.15185185185186,225.39357429718876,71.23720930232558,70.29432624113475,106.85576923076923,115.22727272727273,111.81322957198444,146.5,86.61742424242425,316.98850574712645,268.92340425531916,322.125,249.77224199288256,93.35616438356165,112.71698113207547,192.9561403508772,342.2897196261682,280.0348258706468,93.88963210702342,223.57566765578636,279.43295019157085,148.01904761904763,137.82222222222222,112.58571428571429,133.65079365079364,144.81739130434784,315.7803738317757,53.86915887850467,99.32900432900433,309.3197969543147
9,38.731601731601735,51.78443113772455,104.24229074889868,69.6082474226804,95.80334728033473,102.63157894736842,69.1842105263158,43.83653846153846,115.80188679245283,100.29245283018868,96.54983922829582,94.56226415094339,81.06177606177606,86.84433962264151,105.8,77.375,88.1015625,72.75384615384615,66.23684210526316,63.1484375,127.93536121673004,41.234693877551024,78.3024193548387,53.46341463414634,104.3781512605042,80.54372623574145,118.4070351758794,16.197604790419163,70.15873015873017,61.67259786476868,111.24468085106383,75.74683544303798,159.73529411764707,73.89733840304183,88.36567164179104,83.46255506607929,52.523809523809526,107.06521739130434,60.92941176470588,62.83067092651757,125.16494845360825,100.06640625,152.489898989899,91.33471074380165,56.225589225589225,67.06691449814126,117.67692307692307,88.02714932126698,108.14159292035399,159.30805687203792,80.42194092827005,95.56521739130434,60.040983606557376,142.27981651376146,203.74418604651163,133.05579399141632,78.02666666666667,171.4,135.92391304347825,98.97033898305085,56.586092715231786,179.05882352941177,150.97402597402598,117.62641509433962,186.06666666666666,215.8783068783069,79.87841945288754,223.0,98.60091743119266,95.1685393258427,33.16470588235294,110.4074074074074,331.4598930481283,124.52822580645162,99.74666666666667,371.51960784313724,94.27570093457943,73.04382470119522,96.09917355371901,171.23312883435582,165.8885017421603,209.41739130434783,118.23282442748092,297.2107142857143,88.29201101928375,37.265017667844525,184.57,267.99557522123894,126.1404255319149,93.5505617977528,308.8974358974359,180.03982300884957,95.60727272727273,131.93822393822393,147.84962406015038,151.79802955665025,267.47857142857146,111.63157894736842,122.37337662337663,105.6036036036036,230.27659574468086,129.2398190045249,118.41263940520446,325.9032258064516,259.73703703703706,246.5140562248996,69.52558139534884,74.23758865248227,124.94551282051282,191.8305785123967,124.14396887159533,142.56896551724137,95.16666666666667,310.4597701149425,277.83829787234043,330.1628787878788,254.1423487544484,73.27397260273973,114.84905660377359,200.72368421052633,335.0747663551402,290.2039800995025,104.00334448160535,235.96142433234422,280.9655172413793,162.36666666666667,178.4857142857143,102.81428571428572,94.77248677248677,184.33913043478262,357.9158878504673,53.42056074766355,126.9004329004329,296.005076142132
10,30.98701298701299,59.52395209580838,101.42731277533039,63.61168384879725,92.5857740585774,114.92631578947369,62.75,48.74038461538461,123.92924528301887,99.07861635220125,110.54340836012862,94.07169811320755,87.76447876447877,86.55188679245283,91.83,77.87109375,91.88671875,75.26153846153846,74.51503759398496,73.265625,99.41444866920152,47.61224489795919,83.25,59.937282229965156,126.86134453781513,69.65019011406844,156.35175879396985,18.724550898203592,66.47301587301587,64.15658362989323,169.1968085106383,86.68354430379746,137.43382352941177,68.75285171102662,102.48134328358209,132.4713656387665,83.81428571428572,113.67391304347827,57.86274509803921,81.04472843450479,144.56701030927834,95.67578125,157.53535353535352,90.7603305785124,57.67003367003367,83.53159851301115,161.9897435897436,82.12217194570135,151.2433628318584,176.40284360189574,90.0632911392405,89.27173913043478,62.467213114754095,157.69266055045873,188.11162790697674,97.85407725321889,82.2088888888889,166.57254901960783,172.2391304347826,99.01271186440678,63.87417218543046,175.7156862745098,117.85281385281385,125.66792452830188,193.2074074074074,274.16402116402116,86.1306990881459,211.43243243243242,80.93119266055047,92.82397003745318,33.76862745098039,120.93333333333334,325.3422459893048,114.9274193548387,89.46222222222222,381.5343137254902,80.3785046728972,77.12749003984064,90.75206611570248,210.82208588957056,189.1219512195122,167.58260869565217,140.42748091603053,287.45714285714286,102.3030303030303,38.85512367491166,194.98,310.6946902654867,163.49787234042554,82.21910112359551,218.86324786324786,213.06194690265488,125.0,127.9034749034749,137.5187969924812,146.26108374384236,265.7607142857143,114.8859649122807,135.4512987012987,129.44144144144144,234.91489361702128,160.21266968325793,120.635687732342,326.7741935483871,257.7518518518518,246.81124497991968,70.18604651162791,75.06382978723404,136.82371794871796,203.82644628099175,151.3112840466926,152.72413793103448,107.5,304.9846743295019,256.70212765957444,313.3484848484849,251.9964412811388,65.1324200913242,121.78616352201257,197.53070175438597,319.2102803738318,278.1442786069652,114.21739130434783,221.91691394658753,267.7931034482759,190.05238095238096,193.45079365079366,96.12142857142857,82.91005291005291,224.16521739130434,361.1775700934579,85.91588785046729,156.2943722943723,283.47715736040607
11,36.47186147186147,65.37425149700599,110.56387665198238,65.93127147766323,85.32635983263599,107.9578947368421,63.3125,60.31730769230769,134.03773584905662,109.8993710691824,92.45016077170418,95.13584905660377,92.4054054054054,89.79245283018868,94.065,83.75,88.78515625,76.97692307692307,99.12781954887218,84.1484375,88.6083650190114,42.816326530612244,77.95967741935483,63.21602787456446,150.65546218487395,62.72623574144487,158.6532663316583,21.101796407185628,61.71111111111111,60.494661921708186,184.61170212765958,91.53164556962025,100.44485294117646,73.34220532319392,108.29850746268657,154.48458149779736,104.14761904761905,112.86086956521739,61.576470588235296,90.17891373801918,244.43814432989691,87.24609375,143.41919191919192,97.41322314049587,73.81481481481481,69.50557620817844,178.5076923076923,73.0633484162896,155.19026548672565,212.25118483412322,101.76793248945148,80.06159420289855,68.56147540983606,144.8165137614679,238.96279069767442,87.57510729613733,87.91111111111111,156.89019607843136,182.65217391304347,106.09745762711864,102.55298013245033,175.31372549019608,114.60606060606061,127.60754716981133,189.94814814814814,349.8412698412698,77.62917933130699,230.38918918918918,75.80733944954129,87.62172284644194,32.917647058823526,123.25555555555556,308.5882352941176,114.4758064516129,79.78666666666666,376.328431372549,110.30373831775701,79.3187250996016,95.80165289256199,238.69325153374234,206.16376306620208,168.01739130434783,155.48091603053436,266.20714285714286,117.4931129476584,34.89399293286219,170.38,325.88495575221236,180.2127659574468,69.50561797752809,183.9059829059829,213.99115044247787,141.76,112.38996138996139,135.62406015037595,125.77339901477832,257.07142857142856,104.97368421052632,132.58441558441558,148.3108108108108,246.2659574468085,130.20814479638008,117.6542750929368,345.4009216589862,257.1148148148148,255.70682730923696,66.54883720930232,77.18085106382979,145.68910256410257,186.15289256198346,187.3229571984436,146.29741379310346,133.2840909090909,293.44827586206895,252.39574468085107,306.4280303030303,243.46619217081852,121.30593607305936,105.0251572327044,184.53070175438597,310.47196261682245,276.1442786069652,131.49498327759198,195.5845697329377,273.4406130268199,176.54761904761904,199.76825396825396,101.03571428571429,183.6137566137566,240.9,350.39719626168227,232.74766355140187,203.05627705627705,275.7005076142132
12,50.71861471861472,66.93413173652695,137.62555066079295,69.29553264604812,83.581589958159,80.69122807017544,64.83552631578948,74.70192307692308,152.0754716981132,116.85220125786164,68.64308681672026,94.27547169811321,91.74131274131274,85.90566037735849,86.625,99.984375,88.87109375,76.16153846153846,108.54135338345864,95.8359375,80.41444866920152,42.61224489795919,70.75403225806451,65.49825783972125,167.84453781512605,64.99239543726236,177.80904522613065,19.02994011976048,67.12063492063493,61.04626334519573,193.74468085106383,97.39240506329114,93.0845588235294,66.7680608365019,106.16044776119404,195.91629955947135,101.67142857142858,108.43478260869566,75.34509803921569,115.1373801916933,291.69072164948454,85.91796875,162.8989898989899,109.75206611570248,89.27946127946127,50.698884758364315,178.44102564102565,89.23076923076923,108.53539823008849,224.6824644549763,175.48523206751054,84.84420289855072,71.31557377049181,172.38990825688074,283.9488372093023,86.55793991416309,141.85777777777778,171.01176470588234,184.69565217391303,102.23728813559322,117.62913907284768,160.79901960784315,125.36796536796537,102.89056603773585,196.28518518518518,348.5978835978836,65.36474164133739,230.65405405405406,73.60091743119266,85.16104868913858,31.392156862745097,127.28518518518518,315.3475935828877,133.05241935483872,123.61333333333333,376.9117647058824,141.50934579439252,88.43426294820718,98.86363636363636,236.17791411042944,181.0452961672474,166.38260869565218,162.4732824427481,262.3071428571429,125.81267217630854,35.03886925795053,179.65,339.929203539823,211.32340425531916,75.56741573033707,172.03418803418805,197.52654867256638,153.26545454545453,136.0810810810811,131.0639097744361,118.6896551724138,256.74285714285713,105.34210526315789,141.07467532467533,145.55855855855856,206.55851063829786,106.94117647058823,113.73977695167287,351.68663594470047,243.5851851851852,232.0120481927711,65.41395348837209,88.76950354609929,153.875,143.87603305785123,218.58365758754863,144.9655172413793,156.11363636363637,292.1992337164751,242.65106382978723,298.5719696969697,238.48398576512454,234.36529680365297,113.34591194968553,195.49561403508773,302.10747663551405,192.23383084577114,169.3979933110368,233.60237388724036,278.09578544061304,176.5952380952381,190.0857142857143,117.925,256.0,291.11739130434785,336.32710280373834,254.68691588785046,252.46320346320346,272.8274111675127
13,71.49350649350649,63.15269461077844,156.7136563876652,73.0,80.61506276150628,83.93684210526315,69.71381578947368,88.53846153846153,152.23584905660377,137.74213836477986,62.79742765273312,97.72830188679245,88.14285714285714,95.2122641509434,80.03,114.5234375,89.73046875,74.39615384615385,120.88721804511279,94.3125,90.13688212927757,55.39795918367347,77.91129032258064,72.02787456445994,153.4075630252101,71.7680608365019,151.55778894472363,24.892215568862277,70.95238095238095,66.76512455516014,194.89361702127658,99.88607594936708,96.55147058823529,72.23574144486692,93.67910447761194,214.05726872246697,106.5952380952381,106.28695652173913,92.70196078431373,116.45367412140575,267.4742268041237,83.4453125,212.75252525252526,110.93801652892562,98.86531986531986,51.79925650557621,167.21025641025642,131.9185520361991,83.52212389380531,217.86729857819904,214.49367088607596,81.71376811594203,79.01639344262296,180.36697247706422,296.1720930232558,93.67381974248927,218.35555555555555,162.69019607843137,208.34782608695653,100.27966101694915,110.01655629139073,180.94117647058823,149.92207792207793,91.78490566037736,200.05555555555554,344.84656084656086,65.27963525835867,263.22162162162164,82.06422018348624,85.53932584269663,29.929411764705883,118.98148148148148,308.47058823529414,177.93145161290323,205.47555555555556,377.3137254901961,230.21028037383178,97.18725099601593,106.43388429752066,267.8773006134969,220.22996515679444,157.17391304347825,169.4732824427481,262.13214285714287,131.53994490358127,34.28975265017668,181.355,349.2433628318584,263.668085106383,128.1011235955056,149.89743589743588,186.1504424778761,169.21454545454546,158.44787644787644,134.82706766917292,119.90147783251231,257.5464285714286,83.3157894736842,164.11363636363637,132.0810810810811,200.38297872340425,94.73755656108597,111.78810408921933,363.58986175115206,253.32592592592593,183.21686746987953,60.27906976744186,92.00709219858156,197.51282051282053,133.72314049586777,224.42801556420233,183.7456896551724,178.4318181818182,291.8429118773946,246.93617021276594,298.52272727272725,245.41637010676158,243.4840182648402,139.62264150943398,213.02631578947367,311.1682242990654,189.0547263681592,210.2173913043478,256.46884272997033,289.2183908045977,174.47142857142856,209.68253968253967,120.36428571428571,279.36507936507934,302.0695652173913,332.3738317757009,264.58878504672896,274.86580086580085,309.0761421319797
14,105.57575757575758,66.99101796407186,152.40528634361235,82.61855670103093,66.43514644351464,102.68070175438596,75.14802631578948,90.09615384615384,127.92924528301887,155.75157232704402,69.09967845659163,97.06037735849057,103.86872586872587,104.17924528301887,96.175,140.40234375,107.2890625,68.35,131.95864661654136,93.90234375,86.63498098859316,51.90816326530612,85.9274193548387,80.89198606271778,158.01680672268907,72.60456273764258,112.61306532663316,23.856287425149702,71.87936507936507,69.97508896797153,201.37234042553192,105.0379746835443,84.94117647058823,89.49809885931559,84.31343283582089,209.1806167400881,103.58571428571429,151.11304347826086,105.37647058823529,123.13099041533546,252.659793814433,88.68359375,236.67171717171718,105.38429752066116,109.39057239057239,60.10780669144982,191.2974358974359,190.6606334841629,105.8716814159292,179.24170616113744,222.70042194092827,82.47826086956522,88.77459016393442,182.9862385321101,305.0279069767442,88.67811158798283,233.42222222222222,171.54901960784315,212.67391304347825,119.32627118644068,96.07615894039735,180.80882352941177,158.73593073593074,94.3811320754717,207.21851851851852,326.5925925925926,68.62310030395136,276.15675675675675,78.41743119266054,84.0187265917603,33.70196078431373,124.44444444444444,328.5668449197861,178.66129032258064,232.8088888888889,369.38235294117646,243.35046728971963,97.19123505976096,112.5,313.13496932515335,249.43554006968643,198.80869565217392,176.08396946564886,265.98214285714283,116.7961432506887,34.79858657243816,179.745,341.5221238938053,283.82978723404256,219.32022471910113,191.8034188034188,182.67256637168143,227.6690909090909,136.22393822393823,129.75563909774436,129.79802955665025,250.99285714285713,93.32456140350877,173.2012987012987,140.36936936936937,216.54787234042553,150.7285067873303,112.182156133829,360.50230414746545,255.35185185185185,203.1164658634538,63.562790697674416,95.18794326241135,240.01602564102564,149.41322314049586,231.81322957198444,182.1293103448276,196.65530303030303,292.65900383141764,243.9787234042553,297.34090909090907,249.17081850533808,256.75342465753425,183.75471698113208,222.32894736842104,304.8878504672897,276.40796019900495,222.19397993311037,263.02967359050444,286.30268199233717,165.43809523809523,242.77142857142857,122.40714285714286,279.978835978836,291.0913043478261,343.2943925233645,265.5093457943925,262.94372294372295,289.51776649746193
15,127.81818181818181,69.74251497005989,150.26431718061673,85.62542955326461,66.92468619246861,137.38245614035088,73.85197368421052,99.7451923076923,101.71698113207547,136.72327044025158,82.58842443729904,92.68301886792453,134.87258687258688,128.3066037735849,95.345,160.71875,107.49609375,63.261538461538464,135.87218045112783,93.16015625,91.03041825095058,40.89795918367347,75.96774193548387,82.82926829268293,155.66806722689077,85.30418250950571,94.94472361809045,22.61676646706587,73.0031746031746,66.29537366548043,175.96808510638297,122.77215189873418,88.19485294117646,104.53992395437263,90.17164179104478,205.04845814977975,102.31904761904762,202.4913043478261,105.96470588235294,132.84345047923324,296.4896907216495,107.16796875,217.4090909090909,125.58264462809917,103.83838383838383,60.56505576208178,219.52307692307693,196.69230769230768,180.07522123893804,215.6350710900474,204.18565400843883,98.68478260869566,88.40163934426229,182.57339449541286,338.2418604651163,119.79399141630901,218.20888888888888,175.55686274509804,247.43478260869566,184.92796610169492,91.4205298013245,167.9264705882353,168.2770562770563,113.31320754716981,208.0962962962963,352.1746031746032,78.76595744680851,312.25405405405405,81.30275229357798,84.49063670411985,30.08235294117647,133.73333333333332,309.44919786096256,157.1048387096774,240.91555555555556,388.328431372549,227.9532710280374,90.4780876494024,128.88842975206612,325.1411042944785,256.2229965156794,220.56521739130434,165.12977099236642,262.89642857142854,103.34710743801652,33.80918727915194,176.615,352.2699115044248,255.6936170212766,224.85955056179776,254.16239316239316,186.75221238938053,273.7818181818182,127.06177606177606,132.2406015037594,124.76847290640394,251.49285714285713,92.16666666666667,186.26623376623377,142.1936936936937,239.2712765957447,211.20361990950227,150.3345724907063,374.39170506912444,254.62222222222223,270.9759036144578,56.06046511627907,89.19858156028369,251.9551282051282,218.71074380165288,231.51750972762645,168.47413793103448,209.35227272727272,286.86590038314176,244.06808510638297,296.82575757575756,269.0462633451957,266.1415525114155,189.46540880503144,237.6140350877193,301.9018691588785,350.76119402985074,254.83277591973246,262.4183976261128,286.7011494252874,150.59047619047618,270.12698412698415,143.20357142857142,284.8412698412698,284.5086956521739,363.0373831775701,254.54205607476635,230.4805194805195,278.47715736040607
16,100.02164502164503,74.7814371257485,129.9647577092511,85.24742268041237,78.8326359832636,141.25263157894736,85.64802631578948,106.41346153846153,93.17924528301887,129.0566037735849,84.41157556270096,81.49811320754716,158.1196911196911,135.94811320754718,83.125,158.0,117.8984375,63.91153846153846,135.203007518797,88.98828125,101.96197718631178,39.88775510204081,73.81048387096774,88.91289198606272,129.3655462184874,98.212927756654,149.5427135678392,28.05389221556886,73.96825396825396,70.72597864768683,146.2127659574468,132.13924050632912,141.11029411764707,111.2851711026616,104.5410447761194,243.30837004405285,108.97142857142858,205.47391304347826,106.17647058823529,124.03833865814697,318.80927835051546,123.8046875,200.77777777777777,132.93801652892563,94.23905723905725,73.80669144981412,216.28205128205127,186.0497737556561,192.9070796460177,216.95260663507108,129.89029535864978,105.42753623188406,96.80327868852459,179.27981651376146,357.7395348837209,132.4892703862661,146.5377777777778,180.65098039215687,251.5923913043478,199.96610169491527,89.63907284768212,172.9607843137255,234.9047619047619,167.70188679245283,203.52962962962962,332.78306878306876,96.24316109422493,322.76756756756754,102.6651376146789,85.73033707865169,29.807843137254903,123.30740740740741,307.14438502673795,151.33467741935485,209.7511111111111,353.30392156862746,231.42056074766356,84.07171314741036,146.27685950413223,319.6871165644172,248.9512195121951,269.23478260869564,165.63740458015266,256.1,106.4573002754821,35.52650176678445,196.97,351.070796460177,215.57872340425533,173.1629213483146,319.55555555555554,211.94690265486724,285.58181818181816,127.13899613899613,126.0,109.16256157635468,246.39285714285714,95.83333333333333,201.64935064935065,151.4099099099099,239.99468085106383,235.64253393665157,202.04460966542752,366.2442396313364,250.1259259259259,284.30522088353416,58.67906976744186,88.10992907801419,253.87179487179486,238.0909090909091,249.27237354085602,165.68534482758622,215.8939393939394,282.0153256704981,234.20851063829787,283.63257575757575,270.70462633451956,282.6849315068493,175.8490566037736,234.49561403508773,295.1355140186916,356.5422885572139,273.7190635451505,261.88427299703267,287.9808429118774,172.1238095238095,278.55238095238093,152.24285714285713,295.6084656084656,256.7173913043478,355.5841121495327,261.9018691588785,234.23376623376623,266.11675126903555
17,72.97835497835497,88.76946107784431,89.02643171806167,108.28865979381443,86.43096234309624,144.31578947368422,136.36184210526315,99.04326923076923,92.7122641509434,128.9245283018868,101.39549839228296,69.7433962264151,152.72972972972974,140.97641509433961,81.205,132.0078125,130.96484375,68.26538461538462,112.44736842105263,92.1484375,137.98859315589354,44.82142857142857,95.83870967741936,91.78048780487805,108.1890756302521,96.65019011406844,214.14070351758795,33.38922155688623,80.63174603174603,89.71886120996442,130.87765957446808,128.8987341772152,201.81617647058823,124.14828897338403,112.2089552238806,269.5374449339207,114.44761904761904,184.81739130434784,110.70588235294117,126.58466453674122,337.1340206185567,124.6015625,175.44949494949495,114.70661157024793,81.26262626262626,87.78066914498142,209.03076923076924,176.54751131221718,201.28318584070797,207.6398104265403,80.17721518987342,121.33333333333333,103.12295081967213,176.9954128440367,359.90232558139536,150.206008583691,115.16888888888889,178.28627450980392,252.85326086956522,210.90677966101694,102.86423841059603,166.6813725490196,251.12554112554113,206.3924528301887,198.6888888888889,336.031746031746,122.99088145896657,317.25405405405405,159.13302752293578,83.53932584269663,28.070588235294117,146.22962962962964,302.2834224598931,182.625,136.20888888888888,370.45098039215685,196.69626168224298,97.78884462151395,158.32231404958677,308.81595092024537,247.42160278745644,250.04347826086956,149.90076335877862,253.43214285714285,150.87878787878788,35.52650176678445,191.02,352.0929203539823,227.28936170212765,124.87078651685393,330.7606837606838,241.6504424778761,298.94545454545454,149.94594594594594,128.7218045112782,92.37931034482759,239.08928571428572,100.98245614035088,213.37012987012986,158.7027027027027,244.53191489361703,245.94570135746605,236.03345724907064,368.55299539170505,246.83703703703705,294.574297188755,60.29302325581396,99.37234042553192,259.37179487179486,236.1900826446281,279.7003891050584,187.59913793103448,200.53787878787878,287.5632183908046,234.80851063829786,283.25757575757575,267.2348754448399,291.16438356164383,174.51572327044025,239.0921052631579,296.9299065420561,346.50248756218906,282.81270903010034,253.6854599406528,286.04597701149424,184.89523809523808,276.6095238095238,170.52857142857144,264.14285714285717,228.93478260869566,354.73364485981307,273.4299065420561,227.08658008658008,258.25380710659897
18,49.277056277056275,108.37125748502994,79.59911894273128,131.70446735395188,100.20083682008368,155.3122807017544,151.06578947368422,90.15865384615384,99.03301886792453,136.74528301886792,124.7781350482315,68.08301886792452,143.27413127413126,139.27358490566039,95.99,121.83984375,140.0546875,72.43846153846154,108.46616541353383,114.46484375,142.23954372623575,49.21938775510204,151.19758064516128,100.40766550522648,124.38235294117646,104.60456273764258,226.35175879396985,35.82634730538922,94.12063492063493,102.22064056939502,166.86702127659575,133.72151898734177,212.1691176470588,137.0684410646388,125.42537313432835,277.5374449339207,105.16666666666667,172.40869565217392,124.83921568627451,155.12460063897763,336.41752577319585,124.3515625,251.16666666666666,112.07851239669421,80.85185185185185,95.6728624535316,214.2153846153846,166.44343891402715,200.60176991150442,217.85308056872037,70.9113924050633,125.10507246376811,121.68852459016394,185.6834862385321,366.57674418604654,181.14163090128756,127.02222222222223,182.60392156862744,259.0597826086956,230.41949152542372,113.83112582781457,171.88725490196077,226.46753246753246,236.1735849056604,204.86296296296297,304.78306878306876,171.17021276595744,327.0972972972973,201.41743119266056,83.52434456928839,28.749019607843138,201.45925925925926,288.9465240641711,189.48790322580646,103.00888888888889,359.421568627451,137.6822429906542,124.86852589641434,184.78099173553719,314.29447852760734,253.18118466898954,203.16521739130434,145.74427480916032,253.475,184.7520661157025,35.71731448763251,178.185,365.32300884955754,262.6340425531915,107.96067415730337,328.1709401709402,282.4911504424779,303.8872727272727,151.24710424710426,132.2406015037594,110.01970443349754,243.93214285714285,102.63157894736842,216.30194805194805,202.3153153153153,226.20744680851064,247.5837104072398,241.16728624535315,365.8663594470046,251.40740740740742,305.9759036144578,60.990697674418605,131.76241134751774,265.07371794871796,243.51239669421489,285.94163424124514,211.08189655172413,240.13636363636363,281.2911877394636,232.18297872340426,288.375,272.7259786476868,291.49771689497715,188.37106918238993,242.6578947368421,297.43457943925233,361.9303482587065,315.4247491638796,256.3086053412463,273.088122605364,207.5142857142857,279.9809523809524,219.39285714285714,295.0529100529101,258.8695652173913,358.50467289719626,274.86915887850466,243.32467532467533,262.1776649746193
19,42.77922077922078,106.0,89.89427312775331,131.69415807560136,110.07112970711297,157.85263157894738,150.9934210526316,85.5625,119.33962264150944,154.08490566037736,160.69774919614147,72.9132075471698,138.34362934362935,136.6179245283019,102.555,149.5546875,149.6484375,79.00384615384615,112.60526315789474,124.87890625,165.60836501901142,54.173469387755105,169.61693548387098,106.37282229965157,178.13025210084032,116.99619771863118,242.76884422110552,26.92814371257485,91.00952380952381,110.26334519572954,202.14361702127658,133.59493670886076,229.16544117647058,149.7832699619772,136.26865671641792,273.92070484581495,126.46666666666667,135.7521739130435,128.0078431372549,149.2555910543131,301.7319587628866,139.4296875,241.0050505050505,137.28099173553719,83.35353535353535,133.43866171003717,210.96410256410257,127.05882352941177,196.6150442477876,222.97630331753555,95.21940928270043,129.41666666666666,139.827868852459,180.44036697247705,376.31627906976746,180.0343347639485,194.88888888888889,178.32156862745097,268.4728260869565,227.33050847457628,125.36092715231788,169.31372549019608,198.72727272727272,240.4867924528302,202.43703703703704,316.25396825396825,184.48632218844986,329.05945945945945,197.63761467889907,84.68913857677903,27.87450980392157,220.57407407407408,297.85561497326205,213.43951612903226,99.04444444444445,375.6519607843137,124.16822429906541,152.52988047808765,201.4297520661157,312.87116564417175,246.59233449477352,221.4695652173913,175.03435114503816,253.28214285714284,205.5785123966942,34.69964664310954,173.345,365.2787610619469,274.9021276595745,93.88764044943821,331.1880341880342,285.9026548672566,303.9127272727273,145.44787644787644,129.26315789473685,133.23152709359607,240.12142857142857,91.40350877192982,218.28246753246754,296.0765765765766,218.35638297872342,238.75113122171945,268.5018587360595,365.0414746543779,245.3037037037037,314.43775100401604,53.18604651162791,139.53900709219857,263.4294871794872,234.46694214876032,287.5058365758755,223.19827586206895,292.15909090909093,271.5249042145594,226.9787234042553,281.1401515151515,267.5978647686833,292.662100456621,190.80503144654088,257.5131578947368,291.97196261682245,348.19900497512435,332.66889632107024,248.32344213649853,263.67432950191574,212.21428571428572,273.67619047619047,278.7892857142857,279.65608465608466,284.4217391304348,348.2616822429907,297.89252336448595,258.6190476190476,264.79187817258884
20,42.701298701298704,118.53293413173652,129.69162995594715,126.66666666666667,112.53556485355648,160.98245614035088,170.51644736842104,82.375,138.96698113207546,160.9433962264151,169.99678456591639,81.67169811320754,141.0733590733591,133.22169811320754,120.865,203.2421875,190.6171875,86.82307692307693,127.11654135338345,142.09375,164.79087452471484,58.41836734693877,218.16129032258064,104.13240418118467,213.4033613445378,126.2319391634981,234.4321608040201,39.68862275449102,83.5968253968254,125.11743772241992,202.0159574468085,132.34177215189874,235.49264705882354,181.14448669201522,144.52985074626866,284.72246696035245,125.41428571428571,121.11304347826086,123.31764705882352,151.62300319488818,342.0670103092784,206.99609375,285.520202020202,188.04132231404958,89.79461279461279,141.2193308550186,203.45128205128205,106.36199095022624,195.45575221238937,205.0568720379147,174.9367088607595,121.22101449275362,127.95081967213115,177.92660550458714,374.45116279069765,205.7725321888412,199.5377777777778,174.64313725490197,266.29891304347825,221.41525423728814,149.83774834437085,173.8578431372549,157.28571428571428,236.10943396226415,201.52592592592592,325.27513227513225,164.72644376899697,329.17297297297296,218.454128440367,84.03370786516854,28.949019607843137,229.76666666666668,310.01604278074865,246.72177419354838,181.35555555555555,361.52941176470586,118.30841121495327,194.0398406374502,226.400826446281,313.99386503067484,248.3588850174216,248.94782608695652,198.94274809160305,246.625,199.95592286501378,34.879858657243815,178.71,361.7699115044248,279.6340425531915,153.87078651685394,334.5726495726496,275.6371681415929,304.0254545454545,132.1081081081081,136.30075187969925,159.2512315270936,236.3357142857143,94.95614035087719,206.5,300.0135135135135,220.28191489361703,238.5158371040724,256.7657992565056,356.2672811059908,248.25555555555556,298.90763052208837,56.19069767441861,152.81914893617022,270.5576923076923,253.80578512396696,279.3346303501946,216.97413793103448,308.17424242424244,270.3486590038314,226.88936170212767,275.5151515151515,259.7224199288256,298.42922374429224,189.66037735849056,245.9517543859649,283.9299065420561,327.5124378109453,354.03344481605353,246.97032640949556,263.27203065134097,206.3904761904762,281.1142857142857,294.32142857142856,282.8888888888889,288.995652173913,333.0093457943925,290.0373831775701,276.24675324675326,259.7817258883249
21,47.865800865800864,136.91017964071855,183.2202643171806,140.4020618556701,101.69037656903765,164.9157894736842,157.29934210526315,78.88942307692308,154.50943396226415,168.71698113207546,146.7009646302251,84.66037735849056,130.3976833976834,162.06132075471697,121.9,208.90625,198.859375,100.86538461538461,126.87218045112782,160.71484375,171.81749049429658,64.26530612244898,212.77822580645162,97.11149825783973,224.55882352941177,150.3764258555133,259.321608040201,38.18562874251497,79.04126984126984,144.0747330960854,215.88829787234042,133.29113924050634,240.0183823529412,188.0684410646388,164.9179104477612,282.85022026431716,129.1238095238095,121.00869565217391,140.54901960784315,155.2300319488818,305.13917525773195,250.68359375,257.1060606060606,219.28925619834712,104.86531986531986,130.7174721189591,206.9025641025641,168.1131221719457,206.641592920354,212.06635071090048,223.72995780590716,110.98913043478261,128.0983606557377,179.58256880733944,381.8511627906977,205.90987124463518,232.5511111111111,175.8470588235294,271.94565217391306,234.30084745762713,173.5562913907285,162.89705882352942,188.34199134199133,239.9811320754717,202.28518518518518,320.83597883597884,186.66261398176292,337.4810810810811,202.39449541284404,81.2434456928839,25.858823529411765,234.23703703703703,286.379679144385,254.28629032258064,240.44444444444446,360.8970588235294,201.58878504672896,233.95219123505976,256.2892561983471,320.2515337423313,249.49825783972125,279.2782608695652,195.24427480916032,244.19642857142858,193.63636363636363,30.42756183745583,199.25,356.54424778761063,288.7191489361702,242.91011235955057,354.43589743589746,275.14159292035396,304.8363636363636,141.1930501930502,143.80827067669173,224.935960591133,231.23214285714286,91.02631578947368,205.25974025974025,275.1666666666667,234.83510638297872,255.88235294117646,249.94795539033458,343.5622119815668,246.9037037037037,300.40562248995985,57.93023255813954,199.93617021276594,268.31410256410254,264.92148760330576,283.6887159533074,206.43103448275863,305.0151515151515,274.7318007662835,225.668085106383,272.780303030303,262.12811387900354,318.8173515981735,186.67924528301887,242.25438596491227,298.3878504672897,326.6318407960199,355.5150501672241,245.71216617210683,256.9310344827586,208.3904761904762,283.5777777777778,304.73571428571427,285.29100529100526,292.6217391304348,321.6542056074766,292.56542056074767,267.8138528138528,258.38578680203045
22,90.16883116883118,140.68263473053892,217.41409691629957,147.9037800687285,98.61924686192468,166.20350877192982,150.83223684210526,92.85576923076923,219.10849056603774,176.6006289308176,142.77170418006432,89.60377358490567,125.28185328185329,193.77358490566039,140.495,178.375,180.90234375,108.81538461538462,131.76315789473685,162.02734375,161.65779467680608,65.0561224489796,221.44354838709677,95.81184668989548,210.0,184.83650190114068,269.8040201005025,43.778443113772454,84.31428571428572,174.43772241992883,212.45744680851064,146.69620253164558,240.71691176470588,205.04562737642587,180.1082089552239,282.19823788546256,133.65238095238095,181.54347826086956,160.95294117647057,155.370607028754,331.66494845360825,266.94140625,262.74747474747477,250.94214876033058,138.59595959595958,130.08921933085503,205.24615384615385,215.75113122171945,199.84513274336283,218.83412322274881,241.40928270042195,118.43115942028986,151.5860655737705,174.37155963302752,377.1162790697674,217.48497854077254,232.2888888888889,175.7450980392157,274.375,236.8093220338983,177.01986754966887,178.81372549019608,300.09090909090907,241.05283018867925,199.97407407407408,343.32804232804233,153.22188449848025,339.7081081081081,186.6834862385321,82.9812734082397,26.776470588235295,232.53333333333333,303.7860962566845,265.9032258064516,251.0,374.29901960784315,261.81775700934577,261.62549800796813,280.8264462809917,320.44785276073617,245.46689895470382,297.3478260869565,196.5801526717557,244.34642857142856,182.61432506887053,32.23321554770318,170.435,352.0486725663717,287.9957446808511,250.61797752808988,360.1111111111111,276.12389380530976,302.4581818181818,157.8957528957529,142.78195488721803,260.67487684729065,233.77142857142857,87.73684210526316,207.98376623376623,298.6216216216216,226.61170212765958,260.72850678733033,261.4646840148699,339.7142857142857,245.7,290.54618473895584,49.51627906976744,227.3049645390071,266.54487179487177,255.13636363636363,285.4863813229572,208.4655172413793,315.47727272727275,269.9272030651341,218.77872340425532,270.6212121212121,258.2811387900356,321.7808219178082,195.57232704402514,253.23245614035088,286.0140186915888,299.2686567164179,358.6421404682274,242.28189910979228,264.1034482758621,210.41904761904763,280.4031746031746,306.6642857142857,293.97354497354496,290.795652173913,337.07943925233644,282.7897196261682,278.2251082251082,245.46700507614213
23,94.04761904761905,122.01497005988024,229.92511013215858,129.5257731958763,88.81171548117155,165.2736842105263,140.81578947368422,91.27884615384616,242.16037735849056,172.29245283018867,132.89710610932477,108.42264150943396,118.62934362934362,228.74528301886792,184.535,180.23046875,154.7109375,125.13846153846154,145.59022556390977,144.4609375,168.1787072243346,65.31632653061224,215.26612903225808,93.53310104529616,216.78991596638656,186.70722433460077,272.7537688442211,40.81437125748503,92.5079365079365,188.15302491103202,217.4840425531915,169.20253164556962,241.13970588235293,222.84410646387832,183.8507462686567,282.01762114537445,133.0,248.02173913043478,172.1764705882353,147.94249201277955,325.2628865979381,268.01953125,263.7828282828283,254.38842975206612,168.14478114478115,132.43122676579927,200.5948717948718,258.5565610859729,200.96017699115043,222.11848341232226,233.1223628691983,170.29710144927537,162.51639344262296,171.23394495412845,371.0,220.43776824034336,240.92,173.64705882352942,268.7608695652174,240.42372881355934,167.05960264900662,180.02941176470588,333.94372294372295,239.0,196.77037037037036,342.1587301587302,151.7841945288754,329.97837837837835,169.08715596330276,79.74531835205993,27.301960784313724,244.77777777777777,309.5882352941176,267.1008064516129,244.2,352.90686274509807,270.7056074766355,280.8406374501992,301.77685950413223,312.5950920245399,240.62717770034843,291.76521739130436,199.61068702290078,237.27857142857144,197.31955922865015,31.356890459363957,166.825,339.76106194690266,279.8212765957447,247.41573033707866,362.21367521367523,273.146017699115,302.29818181818183,198.05791505791507,123.44736842105263,260.7241379310345,228.15,81.15789473684211,213.7077922077922,305.60360360360363,221.60638297872342,246.50678733031674,253.3903345724907,346.1290322580645,235.1962962962963,298.91967871485946,43.43255813953488,235.91843971631207,262.49679487179486,244.9504132231405,283.92217898832683,212.85344827586206,317.07575757575756,266.2260536398467,209.88936170212767,264.32954545454544,249.08540925266905,323.26027397260276,196.23899371069183,254.67105263157896,278.3878504672897,327.2835820895522,355.685618729097,238.1899109792285,257.46360153256705,213.64761904761906,271.95873015873013,306.01428571428573,281.6084656084656,288.9130434782609,322.6355140186916,296.3317757009346,278.2943722943723,238.45685279187816
24,72.07792207792208,112.937125748503,199.02202643171807,104.34364261168385,100.2928870292887,166.08771929824562,147.75328947368422,89.13461538461539,213.8254716981132,173.79245283018867,154.57877813504822,123.85283018867925,140.76447876447875,229.58018867924528,175.295,197.29296875,130.23046875,143.3653846153846,166.80827067669173,170.9296875,163.06463878326997,71.10714285714286,212.59274193548387,113.81184668989548,245.28151260504202,182.72623574144487,275.99497487437185,43.7185628742515,130.6063492063492,197.72241992882562,215.75,188.35443037974684,235.52941176470588,208.3574144486692,173.50746268656715,279.1762114537445,136.96666666666667,255.52173913043478,162.6078431372549,148.3961661341853,315.00515463917526,254.9609375,269.7676767676768,219.59504132231405,198.74747474747474,128.64312267657994,205.31794871794872,240.3846153846154,203.26106194690266,218.86729857819904,227.35443037974684,199.40579710144928,138.87295081967213,174.3165137614679,359.0883720930233,209.53648068669528,257.37333333333333,170.7686274509804,264.32608695652175,231.29661016949152,156.2086092715232,175.48039215686273,327.54545454545456,231.84150943396227,200.34074074074073,341.3333333333333,158.56838905775075,329.76216216216216,172.8302752293578,82.66292134831461,29.0,255.82222222222222,279.36898395721926,258.2782258064516,238.6,362.9950980392157,260.26635514018693,279.45816733067727,276.3429752066116,305.96932515337426,241.32404181184668,280.18260869565216,197.6679389312977,237.25,192.73002754820936,29.402826855123674,163.28,342.9070796460177,285.1787234042553,248.56179775280899,357.65811965811963,271.6504424778761,292.64,206.55984555984557,128.31203007518798,255.9064039408867,230.59285714285716,55.18421052631579,214.4935064935065,306.68468468468467,216.16489361702128,251.38009049773757,250.5092936802974,337.16129032258067,237.13333333333333,298.1526104417671,39.586046511627906,223.51063829787233,258.2371794871795,243.65702479338842,285.67315175097275,208.08620689655172,309.3598484848485,243.39080459770116,214.35744680851064,263.04924242424244,247.1067615658363,311.8310502283105,193.8930817610063,252.16228070175438,283.50467289719626,331.5223880597015,343.38795986622074,234.9525222551929,260.2337164750958,207.59047619047618,273.20952380952383,290.51428571428573,275.44444444444446,291.31304347826085,317.9252336448598,285.0327102803738,267.6017316017316,235.34010152284264
25,73.13852813852814,109.64670658682634,199.5770925110132,104.50171821305842,124.47698744769875,167.00350877192983,187.76315789473685,88.3798076923077,218.6745283018868,171.86477987421384,165.37620578778134,115.32830188679246,141.44015444015443,227.94811320754718,159.99,215.359375,155.99609375,154.62307692307692,179.39473684210526,186.015625,168.12167300380227,63.26020408163265,206.0483870967742,140.8780487804878,252.33193277310923,177.65779467680608,269.8040201005025,52.97005988023952,154.76825396825396,198.78291814946618,220.61702127659575,180.37974683544303,238.74632352941177,215.20912547528516,171.90671641791045,280.00881057268725,130.13333333333333,256.75652173913045,211.27843137254902,148.38338658146964,331.77319587628864,264.703125,290.4646464646465,213.44628099173553,196.58585858585857,128.7174721189591,197.4974358974359,274.00904977375563,211.6504424778761,212.91943127962085,242.13924050632912,208.07608695652175,159.9795081967213,162.55504587155963,353.5953488372093,224.8154506437768,266.6355555555556,166.8156862745098,251.40217391304347,248.23305084745763,165.86092715231788,185.79901960784315,338.4761904761905,231.12452830188678,190.0,346.35978835978835,195.32218844984803,319.35675675675674,207.29357798165137,78.08988764044943,27.2,242.86296296296297,294.73262032085563,266.1774193548387,239.51555555555555,354.7843137254902,271.9626168224299,260.47808764940237,244.80578512396696,302.29447852760734,236.09407665505228,294.3652173913043,201.63740458015266,229.27857142857144,189.13223140495867,30.01766784452297,168.505,322.70353982300884,276.6170212765957,250.22471910112358,362.38461538461536,276.87610619469024,287.16,204.57142857142858,126.18796992481202,248.5615763546798,224.49642857142857,52.3859649122807,219.78896103896105,299.2927927927928,206.2712765957447,260.5339366515837,247.92936802973978,325.3824884792627,227.7925925925926,289.0401606425703,35.097674418604655,207.26241134751774,252.67948717948718,244.93801652892563,284.1945525291829,208.02586206896552,300.1628787878788,246.06513409961687,206.67659574468084,255.67045454545453,237.6120996441281,302.4840182648402,193.1006289308176,252.01315789473685,276.7570093457944,316.9004975124378,337.8026755852843,229.9347181008902,271.0,204.88095238095238,267.6952380952381,291.5392857142857,270.2063492063492,305.7695652173913,313.27570093457945,280.5233644859813,256.030303030303,235.18781725888326
26,82.68831168831169,140.30838323353294,224.01762114537445,112.92439862542955,125.8786610878661,162.55789473684212,200.35526315789474,90.0048076923077,233.74056603773585,165.47798742138366,163.95498392282957,99.98490566037736,130.96911196911196,226.72169811320754,120.38,235.2109375,188.21875,166.35384615384615,170.84586466165413,181.546875,165.82889733840304,60.107142857142854,199.20967741935485,152.71428571428572,253.05042016806723,163.23954372623575,272.6281407035176,38.26946107784431,149.6888888888889,180.09252669039145,215.6755319148936,174.7594936708861,237.90808823529412,220.4448669201521,154.33955223880596,279.7400881057269,128.9952380952381,237.44782608695652,234.98039215686273,143.92651757188497,300.82474226804123,256.0,244.34343434343435,195.2520661157025,194.54545454545453,125.36059479553903,196.01538461538462,267.8868778280543,212.88938053097345,223.0,237.26160337552741,206.16666666666666,168.5122950819672,168.1605504587156,345.13023255813954,223.45064377682402,262.5288888888889,169.04313725490195,251.32608695652175,251.57627118644066,188.33443708609272,171.80882352941177,326.6190476190476,230.71698113207546,189.5,336.4867724867725,206.10030395136778,312.1027027027027,219.77522935779817,78.13857677902622,25.8,247.9962962962963,272.42245989304814,265.8790322580645,238.51555555555555,343.3872549019608,264.9018691588785,251.96812749003985,251.50413223140495,308.69325153374234,230.9651567944251,286.10434782608695,197.87786259541986,224.56428571428572,189.70523415977962,26.109540636042404,153.475,313.92477876106193,274.3063829787234,238.02247191011236,356.64102564102564,270.1106194690266,282.5854545454545,198.1081081081081,129.28947368421052,239.57635467980296,218.34285714285716,43.771929824561404,215.31493506493507,298.5315315315315,213.18085106382978,250.2579185520362,244.91078066914497,323.03225806451616,223.02592592592592,272.86746987951807,40.15348837209302,210.77659574468086,251.81730769230768,243.80165289256198,280.7976653696498,211.7844827586207,300.9583333333333,239.4712643678161,209.5744680851064,256.7083333333333,230.06049822064057,298.351598173516,188.88050314465409,241.26754385964912,273.32710280373834,282.636815920398,337.04347826086956,226.59347181008903,250.9463601532567,196.16190476190476,264.2126984126984,285.1142857142857,270.5079365079365,298.8086956521739,310.89719626168227,271.0233644859813,252.99134199134198,225.9289340101523
27,76.15151515151516,173.874251497006,214.4977973568282,153.07903780068727,109.0460251046025,170.73684210526315,203.28618421052633,103.55288461538461,234.71698113207546,169.03773584905662,171.7363344051447,108.98490566037736,130.992277992278,225.3254716981132,167.01,232.14453125,193.953125,167.35384615384615,173.48496240601503,201.23828125,167.92015209125475,57.16326530612245,198.52822580645162,188.11498257839722,254.00840336134453,179.33460076045628,261.99497487437185,45.44311377245509,194.33333333333334,193.2099644128114,220.11702127659575,173.9240506329114,233.79779411764707,194.01140684410646,153.22388059701493,275.12334801762114,123.53809523809524,215.9391304347826,259.7176470588235,143.82747603833866,296.5103092783505,251.3515625,266.5,189.46280991735537,190.6127946127946,130.75836431226764,192.95897435897436,248.9185520361991,212.8495575221239,215.6350710900474,236.8227848101266,217.93840579710144,172.577868852459,159.22477064220183,328.8232558139535,225.75965665236052,263.25333333333333,163.03529411764706,243.46195652173913,256.0593220338983,194.32781456953643,166.8921568627451,332.93939393939394,224.97358490566037,187.72592592592594,324.81481481481484,208.13981762917933,307.22162162162164,209.8302752293578,75.06367041198502,24.376470588235293,248.07777777777778,279.96791443850265,263.1008064516129,227.06222222222223,331.5098039215686,269.9299065420561,255.49402390438246,273.3057851239669,303.19018404907973,222.58188153310104,291.2695652173913,201.34732824427482,225.32142857142858,192.57575757575756,27.11660777385159,156.595,307.93362831858406,265.32340425531913,231.1573033707865,346.1623931623932,269.17699115044246,277.4290909090909,200.1196911196911,123.37218045112782,236.9408866995074,218.45,45.333333333333336,217.16883116883116,294.01801801801804,212.1595744680851,251.85067873303169,244.1895910780669,314.93087557603684,211.71481481481482,266.3815261044177,38.0046511627907,205.39716312056737,246.41346153846155,242.54545454545453,277.715953307393,216.63793103448276,290.28409090909093,238.44827586206895,206.5531914893617,246.61363636363637,228.54804270462634,299.83561643835617,189.61006289308176,242.33333333333334,270.9579439252336,295.547263681592,307.5819397993311,222.09495548961425,244.26053639846742,195.92380952380952,260.1047619047619,270.62857142857143,262.46560846560845,294.8086956521739,302.67289719626166,274.9065420560748,247.7099567099567,222.6802030456853
28,145.01298701298703,171.0449101796407,196.54625550660793,179.7319587628866,99.5020920502092,173.7719298245614,195.95723684210526,163.41826923076923,231.93396226415095,164.52201257861634,175.82636655948554,132.1735849056604,189.007722007722,208.0943396226415,179.055,237.44140625,195.26171875,175.85,166.59774436090225,196.9453125,169.61596958174906,57.82142857142857,203.26612903225808,201.6829268292683,247.14285714285714,182.88593155893537,264.32663316582915,40.55688622754491,201.57460317460317,192.40925266903915,212.02659574468086,165.35443037974684,230.2389705882353,214.53231939163499,151.6492537313433,270.98237885462555,127.61428571428571,221.40434782608696,260.8235294117647,141.85623003194888,278.1546391752577,262.78125,260.24747474747477,208.3801652892562,183.2895622895623,129.07063197026022,192.66153846153847,196.59728506787332,211.3362831858407,216.49763033175356,238.47679324894514,215.31521739130434,166.0,163.6605504587156,332.87441860465117,220.75965665236052,256.31555555555553,158.1764705882353,247.71195652173913,257.10169491525426,192.01986754966887,167.4558823529412,325.56709956709955,223.75849056603772,186.03333333333333,331.3015873015873,203.9969604863222,304.77837837837836,205.70642201834863,74.06367041198502,26.36862745098039,241.44814814814814,268.6524064171123,262.1491935483871,220.52,324.48039215686276,268.00467289719626,246.18326693227093,276.56611570247935,297.57055214723925,220.14982578397212,290.04347826086956,201.3740458015267,212.41071428571428,187.13774104683196,24.130742049469966,156.36,305.7212389380531,255.08510638297872,232.25842696629215,312.6923076923077,257.2300884955752,277.2581818181818,199.1930501930502,114.46616541353383,229.57142857142858,215.20357142857142,32.85964912280702,214.83116883116884,294.0855855855856,192.5,248.4389140271493,246.271375464684,317.93548387096774,213.7925925925926,264.1285140562249,32.36279069767442,206.29787234042553,239.27243589743588,234.07438016528926,273.68482490272373,213.13362068965517,288.905303030303,231.4022988505747,214.2851063829787,247.93560606060606,225.47330960854092,289.4063926940639,189.41509433962264,234.30263157894737,263.99532710280374,309.9154228855721,330.7123745819398,218.67359050445103,242.23371647509578,186.66190476190476,259.74285714285713,278.34285714285716,249.47619047619048,288.7913043478261,298.44392523364485,275.4158878504673,251.2943722943723,220.88832487309645
29,163.4848484848485,172.73353293413174,213.0352422907489,174.87285223367698,114.80753138075313,171.64912280701753,198.9078947368421,201.23076923076923,240.01415094339623,165.73899371069183,191.64308681672026,141.20377358490566,238.003861003861,196.96698113207546,174.19,234.0078125,182.125,180.65384615384616,169.81203007518798,181.15234375,172.24334600760457,58.265306122448976,199.96370967741936,207.0801393728223,249.01680672268907,179.21292775665398,263.00502512562815,40.98802395209581,193.53968253968253,185.22064056939502,212.9468085106383,174.91139240506328,235.29779411764707,235.19011406844106,161.18283582089552,268.54185022026434,123.72380952380952,232.54782608695652,254.22745098039215,142.08945686900958,311.61340206185565,261.29296875,248.16666666666666,234.07438016528926,183.64309764309763,122.51301115241635,190.04102564102564,203.15837104072398,214.13716814159292,214.30331753554503,237.1983122362869,210.83695652173913,161.71311475409837,159.26605504587155,321.86511627906975,220.56223175965664,254.08444444444444,156.89019607843136,234.19565217391303,262.71610169491527,188.3112582781457,167.40196078431373,322.76190476190476,218.69811320754718,179.2111111111111,339.1216931216931,199.01215805471125,298.6108108108108,203.88990825688074,68.6367041198502,25.36862745098039,238.2925925925926,274.86096256684493,259.3991935483871,215.66222222222223,326.52450980392155,273.196261682243,242.32669322709162,267.8595041322314,293.159509202454,215.71080139372822,285.6695652173913,199.00763358778627,204.98214285714286,186.25619834710744,22.52296819787986,157.76,302.8274336283186,244.05957446808512,235.91573033707866,322.1965811965812,265.07964601769913,268.70181818181817,192.37065637065638,105.0,229.3743842364532,215.14285714285714,34.68421052631579,211.45454545454547,289.990990990991,199.7287234042553,246.07692307692307,240.1003717472119,316.2903225806452,205.5037037037037,252.86746987951807,31.195348837209302,202.79787234042553,235.16346153846155,234.2603305785124,274.23346303501944,207.125,279.1287878787879,233.48275862068965,206.4340425531915,244.96969696969697,216.19928825622776,297.78995433789953,187.61635220125785,228.2280701754386,269.4766355140187,294.76616915422886,322.8628762541806,217.40652818991097,245.7816091954023,186.13333333333333,250.79365079365078,273.71785714285716,241.7195767195767,275.0304347826087,294.77570093457945,268.3411214953271,246.21645021645023,224.82741116751268
30,157.57142857142858,181.17964071856287,211.46696035242292,176.7766323024055,140.97489539748955,173.5859649122807,202.25,200.83653846153845,240.96226415094338,165.625786163522,194.81993569131834,151.07169811320756,234.79150579150578,216.19811320754718,201.64,234.2421875,178.95703125,231.70384615384614,164.703007518797,180.88671875,166.63878326996198,58.005102040816325,201.13709677419354,203.06968641114983,247.02941176470588,174.99239543726236,265.2361809045226,38.51497005988024,188.4063492063492,187.4306049822064,200.11702127659575,172.53164556962025,232.98529411764707,234.79087452471484,169.01865671641792,264.0352422907489,121.22857142857143,227.47391304347826,249.07843137254903,138.97124600638978,285.67525773195877,265.125,233.23232323232324,243.68595041322314,180.9090909090909,123.35315985130111,188.36923076923077,253.85972850678732,208.22566371681415,205.739336492891,237.78902953586498,205.58333333333334,162.13524590163934,162.348623853211,322.31627906976746,228.6351931330472,256.6977777777778,155.09411764705882,238.59782608695653,260.4025423728813,187.01324503311258,157.80392156862746,327.65800865800867,215.0566037735849,180.5185185185185,321.5767195767196,200.10942249240122,292.3891891891892,205.1880733944954,68.65168539325843,24.83921568627451,238.22592592592594,278.10695187165777,268.30645161290323,214.1511111111111,314.2401960784314,266.0327102803738,237.16733067729083,269.4876033057851,290.0552147239264,215.65505226480838,288.62608695652176,196.48473282442748,194.7642857142857,185.5977961432507,18.215547703180214,151.225,299.216814159292,253.22127659574468,232.36516853932585,334.7692307692308,255.5929203539823,267.73454545454547,194.12355212355212,105.4812030075188,233.2463054187192,211.6392857142857,31.50877192982456,205.44480519480518,286.5990990990991,190.8031914893617,241.420814479638,236.07063197026022,308.99078341013825,207.24814814814815,257.4738955823293,33.14418604651163,203.28014184397162,236.5352564102564,234.97107438016528,269.49027237354085,207.23275862068965,282.155303030303,231.92337164750958,203.01702127659576,236.6931818181818,221.90747330960855,288.86301369863014,182.23270440251574,221.14912280701753,248.01401869158877,275.681592039801,314.46488294314383,213.20771513353117,245.43295019157088,192.4047619047619,251.384126984127,272.75357142857143,260.0952380952381,260.8652173913043,293.20093457943926,272.1588785046729,241.4069264069264,215.36548223350255
31,153.6839826839827,186.6556886227545,230.56387665198238,184.80756013745705,160.48953974895397,174.2421052631579,205.29934210526315,192.2403846153846,237.9433962264151,163.1069182389937,195.33440514469453,165.21509433962265,225.5019305019305,218.83018867924528,218.345,226.91796875,192.890625,237.69230769230768,164.6654135338346,185.58984375,170.79847908745248,59.994897959183675,202.3790322580645,199.05226480836237,243.69747899159663,160.8897338403042,257.31658291457285,41.25149700598802,194.1238095238095,186.01779359430606,199.5212765957447,175.15189873417722,232.75,228.56653992395437,169.62313432835822,263.87224669603523,118.45714285714286,237.13478260869564,244.92156862745097,138.2811501597444,294.4329896907216,270.30859375,244.07070707070707,247.3099173553719,177.44107744107745,121.46468401486989,184.17435897435897,271.82805429864254,210.53097345132744,197.7440758293839,236.23206751054852,198.2427536231884,161.0327868852459,160.8119266055046,332.1953488372093,224.56652360515022,258.29777777777775,152.9764705882353,234.30978260869566,253.21610169491527,186.7251655629139,158.95098039215685,314.9220779220779,212.16981132075472,179.5814814814815,306.15343915343914,199.58662613981764,290.97297297297297,202.89908256880733,68.57677902621722,23.690196078431374,229.38518518518518,272.05882352941177,267.9959677419355,214.51111111111112,302.05392156862746,261.19158878504675,231.88844621513945,261.78512396694214,287.57055214723925,211.9616724738676,291.4,192.41603053435114,175.0142857142857,184.45730027548208,18.250883392226147,147.67,294.14159292035396,233.2808510638298,227.35955056179776,337.12820512820514,257.0353982300885,262.08,193.95752895752895,98.10902255639098,226.64532019704433,209.35714285714286,32.55263157894737,202.94480519480518,281.52252252252254,197.94148936170214,240.49321266968326,238.88475836431226,297.2903225806452,200.7111111111111,238.36947791164658,29.3953488372093,200.72695035460993,227.7147435897436,230.15289256198346,268.07003891050584,208.61206896551724,279.8333333333333,235.67049808429118,196.26808510638298,238.62121212121212,220.09252669039145,280.351598173516,182.49056603773585,233.33771929824562,249.82242990654206,243.73134328358208,310.5953177257525,206.52225519287833,241.6743295019157,190.60476190476192,245.86031746031745,267.0964285714286,245.59259259259258,277.2826086956522,297.7943925233645,273.0607476635514,243.27272727272728,217.21319796954316
32,156.1125541125541,186.89820359281438,234.4273127753304,188.34707903780068,188.1715481171548,176.23859649122807,211.82894736842104,165.44230769230768,228.3066037735849,163.59748427672955,195.18327974276528,171.27169811320755,238.51351351351352,219.24056603773585,208.985,223.9296875,194.51953125,228.23076923076923,178.7406015037594,188.2109375,171.55893536121673,61.55102040816327,203.3709677419355,201.3588850174216,243.17226890756302,191.50190114068442,258.26633165829145,38.796407185628745,187.17142857142858,182.30604982206407,196.38297872340425,187.49367088607596,232.65808823529412,239.52091254752852,170.90298507462686,256.89867841409693,119.58571428571429,232.51739130434783,237.74117647058824,138.56869009584665,283.1443298969072,265.33984375,239.42424242424244,247.72314049586777,176.44444444444446,121.43866171003718,175.99487179487178,269.6877828054299,202.37610619469027,193.20853080568722,237.17299578059072,194.7826086956522,155.8155737704918,161.29357798165137,319.2325581395349,228.8755364806867,253.5911111111111,157.2313725490196,229.2554347826087,252.08474576271186,181.3841059602649,154.75,318.4935064935065,211.41509433962264,173.27407407407406,294.1798941798942,191.7872340425532,288.23243243243246,206.8440366972477,73.84644194756554,26.345098039215685,230.27037037037036,275.4652406417112,258.366935483871,210.45777777777778,309.26960784313724,260.85981308411215,231.86454183266932,258.68595041322317,278.6871165644172,206.39721254355402,282.1304347826087,192.25572519083968,149.9142857142857,182.46831955922866,17.50530035335689,151.95,286.3495575221239,230.39574468085107,216.53932584269663,310.008547008547,253.8716814159292,259.78545454545457,192.24324324324326,94.68796992481202,221.13300492610838,209.38571428571427,35.09649122807018,203.4318181818182,276.77477477477476,196.33510638297872,234.01357466063348,235.74349442379182,294.5115207373272,197.4814814814815,246.15662650602408,28.093023255813954,189.5531914893617,222.39743589743588,222.8801652892562,268.3035019455253,205.9094827586207,275.6287878787879,222.31034482758622,172.48510638297873,235.02272727272728,209.4270462633452,290.662100456621,181.28301886792454,223.57894736842104,246.10747663551402,291.16915422885575,305.6488294314381,202.71513353115728,242.71647509578543,195.6095238095238,244.1174603174603,259.4142857142857,246.41798941798942,261.05652173913046,288.2383177570093,263.8411214953271,242.6103896103896,214.23350253807106
33,149.16017316017317,180.4760479041916,233.41850220264317,175.2852233676976,185.4100418410042,177.7263157894737,206.8684210526316,117.46634615384616,237.02830188679246,159.78616352201257,193.43086816720256,179.66792452830188,243.25868725868725,217.54245283018867,206.91,212.25,193.78125,214.23461538461538,172.71428571428572,171.265625,169.19391634980988,55.56122448979592,204.94354838709677,194.44947735191639,236.609243697479,199.63117870722434,244.80402010050253,38.34730538922156,173.0857142857143,173.84697508896798,204.01063829787233,184.62025316455697,234.9558823529412,233.47528517110266,170.40671641791045,250.31277533039648,113.99047619047619,230.44347826086957,222.76078431372548,134.24920127795528,311.3041237113402,266.11328125,234.13636363636363,246.93801652892563,161.82491582491582,114.88104089219331,171.25641025641025,269.5022624434389,205.53982300884957,186.7345971563981,241.65400843881858,181.68115942028984,146.81967213114754,159.07339449541286,323.53953488372093,229.39055793991417,254.61333333333334,156.74901960784314,232.95652173913044,247.52118644067798,166.9503311258278,144.6421568627451,315.6709956709957,200.62641509433962,165.6888888888889,289.015873015873,192.2066869300912,284.8972972972973,207.8440366972477,70.55430711610487,24.04705882352941,212.26666666666668,270.2139037433155,257.0806451612903,209.11111111111111,307.34313725490193,255.92990654205607,214.0,246.4917355371901,272.3006134969325,194.9128919860627,277.8,190.1412213740458,112.85357142857143,180.18732782369145,15.265017667844523,145.105,279.5486725663717,232.66382978723405,217.7134831460674,310.2735042735043,244.94690265486724,245.44363636363636,186.78764478764478,98.4172932330827,204.8423645320197,198.25357142857143,27.86842105263158,207.71753246753246,264.1306306306306,185.99468085106383,232.5656108597285,234.29368029739777,294.46082949308754,189.4185185185185,249.19277108433735,29.065116279069766,175.6595744680851,212.4102564102564,215.79752066115702,261.8910505836576,206.82327586206895,257.530303030303,221.455938697318,148.96595744680852,222.45454545454547,214.76512455516016,269.5981735159817,178.8490566037736,217.4298245614035,252.48598130841123,292.96019900497515,287.40133779264215,197.32344213649853,253.07662835249042,187.9047619047619,228.66984126984127,250.3,233.92592592592592,259.4217391304348,289.47196261682245,262.8785046728972,237.03463203463204,200.68527918781726
34,137.2207792207792,178.29041916167665,233.56828193832598,175.37800687285224,166.5857740585774,174.68421052631578,199.71052631578948,101.92788461538461,234.1933962264151,156.30188679245282,191.18006430868166,170.24150943396228,231.26640926640925,208.72641509433961,201.12,205.2109375,189.69921875,199.88076923076923,173.8345864661654,163.515625,171.2889733840304,55.923469387755105,195.90322580645162,186.70383275261324,225.58823529411765,193.54372623574145,239.67336683417085,35.041916167664674,163.04761904761904,164.24199288256227,195.1755319148936,185.78481012658227,220.75735294117646,226.84410646387832,169.72014925373134,245.52422907488986,113.89047619047619,224.06521739130434,209.83137254901962,127.07348242811501,304.319587628866,261.92578125,219.78787878787878,238.400826446281,148.69023569023568,109.56877323420075,165.75897435897437,263.6470588235294,201.08849557522123,189.39336492890996,239.9367088607595,171.10507246376812,140.13934426229508,142.47706422018348,311.15813953488373,224.37339055793993,248.38666666666666,141.87058823529412,220.41304347826087,248.10169491525423,158.50993377483445,135.84313725490196,304.35497835497836,191.89811320754717,157.8740740740741,295.46560846560845,193.07598784194528,282.15675675675675,196.32110091743118,61.92883895131086,19.337254901960783,204.75925925925927,251.02673796791444,234.31451612903226,200.90222222222224,304.0147058823529,250.00467289719626,206.24302788844622,233.30165289256198,280.90184049079755,185.44947735191639,272.03478260869565,186.45038167938932,91.24285714285715,177.0275482093664,13.908127208480565,154.0,273.9646017699115,226.85106382978722,218.64044943820224,311.7521367521368,251.55752212389382,230.64727272727274,176.44787644787644,83.76691729323308,207.44334975369458,188.85714285714286,27.0,203.53571428571428,257.0135135135135,192.68617021276594,231.9547511312217,225.14869888475837,288.73732718894007,178.47037037037038,241.29317269076304,27.56279069767442,171.19148936170214,201.85576923076923,214.82644628099175,250.07782101167317,198.05603448275863,249.66287878787878,237.93486590038313,103.47234042553191,225.91666666666666,212.10320284697508,279.6027397260274,175.96226415094338,215.48245614035088,222.94859813084113,289.7014925373134,276.16053511705684,191.89317507418397,249.0536398467433,184.02857142857144,221.45396825396824,243.725,233.28571428571428,249.8913043478261,276.6542056074766,245.57009345794393,236.2987012987013,198.38578680203045
35,124.03030303030303,174.2185628742515,222.33920704845815,172.31615120274915,147.19665271966528,165.14736842105262,188.24671052631578,143.33173076923077,228.60849056603774,155.16666666666666,176.52733118971062,153.6075471698113,220.26640926640925,206.21226415094338,196.97,196.1796875,187.38671875,194.26923076923077,168.34586466165413,156.703125,164.7680608365019,55.07142857142857,201.21370967741936,179.36933797909407,213.8613445378151,186.03041825095056,232.15577889447235,33.24550898203593,156.35873015873017,158.6832740213523,191.04255319148936,177.873417721519,222.79044117647058,215.01140684410646,166.22761194029852,237.0704845814978,106.37142857142857,220.51739130434783,203.1137254901961,124.49520766773163,282.72680412371136,250.8359375,230.32828282828282,234.18595041322314,141.25252525252526,107.06691449814126,157.89743589743588,255.2443438914027,195.6769911504425,193.11848341232226,240.20675105485233,166.0253623188406,135.1844262295082,134.3119266055046,311.57209302325583,213.3519313304721,248.34666666666666,133.69803921568626,217.69565217391303,235.0635593220339,151.0,129.30392156862746,317.7878787878788,187.45283018867926,149.72222222222223,293.46560846560845,180.70516717325228,276.4918918918919,197.03669724770643,57.62546816479401,19.07450980392157,195.72222222222223,253.45989304812835,238.3508064516129,193.7111111111111,295.6470588235294,246.41121495327104,195.19123505976097,224.3099173553719,267.9631901840491,179.9163763066202,270.9913043478261,180.24045801526717,77.21785714285714,169.03305785123968,13.356890459363958,138.685,260.0929203539823,225.01276595744682,213.19101123595505,308.9230769230769,239.5929203539823,222.78545454545454,172.52509652509653,98.67669172932331,196.38916256157634,180.03571428571428,22.219298245614034,189.6883116883117,246.981981981982,173.85106382978722,224.7601809954751,220.04460966542752,287.0414746543779,168.2111111111111,241.86746987951807,25.455813953488374,164.77659574468086,195.21153846153845,207.7520661157025,252.94941634241246,193.43103448275863,243.21212121212122,222.57088122605364,94.82978723404256,212.78787878787878,215.04626334519574,267.24657534246575,169.71698113207546,206.00877192982455,228.9018691588785,289.8606965174129,266.4113712374582,182.17507418397625,225.78927203065135,177.4142857142857,212.95873015873016,237.18571428571428,226.38095238095238,240.46521739130435,262.1542056074766,246.92523364485982,224.982683982684,196.11167512690355
36,126.31601731601732,171.96107784431138,215.99118942731278,172.36769759450172,156.65690376569037,157.77543859649123,194.2171052631579,175.83653846153845,226.60377358490567,154.24842767295598,177.12861736334406,145.77735849056603,215.83397683397683,205.6745283018868,193.455,187.55078125,184.015625,189.98076923076923,166.1654135338346,155.54296875,163.6615969581749,50.65816326530612,200.16129032258064,175.2404181184669,213.44117647058823,185.74144486692015,224.34170854271358,39.2814371257485,153.54920634920634,154.71886120996442,190.85106382978722,178.72151898734177,225.3933823529412,213.40684410646386,167.03358208955223,228.8193832599119,105.12857142857143,226.42608695652174,201.54117647058823,119.814696485623,263.91752577319585,250.140625,226.72727272727272,231.46694214876032,138.1952861952862,101.88475836431226,162.3230769230769,253.03619909502262,188.98230088495575,183.67298578199052,231.82700421940928,164.55072463768116,133.0655737704918,135.05504587155963,301.0511627906977,208.62660944206007,251.48444444444445,132.35294117647058,210.89673913043478,228.91101694915255,145.6953642384106,127.50980392156863,308.4891774891775,185.8264150943396,153.46296296296296,269.984126984127,182.61702127659575,274.86486486486484,196.0321100917431,52.835205992509366,18.95294117647059,191.24814814814815,251.66844919786095,239.55645161290323,184.96444444444444,291.6617647058824,241.48598130841123,194.29482071713147,219.8305785123967,268.2453987730061,177.97909407665506,258.44347826086954,178.4236641221374,68.58214285714286,166.8099173553719,12.692579505300353,137.175,259.2433628318584,221.67234042553193,209.63483146067415,299.21367521367523,239.8495575221239,226.61454545454546,169.47876447876448,94.21052631578948,194.13300492610838,182.20357142857142,23.57017543859649,192.84415584415584,248.8783783783784,174.00531914893617,219.73303167420815,219.47583643122675,278.73732718894007,164.38888888888889,232.3413654618474,27.07906976744186,159.8581560283688,194.20833333333334,203.60743801652893,246.1828793774319,194.03879310344828,243.7651515151515,210.90804597701148,84.69787234042553,215.85227272727272,207.04626334519574,254.46575342465752,166.23899371069183,211.6315789473684,226.34112149532712,282.37810945273634,263.09364548494983,181.87240356083086,226.81992337164752,173.0857142857143,215.87301587301587,227.92142857142858,216.8095238095238,253.08260869565217,265.5093457943925,246.5981308411215,229.6060606060606,194.24365482233503
37,132.2943722943723,168.30838323353294,201.19823788546256,170.96219931271477,159.71966527196653,151.29122807017544,194.23684210526315,186.41826923076923,220.95283018867926,155.84591194968553,177.92926045016077,147.04150943396226,212.94208494208493,202.89150943396226,182.435,185.328125,195.58203125,184.44615384615383,166.08270676691728,154.7421875,162.34980988593156,58.19897959183673,198.49193548387098,177.58536585365854,212.86974789915968,183.84790874524714,224.46231155778895,34.32335329341317,153.83174603174604,147.22419928825622,177.86702127659575,181.22784810126583,217.5183823529412,215.0532319391635,170.46268656716418,224.22907488986783,109.74285714285715,217.43478260869566,198.8549019607843,113.38338658146965,297.10309278350513,246.13671875,210.7070707070707,227.78925619834712,135.82154882154882,105.86245353159852,166.6051282051282,254.69683257918552,192.57079646017698,185.79146919431278,239.0337552742616,158.28985507246378,139.40983606557376,138.4954128440367,302.13023255813954,210.40772532188842,253.15555555555557,133.6705882352941,226.8586956521739,222.41949152542372,145.77152317880794,132.08333333333334,313.64502164502164,182.71320754716982,162.7111111111111,256.55026455026456,182.580547112462,277.0918918918919,198.56880733944953,59.80898876404494,21.04705882352941,194.13333333333333,219.96791443850267,247.86693548387098,188.91555555555556,291.3627450980392,228.10747663551402,192.3585657370518,221.0082644628099,267.8588957055215,179.65505226480838,268.8782608695652,181.42748091603053,76.15,171.6749311294766,12.431095406360424,104.285,258.929203539823,238.27234042553192,203.29775280898878,289.008547008547,240.9867256637168,222.72727272727272,172.87644787644788,93.92105263157895,197.00492610837438,181.83928571428572,17.75438596491228,189.64285714285714,250.16216216216216,160.57978723404256,212.45701357466064,216.25650557620818,284.073732718894,174.3740740740741,237.4578313253012,28.06046511627907,156.31914893617022,194.93269230769232,218.6404958677686,242.80933852140078,189.81465517241378,248.49621212121212,202.639846743295,92.0,232.82954545454547,214.65836298932385,248.48858447488584,159.22641509433961,206.37719298245614,234.02803738317758,251.02985074626866,268.4247491638796,188.34718100890208,236.59003831417624,181.71904761904761,214.96190476190475,225.4857142857143,227.11640211640213,250.37826086956522,270.22429906542055,230.9392523364486,225.00865800865802,187.6548223350254
38,131.65800865800867,169.33532934131736,212.96035242290748,173.28865979381445,161.05020920502093,156.02456140350878,194.64144736842104,182.35096153846155,223.6556603773585,151.5503144654088,178.63344051446944,153.8566037735849,216.33976833976834,202.62264150943398,189.135,189.60546875,189.62890625,191.1769230769231,167.91729323308272,155.28125,161.574144486692,53.994897959183675,201.76612903225808,174.41463414634146,207.05882352941177,187.1254752851711,227.19597989949747,36.467065868263475,154.43809523809523,155.84341637010675,185.35106382978722,175.2405063291139,222.51470588235293,218.64638783269962,171.28731343283582,237.16740088105726,104.18095238095238,220.2608695652174,195.76078431372548,115.814696485623,294.80927835051546,243.671875,220.1060606060606,226.19834710743802,138.94612794612794,104.07806691449814,157.24615384615385,256.1447963800905,188.2433628318584,193.80568720379148,245.60759493670886,167.13768115942028,139.47131147540983,132.95871559633028,301.25116279069766,213.60944206008583,256.16,132.521568627451,205.03804347826087,232.40677966101694,148.79470198675497,130.31372549019608,308.5064935064935,186.65660377358492,158.27777777777777,303.85714285714283,188.3981762917933,273.96216216216214,196.61467889908258,55.0187265917603,19.75294117647059,190.65555555555557,266.80213903743316,247.0766129032258,189.5822222222222,300.6617647058824,245.66822429906543,192.62948207171314,225.92561983471074,278.44785276073617,177.2334494773519,266.16521739130434,190.04580152671755,63.792857142857144,174.97520661157026,14.240282685512367,138.97,269.7433628318584,225.91914893617022,210.9438202247191,305.03418803418805,241.53982300884957,228.0290909090909,176.1930501930502,81.78947368421052,193.16256157635468,179.525,22.57894736842105,192.07467532467533,251.37387387387386,165.7340425531915,219.28054298642533,223.01486988847583,296.51612903225805,171.32222222222222,245.99598393574297,26.13953488372093,160.79432624113474,193.19871794871796,211.28512396694214,238.96887159533074,191.11637931034483,244.5340909090909,198.8697318007663,84.23829787234042,229.9318181818182,218.63345195729536,263.4018264840183,165.64779874213838,212.49561403508773,231.90654205607476,305.2985074626866,255.95317725752508,185.46290801186944,247.1302681992337,183.37142857142857,214.0,228.12857142857143,219.14814814814815,253.6086956521739,266.88317757009344,240.10280373831776,226.01298701298703,196.78680203045684
39,132.35497835497836,166.68263473053892,218.4933920704846,170.20274914089347,166.9581589958159,159.05263157894737,197.5625,175.87019230769232,223.35377358490567,152.89622641509433,177.0,155.90188679245284,216.6911196911197,200.47641509433961,194.025,187.0546875,189.5234375,190.07692307692307,168.6578947368421,158.7109375,166.03041825095056,56.87244897959184,201.5201612903226,174.6376306620209,206.6764705882353,184.5171102661597,226.31155778894473,34.89820359281437,157.55873015873016,160.7544483985765,181.71808510638297,179.67088607594937,224.18382352941177,219.56653992395437,168.41044776119404,240.9691629955947,106.45714285714286,221.31739130434784,200.34117647058824,115.01916932907348,282.1443298969072,250.3203125,223.1818181818182,226.39669421487602,139.13468013468014,106.78810408921933,158.5897435897436,254.63348416289594,180.81415929203538,196.9952606635071,237.0548523206751,167.0144927536232,141.06967213114754,133.10550458715596,303.1953488372093,212.8540772532189,253.59555555555556,135.51372549019607,207.18478260869566,226.3771186440678,146.74834437086093,130.7941176470588,302.0735930735931,186.5245283018868,164.52962962962962,288.3492063492063,185.9209726443769,274.6702702702703,194.09633027522935,58.340823970037455,20.188235294117646,196.3925925925926,256.668449197861,240.22177419354838,185.74666666666667,305.1127450980392,239.3785046728972,197.3187250996016,227.5909090909091,283.13496932515335,180.13588850174216,267.5217391304348,184.99236641221373,58.135714285714286,173.1487603305785,14.551236749116608,152.245,274.94690265486724,219.23829787234044,214.52247191011236,316.37606837606836,242.9513274336283,222.57090909090908,176.27027027027026,77.50751879699249,197.9064039408867,174.61785714285713,23.657894736842106,195.2305194805195,254.13513513513513,171.0372340425532,228.85972850678732,220.18215613382898,303.98617511520735,171.5185185185185,247.6706827309237,23.972093023255812,161.06737588652481,190.79166666666666,213.4090909090909,230.84046692607004,194.42241379310346,242.9280303030303,191.904214559387,88.2127659574468,231.29545454545453,216.15658362989325,261.4748858447489,164.93710691823898,206.2982456140351,228.4626168224299,312.0547263681592,255.80602006688963,188.70029673590506,243.8007662835249,189.56190476190477,210.58095238095237,228.47857142857143,236.46560846560845,249.45217391304348,257.9252336448598,242.01401869158877,228.74025974025975,194.96954314720813
40,130.91774891774892,166.4191616766467,217.72687224669605,174.34707903780068,168.84937238493723,159.7824561403509,200.7434210526316,173.3221153846154,223.53773584905662,156.4056603773585,182.5434083601286,157.7622641509434,214.25096525096524,202.9245283018868,194.13,189.1953125,189.1640625,188.85,175.34586466165413,164.6328125,161.93916349809885,54.566326530612244,195.4758064516129,173.21951219512195,211.31932773109244,182.99619771863118,219.7035175879397,43.76646706586826,158.0984126984127,157.88256227758006,192.25,183.16455696202533,193.69485294117646,222.52851711026616,172.23134328358208,238.06167400881057,107.63809523809523,221.01304347826087,206.47450980392156,120.27476038338658,288.63917525773195,245.26171875,211.2828282828283,224.15289256198346,140.8148148148148,104.69516728624535,156.5948717948718,253.89140271493213,181.98230088495575,187.48815165876778,231.29113924050634,172.94927536231884,141.54918032786884,139.13302752293578,316.31162790697675,209.96995708154506,245.23555555555555,137.33333333333334,223.2391304347826,214.6822033898305,149.41390728476821,132.34803921568627,302.1948051948052,190.88301886792453,167.27777777777777,306.24867724867727,184.46200607902736,290.34594594594597,188.27522935779817,60.655430711610485,21.188235294117646,196.16666666666666,234.951871657754,242.36290322580646,179.76444444444445,333.73039215686276,231.4018691588785,200.05179282868525,228.13636363636363,308.2515337423313,184.93379790940767,266.3652173913043,185.74809160305344,57.86785714285714,174.57575757575756,15.007067137809187,137.755,287.429203539823,219.9063829787234,201.86516853932585,297.37606837606836,242.8849557522124,225.28727272727272,177.79150579150578,74.82706766917293,196.9704433497537,176.025,23.62280701754386,195.7305194805195,252.66666666666666,155.82978723404256,216.33484162895928,216.95910780669146,296.10599078341016,174.32962962962964,240.86345381526104,24.52093023255814,160.40070921985816,192.91666666666666,209.23553719008265,240.90272373540856,202.11206896551724,237.47727272727272,153.367816091954,89.29787234042553,224.96212121212122,213.55516014234877,244.59360730593608,170.1509433962264,208.4078947368421,226.47663551401868,284.02487562189054,256.52508361204013,187.90504451038575,232.4712643678161,189.3761904761905,215.3047619047619,224.9607142857143,226.14285714285714,243.86521739130436,260.68224299065423,232.94392523364485,228.12987012987014,187.89847715736042
41,132.96103896103895,165.56586826347305,212.8281938325991,170.16494845360825,172.14225941422595,154.0701754385965,203.41776315789474,172.84615384615384,220.13679245283018,144.81446540880503,179.46623794212218,160.17735849056604,219.41312741312743,203.18396226415095,185.59,182.7109375,198.3515625,190.76538461538462,171.02631578947367,160.95703125,162.50190114068442,46.357142857142854,199.2540322580645,173.9547038327526,214.22268907563026,181.06463878326997,223.7889447236181,35.550898203592816,158.25396825396825,156.70462633451956,180.20212765957447,180.77215189873417,217.9191176470588,219.44106463878327,167.955223880597,252.5726872246696,104.02380952380952,213.69565217391303,205.7686274509804,125.21725239616613,264.79896907216494,240.26953125,220.72727272727272,226.900826446281,138.24915824915826,106.58364312267658,152.75384615384615,249.2443438914027,177.5132743362832,205.49289099526067,239.20253164556962,172.16304347826087,147.1762295081967,154.12385321100916,323.2279069767442,204.1459227467811,250.95555555555555,140.7058823529412,237.69021739130434,216.1228813559322,146.0,133.2549019607843,307.90909090909093,192.40754716981132,162.34074074074073,317.55026455026456,184.24924012158056,323.5945945945946,184.58715596330276,71.3932584269663,24.337254901960783,193.65555555555557,247.9572192513369,244.01209677419354,181.8311111111111,363.7401960784314,231.2336448598131,197.33067729083666,222.8181818181818,326.32515337423314,183.66898954703834,258.8086956521739,180.24427480916032,54.5,169.64187327823691,16.448763250883392,151.36,299.3495575221239,229.1531914893617,199.2808988764045,288.79487179487177,241.00442477876106,220.64,178.02702702702703,70.11654135338345,193.36453201970443,166.16071428571428,24.140350877192983,194.41233766233765,250.34684684684686,133.92021276595744,213.50226244343892,214.56877323420073,300.29953917050693,177.2962962962963,241.49799196787149,23.64651162790698,160.70567375886526,194.48717948717947,210.96694214876032,236.11284046692606,197.0,238.40151515151516,139.3256704980843,87.91489361702128,220.90151515151516,214.05693950177937,244.46575342465752,166.9056603773585,213.03947368421052,220.27570093457945,256.92537313432837,255.8294314381271,180.7833827893175,232.04597701149424,186.62857142857143,204.56507936507936,220.56785714285715,225.46560846560845,241.2173913043478,260.8878504672897,243.20560747663552,225.2900432900433,173.85786802030458
42,142.6060606060606,172.22754491017963,220.63436123348018,172.6151202749141,177.17573221757323,160.62456140350878,208.5296052631579,175.12980769230768,226.3254716981132,159.06603773584905,185.86816720257235,168.43396226415095,227.83397683397683,204.60377358490567,189.34,194.82421875,191.75390625,198.2153846153846,172.7330827067669,165.93359375,177.49429657794676,55.40816326530612,209.375,181.90243902439025,212.96218487394958,182.96577946768062,228.5175879396985,42.23353293413174,164.67619047619047,165.2099644128114,196.16489361702128,186.26582278481013,224.71323529411765,220.2471482889734,170.0820895522388,250.09691629955947,106.7,225.59130434782608,219.40392156862745,123.55271565495208,261.16494845360825,255.66015625,213.83838383838383,223.20247933884298,141.7070707070707,113.85501858736059,152.05641025641026,248.8235294117647,182.93805309734512,208.72985781990522,246.72995780590716,179.47101449275362,150.71311475409837,146.1880733944954,314.4186046511628,203.1587982832618,256.00888888888886,144.16862745098038,225.41304347826087,217.59322033898306,150.75496688741723,138.0441176470588,317.2164502164502,201.92075471698112,166.28518518518518,314.36507936507934,183.29483282674772,300.227027027027,191.46330275229357,66.0187265917603,19.784313725490197,197.8111111111111,240.1283422459893,238.1209677419355,192.8088888888889,321.09313725490193,235.69626168224298,203.56972111553785,227.47520661157026,312.57055214723925,184.8815331010453,259.95652173913044,181.5648854961832,55.13928571428571,170.52892561983472,15.120141342756185,140.085,290.62389380530976,222.77021276595744,199.7134831460674,292.28205128205127,243.3053097345133,228.2109090909091,179.32046332046332,66.65037593984962,194.99014778325125,172.75,22.42105263157895,199.66233766233765,253.86486486486487,112.66489361702128,212.86425339366517,215.18587360594796,308.91244239631334,182.09259259259258,250.75100401606426,19.906976744186046,162.1950354609929,195.79166666666666,210.08677685950414,233.3501945525292,197.81896551724137,241.9280303030303,120.08812260536398,85.00425531914894,236.07575757575756,223.65480427046262,248.69406392694063,169.9245283018868,216.7061403508772,210.79439252336448,287.99004975124376,255.81939799331104,175.9940652818991,210.22605363984675,188.46666666666667,207.1174603174603,227.93928571428572,232.3862433862434,228.54782608695652,265.0327102803738,244.7289719626168,230.05627705627705,187.55329949238578
43,148.22510822510822,179.2125748502994,224.5066079295154,177.17869415807561,182.5397489539749,169.459649122807,220.0065789473684,175.76923076923077,232.57075471698113,169.374213836478,199.7009646302251,170.13962264150945,231.48262548262548,205.47641509433961,195.815,203.79296875,207.53125,202.4269230769231,175.8345864661654,179.5,191.02281368821292,53.05612244897959,222.44354838709677,184.12891986062718,224.10504201680672,183.68441064638785,245.36180904522612,50.25149700598802,170.1174603174603,165.2064056939502,208.3031914893617,190.0253164556962,231.75735294117646,223.425855513308,179.1455223880597,267.1762114537445,108.42857142857143,229.76521739130436,218.68627450980392,121.15654952076677,324.9484536082474,252.97265625,219.2979797979798,221.22314049586777,143.75757575757575,116.4907063197026,170.6769230769231,251.50226244343892,190.83185840707964,218.81516587677726,248.9746835443038,182.05434782608697,153.97131147540983,145.56422018348624,343.9720930232558,208.91416309012877,253.11111111111111,146.6156862745098,235.39673913043478,226.6949152542373,154.72185430463577,144.76960784313727,318.75324675324674,206.39622641509433,172.4037037037037,310.14285714285717,191.0030395136778,304.2918918918919,195.05504587155963,65.35580524344569,21.184313725490195,201.85555555555555,189.52941176470588,246.70967741935485,199.41333333333333,324.671568627451,238.7663551401869,202.69721115537848,230.61570247933884,308.97546012269936,189.12891986062718,267.6521739130435,187.32824427480915,55.417857142857144,169.6556473829201,18.060070671378092,135.415,291.0575221238938,221.4340425531915,197.85393258426967,298.03418803418805,246.9513274336283,232.40727272727273,182.08494208494207,73.48496240601504,195.57635467980296,175.93928571428572,26.45614035087719,201.2694805194805,254.04954954954954,101.81914893617021,216.93665158371041,229.31226765799258,297.1520737327189,191.03703703703704,250.01606425702812,21.52093023255814,167.56028368794327,196.92307692307693,232.3512396694215,247.66926070038912,202.3405172413793,247.7651515151515,117.16091954022988,90.18723404255319,236.95454545454547,233.37722419928826,241.1689497716895,176.46540880503144,228.0701754385965,220.00467289719626,304.2587064676617,265.428093645485,168.35311572700297,180.0344827586207,194.47142857142856,203.3015873015873,234.7892857142857,224.52380952380952,236.86521739130436,277.39719626168227,243.52803738317758,235.63203463203465,193.38071065989848
44,146.6839826839827,185.38922155688624,233.21145374449338,183.99312714776633,188.51046025104603,178.79298245614035,231.82565789473685,178.98557692307693,238.10849056603774,167.79559748427673,215.7459807073955,177.59622641509435,235.6216216216216,208.99528301886792,203.535,205.65234375,218.42578125,207.0730769230769,181.7330827067669,177.84765625,202.52851711026616,54.6530612244898,221.7701612903226,182.89547038327527,225.7058823529412,190.33079847908746,245.25125628140702,53.92215568862275,170.05079365079365,168.6370106761566,211.8404255319149,192.84810126582278,247.93382352941177,230.0,188.1455223880597,269.87665198237886,105.87142857142857,236.47826086956522,219.05490196078432,140.0990415335463,333.66494845360825,277.2109375,222.85858585858585,232.51239669421489,148.8956228956229,117.1003717472119,171.22564102564104,259.3665158371041,205.36283185840708,201.88625592417063,256.9324894514768,179.8695652173913,153.922131147541,155.7018348623853,339.7395348837209,217.98283261802575,268.31555555555553,149.8156862745098,244.5,231.64406779661016,147.5728476821192,144.69607843137254,322.64935064935065,206.47169811320754,175.54074074074074,314.3174603174603,192.4224924012158,312.65945945945947,203.77064220183487,64.8501872659176,19.309803921568626,197.0,228.19251336898395,250.6491935483871,199.05333333333334,318.62254901960785,236.2803738317757,206.60557768924303,229.67768595041323,306.8834355828221,187.66202090592336,279.295652173913,197.59541984732823,53.24285714285714,176.9862258953168,15.293286219081272,136.125,291.3407079646018,232.51489361702127,200.35955056179776,303.64102564102564,257.9159292035398,233.0981818181818,189.53667953667954,72.49624060150376,199.66995073891624,170.53214285714284,20.789473684210527,208.66558441558442,257.8738738738739,95.62765957446808,228.13122171945702,236.23420074349443,283.7281105990783,192.8074074074074,247.19277108433735,19.260465116279068,171.68794326241135,192.6698717948718,228.84710743801654,246.49805447470817,213.06034482758622,251.6590909090909,112.34099616858238,87.06808510638298,241.1969696969697,223.83274021352312,270.24657534246575,179.51572327044025,238.32894736842104,214.43457943925233,299.53731343283584,273.84615384615387,156.973293768546,159.2911877394636,197.0952380952381,187.36190476190475,233.325,221.8042328042328,256.4478260869565,289.4579439252336,248.15420560747663,244.62770562770564,188.88832487309645
45,152.91341991341992,192.63473053892216,242.59471365638765,188.6254295532646,186.94142259414227,185.72280701754386,234.17763157894737,176.32692307692307,239.42924528301887,175.0754716981132,204.7813504823151,178.2566037735849,238.93436293436292,211.33962264150944,205.4,209.37890625,221.1484375,206.02692307692308,185.50751879699249,179.9296875,211.61977186311788,53.392857142857146,223.48387096774192,182.24738675958187,226.78571428571428,198.04182509505702,231.95979899497488,62.9940119760479,168.28571428571428,171.8220640569395,229.20744680851064,193.59493670886076,246.91176470588235,238.319391634981,186.36567164179104,262.40969162995594,104.96190476190476,238.05217391304348,215.39607843137256,142.63897763578274,304.4381443298969,275.5625,218.28787878787878,235.76859504132233,150.20875420875421,115.8736059479554,176.15897435897435,263.38009049773757,197.94247787610618,202.7962085308057,252.52742616033754,182.1195652173913,151.04918032786884,150.61467889908258,331.6744186046512,228.83261802575106,260.61333333333334,149.49803921568628,235.875,235.10593220338984,147.8112582781457,140.5,320.06060606060606,207.68301886792452,175.76666666666668,328.06349206349205,191.58662613981764,322.02162162162165,205.42660550458714,64.21348314606742,18.48235294117647,195.1851851851852,225.51871657754012,248.93548387096774,206.76444444444445,340.0,238.39719626168224,203.78486055776892,225.07438016528926,319.5398773006135,180.65505226480838,277.89565217391305,196.88931297709922,50.292857142857144,179.38842975206612,16.187279151943464,142.195,293.7787610619469,237.95744680851064,205.8370786516854,309.991452991453,262.57964601769913,222.51272727272726,195.52895752895753,64.55639097744361,191.29064039408868,166.325,22.035087719298247,217.80844155844156,250.67117117117118,84.30851063829788,238.35294117647058,233.53903345724908,288.35483870967744,192.14444444444445,253.2008032128514,18.595348837209304,169.89007092198582,188.35897435897436,226.92561983471074,250.2295719844358,222.36637931034483,253.3409090909091,112.02681992337165,87.00425531914894,237.04924242424244,227.09964412811388,267.88584474885846,179.72327044025158,245.9298245614035,205.36915887850466,315.7412935323383,264.04347826086956,141.7507418397626,140.13409961685824,202.12857142857143,157.57460317460317,229.88214285714287,202.63492063492063,253.21304347826086,289.3878504672897,241.69158878504672,249.83549783549785,184.71573604060913
46,151.2770562770563,198.3562874251497,244.55506607929516,194.0274914089347,184.32635983263597,192.03157894736842,235.73684210526315,180.73557692307693,235.60849056603774,172.4496855345912,204.37942122186496,175.58490566037736,236.988416988417,213.35377358490567,209.23,208.6640625,217.90625,206.00384615384615,187.32706766917292,192.62890625,203.74144486692015,57.78061224489796,241.63306451612902,183.39721254355402,235.2016806722689,202.8212927756654,236.2713567839196,66.95209580838323,170.43492063492064,170.88256227758006,252.50531914893617,199.126582278481,247.04779411764707,245.9809885931559,192.5820895522388,251.7092511013216,110.70476190476191,242.84782608695653,215.0235294117647,136.6453674121406,326.91752577319585,278.8828125,235.0252525252525,243.20661157024793,149.56902356902356,114.182156133829,176.82564102564103,266.4343891402715,200.73008849557522,208.8388625592417,265.1181434599156,183.02173913043478,147.24180327868854,141.07339449541286,334.6697674418605,229.47210300429185,259.9288888888889,144.10196078431372,228.35326086956522,238.5635593220339,146.12582781456953,142.7843137254902,321.6363636363636,205.53584905660378,172.82962962962964,315.8888888888889,199.2401215805471,312.9351351351351,203.06880733944953,55.767790262172284,15.92156862745098,193.03333333333333,188.79144385026737,239.28629032258064,205.48888888888888,321.72549019607845,246.34579439252337,200.90836653386455,224.44214876033058,321.76073619631904,176.0731707317073,289.74782608695654,197.23282442748092,50.85,182.55096418732782,15.826855123674912,128.225,295.0619469026549,244.33617021276595,208.87640449438203,317.7521367521368,268.8185840707965,222.55636363636364,196.87258687258688,63.56390977443609,190.30541871921181,166.06428571428572,21.105263157894736,219.07467532467533,252.35135135135135,78.68085106382979,241.50678733031674,241.29368029739777,276.5437788018433,187.62222222222223,250.36144578313252,18.441860465116278,166.98581560283688,188.13141025641025,211.84297520661158,259.5252918287938,220.14655172413794,247.25757575757575,101.4904214559387,88.18723404255319,233.86742424242425,232.19572953736656,271.4657534246575,176.0817610062893,247.92543859649123,194.0841121495327,311.2835820895522,260.72909698996654,141.026706231454,132.03831417624522,208.78095238095239,124.22539682539683,230.60357142857143,193.46560846560845,262.5782608695652,295.8785046728972,245.7710280373832,253.982683982684,171.6497461928934
47,147.83982683982683,196.69760479041915,236.8237885462555,190.96219931271477,181.4560669456067,184.1263157894737,229.875,177.47596153846155,226.18867924528303,163.5440251572327,204.58842443729904,169.0867924528302,224.4942084942085,213.60377358490567,209.535,203.02734375,211.13671875,203.0076923076923,186.38345864661653,183.703125,200.2319391634981,56.96938775510204,241.08467741935485,181.8432055749129,227.74789915966386,202.27376425855513,230.80402010050253,58.365269461077844,166.33650793650793,169.01423487544483,226.54255319148936,195.48101265822785,244.33823529411765,242.56653992395437,192.55223880597015,243.33480176211455,107.42380952380952,245.18260869565216,215.07450980392156,132.370607028754,302.00515463917526,272.23046875,235.33333333333334,245.1611570247934,148.91919191919192,117.54646840148699,180.5025641025641,260.56108597285066,189.53982300884957,203.17535545023696,254.30801687763713,172.2536231884058,156.2377049180328,141.05504587155963,318.47906976744184,229.64377682403435,266.02222222222224,136.90196078431373,223.91304347826087,228.04237288135593,144.76158940397352,139.35294117647058,322.56709956709955,199.31698113207548,166.59259259259258,296.1957671957672,194.40425531914894,293.1459459459459,208.78440366972478,49.168539325842694,16.298039215686273,180.5185185185185,209.33689839572193,253.4959677419355,196.45777777777778,301.9117647058824,233.0467289719626,203.0239043824701,216.32644628099175,304.13496932515335,172.02090592334494,283.4347826086956,196.293893129771,45.875,179.46005509641873,14.731448763250883,119.565,284.33185840707966,244.31489361702128,201.25842696629215,320.5213675213675,269.6725663716814,209.85090909090908,193.85328185328186,65.9172932330827,195.66502463054186,159.71428571428572,15.991228070175438,214.30519480519482,243.63513513513513,66.02127659574468,231.90950226244343,233.34944237918216,259.2165898617512,187.4777777777778,251.1726907630522,19.46046511627907,165.8758865248227,174.10256410256412,178.28512396694214,264.97665369649803,217.5344827586207,242.62878787878788,89.73563218390805,81.57872340425531,232.2159090909091,220.30960854092527,258.35616438356163,177.11949685534591,245.9298245614035,171.79906542056074,293.7363184079602,256.97658862876256,123.46587537091987,121.99616858237547,208.97142857142856,109.68571428571428,226.44285714285715,170.79365079365078,257.6695652173913,280.4065420560748,222.2570093457944,256.8961038961039,164.87309644670052
48,145.91341991341992,193.8682634730539,233.23788546255506,184.50515463917526,169.64435146443515,184.89122807017543,222.13815789473685,173.3846153846154,224.50471698113208,165.3427672955975,193.08360128617363,162.50566037735848,216.56370656370657,203.12264150943398,202.965,201.42578125,206.4296875,197.37692307692308,178.67293233082708,169.2578125,207.19011406844106,46.75,228.95967741935485,170.89547038327527,220.53781512605042,196.04182509505702,225.64824120603015,63.38922155688623,161.8761904761905,166.30960854092527,231.9468085106383,186.9240506329114,244.47058823529412,232.52091254752852,184.88805970149255,248.62555066079295,103.03333333333333,237.01304347826087,197.69803921568626,130.9968051118211,292.9639175257732,267.7265625,218.93434343434345,235.01239669421489,146.02020202020202,114.03345724907064,170.34358974358975,256.8009049773756,186.08849557522123,196.0995260663507,243.22784810126583,163.6159420289855,141.47131147540983,131.9908256880734,319.4976744186047,219.83690987124464,254.74666666666667,129.06666666666666,217.80978260869566,229.9915254237288,137.19205298013244,139.7892156862745,312.64069264069263,183.75471698113208,158.6888888888889,293.78306878306876,191.98176291793314,295.9891891891892,198.36697247706422,48.45692883895131,15.062745098039215,164.4814814814815,197.83957219251337,245.0,187.35555555555555,295.8235294117647,229.7429906542056,199.09561752988049,208.31404958677686,285.5276073619632,163.20209059233449,293.5913043478261,189.48473282442748,41.99285714285714,176.98898071625345,14.346289752650177,117.815,279.0840707964602,222.61702127659575,197.75842696629215,318.6923076923077,262.28761061946904,196.43636363636364,190.62548262548262,59.3609022556391,184.71428571428572,148.62142857142857,23.894736842105264,214.2305194805195,232.16666666666666,79.2127659574468,238.05882352941177,236.26022304832713,253.38709677419354,176.14074074074074,226.73895582329317,16.23720930232558,163.10638297872342,167.58333333333334,169.47520661157026,257.8910505836576,211.43103448275863,238.6931818181818,87.43295019157088,70.78297872340426,201.8219696969697,211.91103202846975,261.2328767123288,172.44025157232704,238.23245614035088,152.2663551401869,273.5820895522388,255.64214046822744,114.98219584569733,112.816091954023,204.1809523809524,93.62539682539682,225.52857142857144,134.010582010582,260.0130434782609,277.39719626168227,194.39252336448598,258.6926406926407,154.99492385786803
49,145.84848484848484,182.4251497005988,234.52422907488986,179.09278350515464,164.2133891213389,176.55789473684212,217.48684210526315,168.70673076923077,225.29245283018867,160.52201257861634,200.54662379421222,160.4,213.3166023166023,204.08018867924528,199.575,199.625,200.2890625,198.2076923076923,173.72556390977442,158.53515625,201.50570342205324,55.285714285714285,213.55645161290323,166.41811846689896,223.81512605042016,189.77566539923956,225.95979899497488,58.5688622754491,158.42222222222222,167.44839857651246,216.10106382978722,182.39240506329114,234.6764705882353,224.46007604562737,174.33955223880596,255.96035242290748,98.99047619047619,232.11739130434782,197.31372549019608,131.44408945686902,286.5618556701031,256.2265625,218.95454545454547,231.0,143.67340067340066,110.4907063197026,168.77435897435896,249.9502262443439,187.0486725663717,188.85308056872037,235.93248945147678,158.95652173913044,133.49590163934425,126.38990825688073,308.15813953488373,211.51931330472104,250.6888888888889,125.1921568627451,210.7173913043478,225.08050847457628,134.7251655629139,131.7549019607843,299.98268398268397,170.4679245283019,153.05185185185186,281.3703703703704,183.2158054711246,304.7027027027027,195.4908256880734,44.0374531835206,14.866666666666667,161.3740740740741,194.06417112299465,239.73790322580646,184.41333333333333,287.80392156862746,224.40654205607476,189.76892430278883,200.20661157024793,277.159509202454,157.41811846689896,274.25217391304346,184.18320610687022,40.43571428571428,171.633608815427,13.31095406360424,124.69,267.7212389380531,216.27234042553192,193.30898876404495,300.2735042735043,245.8230088495575,188.6,180.43629343629343,59.58270676691729,175.97536945812809,139.29285714285714,22.06140350877193,201.6525974025974,216.68018018018017,74.7872340425532,229.289592760181,228.9368029739777,237.08755760368663,161.35185185185185,221.33734939759037,15.976744186046512,160.61702127659575,164.01282051282053,159.41735537190084,259.85603112840465,208.33189655172413,230.90151515151516,74.65134099616859,63.659574468085104,191.02272727272728,206.98220640569394,260.73059360730593,170.08805031446542,236.50877192982455,123.50934579439253,291.40796019900495,244.561872909699,112.56676557863501,100.1264367816092,196.6,89.7936507936508,222.19285714285715,114.87830687830687,255.00434782608696,263.1542056074766,136.7710280373832,254.26839826839827,133.81725888324874
50,135.43290043290042,176.01497005988023,228.76651982378854,172.0962199312715,158.96234309623432,166.50175438596492,218.37171052631578,163.96153846153845,212.27358490566039,160.07232704402514,191.19292604501607,151.61132075471698,199.37451737451738,198.74528301886792,190.785,193.84375,200.21484375,191.1153846153846,162.8045112781955,157.51953125,196.57794676806083,55.40816326530612,211.6008064516129,164.03135888501743,213.97899159663865,182.16730038022814,200.2713567839196,64.76646706586827,151.12698412698413,168.3879003558719,213.66489361702128,166.21518987341773,229.52941176470588,217.2699619771863,167.8320895522388,225.03964757709252,93.98571428571428,214.91304347826087,194.2941176470588,118.44728434504792,276.02061855670104,248.91796875,220.2070707070707,221.34297520661158,143.9090909090909,104.77323420074349,156.14358974358976,246.49773755656108,176.45575221238937,202.50710900473933,220.46413502109704,157.33333333333334,125.42622950819673,119.30733944954129,299.10232558139535,203.57939914163092,236.1688888888889,115.88235294117646,205.7554347826087,217.38135593220338,127.68543046357615,121.76960784313725,298.7142857142857,159.9433962264151,148.5814814814815,257.005291005291,178.3920972644377,299.4054054054054,192.90825688073394,41.176029962546814,13.698039215686274,154.88148148148147,170.05347593582889,229.08064516129033,172.89777777777778,281.37745098039215,218.7663551401869,176.6812749003984,188.28512396694214,286.58895705521473,148.33449477351917,251.35652173913044,177.76717557251908,40.892857142857146,165.53443526170798,15.095406360424029,108.305,272.83185840707966,215.58297872340427,191.19662921348313,287.20512820512823,242.65929203539824,175.68727272727273,177.28957528957528,58.015037593984964,159.67980295566502,132.07857142857142,22.035087719298247,190.6525974025974,201.6036036036036,69.68617021276596,223.0995475113122,220.68773234200742,224.6635944700461,151.93703703703704,211.96385542168676,15.13953488372093,153.60638297872342,159.13141025641025,146.61570247933884,243.87937743190662,201.94827586206895,224.81060606060606,65.11494252873563,57.161702127659574,176.6931818181818,188.7864768683274,249.9543378995434,162.57861635220127,223.69298245614036,107.97196261682242,268.5273631840796,238.19732441471572,104.71810089020771,87.82375478927203,198.77142857142857,91.6984126984127,206.67857142857142,94.73544973544973,240.63478260869564,251.41121495327104,99.28971962616822,239.22943722943722,123.4771573604061
51,132.78787878787878,169.35928143712576,219.02643171806167,168.5429553264605,152.81589958158995,163.43859649122808,206.96381578947367,158.41346153846155,211.29716981132074,162.77672955974842,185.68488745980707,143.12452830188678,200.59459459459458,191.4056603773585,182.425,189.4921875,187.60546875,189.1076923076923,156.12781954887217,151.8515625,186.47908745247148,42.66326530612245,206.2540322580645,161.14982578397212,212.85294117647058,174.99619771863118,188.84422110552765,58.26946107784431,147.07301587301586,161.12811387900356,218.00531914893617,159.65822784810126,214.04779411764707,206.0190114068441,162.1417910447761,218.00881057268722,86.91904761904762,203.6391304347826,194.05882352941177,112.38019169329074,271.5979381443299,239.8984375,205.81313131313132,213.3099173553719,136.31986531986533,98.98884758364312,155.67179487179487,235.64253393665157,169.7079646017699,174.72511848341233,217.37974683544303,161.17391304347825,122.95901639344262,118.72018348623853,280.80930232558137,195.66523605150215,224.20888888888888,115.1686274509804,200.6141304347826,206.00423728813558,122.91390728476821,112.44117647058823,274.24675324675326,147.22641509433961,145.2888888888889,219.16931216931218,173.57142857142858,283.13513513513516,186.7981651376147,45.97752808988764,13.827450980392157,146.0851851851852,169.64171122994654,215.21774193548387,177.54222222222222,275.1421568627451,199.89252336448598,166.0756972111554,176.17355371900825,268.6319018404908,143.75261324041813,241.98260869565217,172.3053435114504,38.32857142857143,157.31955922865015,11.416961130742049,109.04,258.77433628318585,200.86382978723404,179.91011235955057,266.44444444444446,236.43805309734512,168.09454545454545,169.42857142857142,58.76315789473684,152.66995073891624,129.21785714285716,21.350877192982455,185.97727272727272,184.22522522522522,90.2872340425532,221.33484162895928,208.57620817843866,220.43778801843317,144.28148148148148,203.20883534136547,13.869767441860466,147.645390070922,157.2403846153846,130.17355371900825,222.6147859922179,195.30172413793105,207.34848484848484,65.63984674329502,56.765957446808514,180.70454545454547,185.89679715302492,226.24657534246575,160.7987421383648,221.1578947368421,92.0607476635514,261.8905472636816,229.40802675585283,109.32640949554896,78.33333333333333,192.26666666666668,90.76190476190476,195.86785714285713,67.83068783068784,230.4913043478261,234.6214953271028,80.75700934579439,225.41558441558442,112.30456852791878
52,122.46320346320347,154.7005988023952,199.94713656387665,160.04810996563575,144.13389121338912,154.44912280701755,195.125,149.8846153846154,197.99528301886792,149.6320754716981,178.16720257234726,132.03773584905662,187.8841698841699,178.31603773584905,180.605,179.24609375,177.5234375,173.66538461538462,144.92857142857142,141.0546875,192.41444866920153,43.32142857142857,197.40322580645162,146.09756097560975,199.73529411764707,164.5893536121673,181.82914572864323,52.0,133.0984126984127,148.0035587188612,197.18085106382978,150.63291139240508,206.56985294117646,198.9619771863118,152.58582089552237,198.24229074889868,81.71428571428571,200.11739130434782,180.3607843137255,99.69968051118211,266.16494845360825,217.6796875,186.16161616161617,201.93801652892563,123.27272727272727,92.30111524163569,142.26153846153846,229.94570135746605,157.55309734513276,164.5781990521327,225.27004219409284,146.5253623188406,114.06557377049181,106.38990825688073,268.46046511627907,179.14163090128756,224.76444444444445,106.7843137254902,187.5108695652174,195.96186440677965,109.74834437086092,102.74019607843137,278.6320346320346,143.8679245283019,132.66666666666666,175.0793650793651,161.5562310030395,262.1675675675676,175.26605504587155,42.38576779026217,12.447058823529412,136.95925925925926,137.9144385026738,204.81451612903226,164.88,243.33333333333334,185.08878504672896,147.68525896414343,158.55371900826447,248.22085889570553,130.17770034843207,231.26956521739132,167.04580152671755,34.84642857142857,149.47658402203857,10.240282685512367,90.545,233.54424778761063,191.92340425531916,166.6011235955056,275.9145299145299,227.08849557522123,155.99636363636364,166.011583011583,54.045112781954884,133.0295566502463,122.89285714285714,15.728070175438596,180.6103896103896,154.2972972972973,67.40957446808511,205.01357466063348,201.9442379182156,195.65898617511522,139.9148148148148,191.51004016064257,14.813953488372093,146.20212765957447,146.55128205128204,117.34710743801652,214.62645914396887,192.2155172413793,188.70454545454547,52.30651340996169,52.85531914893617,155.28030303030303,177.14590747330962,205.56164383561645,156.1572327044025,209.71929824561403,81.11682242990655,251.18407960199005,210.47491638795987,104.68842729970326,74.50574712643679,178.33333333333334,81.82539682539682,183.4607142857143,67.37566137566138,232.4304347826087,215.70093457943926,69.34579439252336,216.004329004329,103.14213197969544
53,108.73593073593074,143.44610778443115,176.45374449339207,140.98625429553263,130.7573221757322,138.24912280701756,178.25328947368422,133.11057692307693,177.1556603773585,130.34591194968553,158.4694533762058,115.86792452830188,170.23552123552125,160.94811320754718,162.89,161.3515625,158.5078125,154.3,132.24812030075188,117.5625,183.00380228136882,36.974489795918366,181.22177419354838,129.1951219512195,182.0672268907563,148.574144486692,171.08040201005025,59.796407185628745,112.28888888888889,132.48754448398577,203.60638297872342,135.49367088607596,196.37132352941177,182.0912547528517,134.66417910447763,198.16299559471366,71.73809523809524,181.62608695652173,162.07450980392156,88.26198083067092,234.12886597938143,203.125,166.35353535353536,182.97520661157026,132.7205387205387,89.35315985130111,130.37435897435898,208.50226244343892,139.81415929203538,146.7867298578199,180.42194092827003,126.92753623188406,100.9672131147541,90.25229357798165,232.02325581395348,161.2961373390558,192.62222222222223,93.81960784313725,175.6358695652174,171.47881355932202,96.78476821192054,90.37254901960785,250.5151515151515,127.3433962264151,110.52222222222223,139.07407407407408,144.19148936170214,221.7945945945946,154.3256880733945,34.91385767790262,11.52156862745098,119.8,136.76470588235293,187.23790322580646,149.8177777777778,194.0441176470588,165.40654205607476,124.54980079681275,136.8305785123967,224.75460122699386,111.94425087108014,222.1478260869565,142.36259541984734,35.285714285714285,131.57300275482095,11.314487632508834,79.38,201.87610619469027,164.331914893617,151.82584269662922,254.85470085470087,207.39823008849558,134.08727272727273,149.8030888030888,47.12781954887218,114.64532019704434,109.89642857142857,16.42982456140351,167.16233766233765,124.98198198198199,64.3563829787234,185.4343891402715,177.18215613382898,183.69585253456222,127.82222222222222,171.0441767068273,13.130232558139534,128.70212765957447,126.62179487179488,90.14049586776859,207.02334630350194,179.2198275862069,162.84848484848484,46.55555555555556,44.736170212765956,133.26136363636363,164.1814946619217,177.69406392694063,148.0062893081761,189.46491228070175,73.44859813084112,237.4129353233831,183.61204013377926,88.29376854599407,68.0,167.96190476190475,69.96825396825396,159.425,65.44444444444444,209.48260869565217,191.31308411214954,52.83644859813084,201.57142857142858,95.93401015228426
54,95.38095238095238,122.91317365269461,157.5286343612335,123.84192439862542,114.66108786610879,122.55087719298245,154.3190789473684,118.78365384615384,162.50943396226415,117.32704402515724,137.92604501607718,100.52452830188679,153.8803088803089,144.78301886792454,139.65,147.49609375,140.64453125,139.10384615384615,117.03007518796993,101.6640625,156.43346007604563,33.38775510204081,157.8709677419355,112.56794425087108,162.97058823529412,134.93916349809885,150.23618090452263,52.83233532934132,101.05714285714286,123.69039145907473,188.13297872340425,120.0886075949367,180.27941176470588,162.41444866920153,122.1268656716418,173.59911894273128,61.75714285714286,160.38260869565218,146.8470588235294,80.75079872204473,199.31958762886597,176.05859375,147.74242424242425,167.73140495867767,120.23905723905725,81.23791821561338,114.16923076923077,187.45701357466064,126.65929203539822,128.6824644549763,167.9831223628692,113.78623188405797,89.22950819672131,85.18348623853211,191.71627906976744,150.11158798283262,168.45333333333335,81.98823529411764,158.30978260869566,151.89406779661016,84.95695364238411,79.18137254901961,228.2770562770563,115.98113207547169,100.04074074074074,132.15343915343917,133.0060790273556,215.59459459459458,131.78440366972478,28.734082397003746,11.113725490196078,110.24444444444444,119.40641711229947,160.92741935483872,138.17777777777778,188.41666666666666,151.04205607476635,109.0996015936255,120.51239669421487,211.08588957055215,103.13937282229965,187.23478260869564,131.7709923664122,31.37142857142857,113.40495867768595,9.69964664310954,72.71,186.1637168141593,150.10638297872342,132.07865168539325,219.18803418803418,183.16814159292036,118.82545454545455,138.85714285714286,43.47744360902256,100.55665024630542,103.11785714285715,16.780701754385966,157.58766233766235,96.17567567567568,59.59574468085106,167.0814479638009,164.78438661710038,159.83410138248848,110.87407407407407,152.7871485943775,13.209302325581396,110.01418439716312,113.50641025641026,90.50413223140495,176.01167315175098,165.41379310344828,144.93939393939394,49.275862068965516,43.69787234042553,125.86742424242425,142.72953736654804,176.88127853881278,136.40880503144655,175.1315789473684,57.4392523364486,195.54228855721394,161.1705685618729,76.80712166172107,55.52873563218391,159.42857142857142,57.644444444444446,137.59642857142856,57.87830687830688,166.46521739130435,182.85981308411215,55.76168224299065,185.62770562770564,79.96954314720813
55,86.01731601731602,116.81437125748504,142.26431718061673,116.95876288659794,108.61924686192468,113.84561403508772,148.4046052631579,108.22115384615384,145.6509433962264,111.0503144654088,137.14147909967846,96.23396226415095,146.33590733590734,127.30188679245283,129.55,133.63671875,128.4296875,128.8923076923077,108.34962406015038,89.3515625,152.2281368821293,35.94897959183673,146.10887096774192,98.9581881533101,150.39495798319328,125.49049429657795,140.82914572864323,46.32934131736527,88.27619047619048,114.22419928825623,166.54255319148936,112.84810126582279,160.14705882352942,150.96577946768062,111.61940298507463,172.08370044052865,52.42857142857143,151.6,127.93333333333334,72.44408945686901,192.82474226804123,165.15234375,127.60606060606061,158.19834710743802,94.56902356902357,79.5539033457249,105.71794871794872,174.05429864253395,119.60176991150442,122.62085308056872,168.0632911392405,98.53260869565217,78.70081967213115,77.95412844036697,169.2232558139535,138.7167381974249,167.10222222222222,74.9843137254902,148.79347826086956,140.72881355932202,73.8476821192053,75.81372549019608,211.83549783549785,99.98867924528302,91.37777777777778,118.3015873015873,123.37689969604864,203.0972972972973,125.22935779816514,24.640449438202246,10.384313725490196,96.73703703703704,110.62566844919786,145.05645161290323,125.03111111111112,179.5343137254902,136.05140186915887,96.7808764940239,105.41322314049587,203.06748466257667,95.31358885017421,171.15652173913043,126.95419847328245,29.957142857142856,107.34435261707989,8.720848056537102,69.7,175.41150442477877,137.24255319148935,120.84831460674157,197.36752136752136,168.28318584070797,106.36363636363636,131.13127413127413,38.17293233082707,92.17733990147784,95.36428571428571,15.192982456140351,143.69155844155844,79.69369369369369,56.81382978723404,154.93212669683257,155.06691449814127,149.96774193548387,98.52222222222223,137.33333333333334,11.888372093023255,98.23404255319149,104.46474358974359,81.4297520661157,168.1011673151751,151.4956896551724,127.27651515151516,46.45593869731801,38.723404255319146,113.09469696969697,130.77580071174378,160.1324200913242,125.72327044025157,156.26754385964912,45.91121495327103,191.26865671641792,137.91304347826087,73.01780415430267,50.26819923371647,150.23809523809524,54.577777777777776,124.14285714285714,45.111111111111114,169.8304347826087,164.13084112149534,53.82710280373832,171.87878787878788,67.33502538071066
56,78.77056277056278,110.99101796407186,135.36563876651982,110.02061855670104,100.25941422594143,109.05964912280702,148.08223684210526,98.51442307692308,139.30188679245282,110.30188679245283,126.02572347266882,87.67169811320754,137.96138996138995,123.21698113207547,119.865,129.765625,132.703125,121.48461538461538,101.35338345864662,82.5,153.84410646387832,35.46938775510204,147.15725806451613,89.25087108013938,138.84873949579833,122.48669201520913,135.66834170854273,50.25149700598802,79.15555555555555,109.55516014234875,170.07978723404256,104.25316455696202,154.94117647058823,144.1977186311787,106.94402985074628,160.18942731277534,45.09047619047619,146.43478260869566,114.99607843137255,67.29392971246007,161.60309278350516,156.59765625,112.21212121212122,153.3388429752066,77.84511784511784,70.18587360594796,100.61538461538461,164.52941176470588,114.75221238938053,110.1563981042654,160.9620253164557,87.21739130434783,69.44672131147541,73.74770642201835,132.8046511627907,132.09871244635193,156.73333333333332,71.24313725490197,137.32065217391303,129.8050847457627,66.70198675496688,73.73529411764706,200.63203463203465,89.71698113207547,85.82962962962964,96.48677248677248,120.9726443768997,183.4,123.31651376146789,24.254681647940075,9.945098039215686,84.38518518518518,109.9090909090909,139.28629032258064,118.52444444444444,170.59803921568627,123.48130841121495,91.97211155378486,97.49173553719008,191.70552147239263,87.62369337979094,164.52173913043478,123.25190839694656,29.321428571428573,105.02754820936639,8.074204946996467,67.605,164.73451327433628,126.19148936170212,113.3314606741573,188.72649572649573,163.61061946902655,95.92363636363636,119.21621621621621,34.578947368421055,84.84729064039409,91.90357142857142,12.535087719298245,136.23376623376623,70.11261261261261,45.191489361702125,146.65158371040724,142.76208178438662,136.54377880184333,95.74814814814815,127.93975903614458,11.613953488372093,84.93617021276596,91.3173076923077,84.9090909090909,163.91050583657588,145.02586206896552,115.25378787878788,37.632183908045974,33.229787234042554,107.625,111.36654804270462,155.77625570776254,120.49685534591195,140.72368421052633,37.425233644859816,182.92039800995025,124.11371237458194,67.98813056379822,42.35632183908046,144.84761904761905,48.3968253968254,105.175,55.78835978835979,158.7086956521739,142.67757009345794,48.808411214953274,161.93939393939394,57.974619289340104
57,79.93506493506493,110.40419161676647,127.2863436123348,112.7491408934708,95.35564853556485,106.3157894736842,138.54605263157896,92.28846153846153,130.6509433962264,110.36477987421384,120.63344051446946,84.29056603773584,130.91119691119692,119.49056603773585,119.085,121.77734375,127.86328125,118.47692307692307,97.36466165413533,75.75,149.98859315589354,32.55612244897959,141.6451612903226,85.12891986062718,132.7058823529412,121.85931558935361,134.48743718592965,52.616766467065865,75.68571428571428,103.6797153024911,177.84574468085106,96.58227848101266,148.12867647058823,139.60076045627378,108.23134328358209,152.25991189427313,43.71904761904762,140.33478260869566,111.72941176470589,67.14376996805112,155.7164948453608,149.828125,107.3989898989899,146.30578512396696,71.4040404040404,70.49814126394052,101.05641025641026,163.94117647058823,105.929203539823,103.38862559241706,148.34599156118142,81.34057971014492,69.42622950819673,74.81651376146789,110.36744186046512,132.82403433476395,153.37333333333333,68.18039215686275,128.79891304347825,118.88135593220339,61.93046357615894,68.57843137254902,183.4805194805195,85.43018867924528,83.36666666666666,81.19047619047619,123.0,166.56216216216217,129.61926605504587,25.374531835205993,9.392156862745098,79.53703703703704,109.58288770053476,141.74193548387098,116.97333333333333,155.98529411764707,114.19158878504673,86.86852589641434,95.4090909090909,184.9754601226994,90.58188153310104,157.8,122.98473282442748,30.25,104.59504132231405,6.848056537102473,64.975,157.58407079646017,120.67659574468085,104.82584269662921,168.31623931623932,153.28318584070797,97.32363636363637,119.74131274131274,33.69548872180451,76.90147783251231,92.4,11.850877192982455,137.54545454545453,60.81981981981982,44.180851063829785,132.60633484162895,133.82527881040892,134.66820276497697,90.02222222222223,126.24497991967871,13.82325581395349,77.37234042553192,84.24358974358974,72.84297520661157,166.45525291828793,147.79741379310346,106.74621212121212,33.22605363984675,34.97021276595745,99.87121212121212,102.51245551601423,139.40639269406392,114.19496855345912,131.99122807017545,35.9392523364486,171.85572139303483,120.00334448160535,60.52818991097923,40.85823754789272,144.71904761904761,50.422222222222224,87.46785714285714,50.34920634920635,152.11304347826086,124.24766355140187,44.794392523364486,151.88311688311688,53.89340101522843
58,83.77489177489177,111.19461077844312,124.32599118942731,109.74570446735395,89.1673640167364,103.67017543859649,136.1875,87.32211538461539,127.85377358490567,106.88993710691824,116.71704180064309,76.35471698113207,120.21621621621621,116.7877358490566,117.705,116.70703125,121.95703125,110.38461538461539,95.45488721804512,66.1640625,140.3041825095057,31.132653061224488,141.9233870967742,80.72473867595819,124.62605042016807,126.0190114068441,130.26633165829145,49.41317365269461,73.44126984126984,95.72953736654804,163.19148936170214,99.12658227848101,145.97426470588235,142.00760456273764,107.5,146.7444933920705,43.40952380952381,140.4695652173913,104.20392156862745,66.6964856230032,143.1958762886598,140.07421875,93.07070707070707,147.24380165289256,68.39393939393939,68.44981412639405,95.11794871794872,169.80995475113122,98.92477876106194,100.07582938388626,156.81012658227849,77.01449275362319,68.24180327868852,74.89908256880734,99.06046511627908,136.1845493562232,154.11111111111111,73.03137254901961,124.71195652173913,118.5635593220339,60.370860927152314,66.93627450980392,178.93506493506493,86.57358490566038,85.87037037037037,81.42328042328042,124.419452887538,164.7891891891892,127.77064220183486,29.337078651685392,9.411764705882353,79.55555555555556,106.66844919786097,140.10887096774192,112.75111111111111,147.89705882352942,123.25700934579439,87.14741035856574,94.2107438016529,170.58282208588957,93.09059233449477,158.69565217391303,125.86259541984732,31.225,104.73553719008264,6.639575971731449,61.74,146.13274336283186,106.41702127659575,94.75280898876404,153.95726495726495,148.46902654867256,101.61454545454545,120.60617760617761,31.39097744360902,81.06403940886699,94.53928571428571,14.81578947368421,138.49675324675326,59.34234234234234,43.09574468085106,133.9004524886878,129.08550185873605,122.29493087557604,89.25555555555556,118.34136546184739,11.990697674418605,77.80496453900709,80.44871794871794,73.83471074380165,168.02334630350194,146.68965517241378,93.18181818181819,32.923371647509576,37.4936170212766,105.07575757575758,92.12099644128114,138.35159817351598,112.19496855345912,123.19298245614036,32.191588785046726,159.0099502487562,117.5752508361204,56.29970326409496,38.229885057471265,149.4904761904762,48.644444444444446,76.64642857142857,44.93650793650794,144.52608695652174,117.94859813084112,43.9392523364486,149.9090909090909,51.69035532994924
59,79.67099567099567,104.39520958083833,115.86784140969164,104.55670103092784,79.6276150627615,96.56842105263158,132.45065789473685,78.90384615384616,111.74528301886792,105.5503144654088,108.7717041800643,71.44528301886793,107.59073359073359,106.35377358490567,111.615,106.28515625,118.73046875,95.18461538461538,87.9812030075188,63.10546875,130.9619771863118,29.76530612244898,140.15322580645162,74.71777003484321,107.82352941176471,117.36882129277566,122.02010050251256,44.544910179640716,65.33015873015873,81.60142348754448,151.2659574468085,92.0632911392405,137.8308823529412,135.74144486692015,103.42910447761194,131.55947136563876,42.076190476190476,129.73043478260868,95.8078431372549,62.59744408945687,121.62886597938144,131.65625,87.8080808080808,140.22314049586777,65.52525252525253,53.71003717472119,86.22564102564102,156.9185520361991,90.38495575221239,90.45971563981043,136.65400843881858,69.8623188405797,70.34426229508196,70.0137614678899,86.28837209302326,126.96995708154506,141.4311111111111,68.4,119.3913043478261,108.64406779661017,59.38741721854305,64.08823529411765,163.07359307359306,87.21509433962264,79.74814814814815,71.8941798941799,115.95136778115501,151.48648648648648,120.69266055045871,27.632958801498127,9.211764705882352,73.37037037037037,94.63101604278074,128.3508064516129,100.09777777777778,133.90196078431373,79.00467289719626,86.06374501992032,90.3801652892562,159.57668711656441,91.8362369337979,133.75652173913045,112.35114503816794,29.946428571428573,97.56749311294766,8.024734982332156,56.845,136.61061946902655,92.88936170212766,88.0561797752809,149.6153846153846,144.38053097345133,98.88727272727273,110.54054054054055,30.593984962406015,72.65024630541872,87.63928571428572,14.517543859649123,124.53896103896103,62.57657657657658,36.37765957446808,120.12217194570135,120.55762081784387,113.09677419354838,85.52592592592593,116.07228915662651,10.855813953488372,70.01773049645391,78.98076923076923,68.06198347107438,153.51750972762645,134.73275862068965,94.75,32.03831417624521,35.0468085106383,99.27651515151516,94.98932384341637,131.2648401826484,107.40251572327044,115.02631578947368,30.41588785046729,155.7810945273632,108.33110367892976,53.22255192878338,35.95785440613027,134.38571428571427,46.36825396825397,70.16785714285714,45.47089947089947,134.9695652173913,107.45794392523365,36.57943925233645,142.2770562770563,51.878172588832484
60,72.34632034632034,97.2065868263473,110.15418502202643,91.82474226804123,70.69037656903765,89.6421052631579,124.14802631578948,69.86538461538461,101.1745283018868,94.05345911949685,105.2347266881029,64.15094339622641,92.08494208494209,92.93396226415095,113.41,96.734375,111.703125,79.51153846153846,80.66541353383458,58.4375,126.04942965779468,27.928571428571427,131.35887096774192,68.02439024390245,95.71848739495799,109.1254752851711,114.19597989949749,37.41317365269461,59.507936507936506,71.45907473309609,136.64893617021278,88.67088607594937,134.18382352941177,127.43726235741445,97.75373134328358,120.24229074889868,37.871428571428574,127.79565217391304,83.80392156862744,56.08306709265176,121.00515463917526,122.83984375,88.77777777777777,135.10330578512398,64.93602693602693,46.438661710037174,81.45641025641025,146.7737556561086,78.67256637168141,87.61611374407583,127.46413502109705,66.52173913043478,65.41803278688525,66.91743119266054,78.02790697674419,121.62231759656652,131.8711111111111,64.99607843137255,104.7445652173913,96.33474576271186,60.42384105960265,57.38725490196079,148.1991341991342,79.8,76.34814814814816,61.25925925925926,104.09422492401215,133.84864864864866,113.1743119266055,25.131086142322097,9.447058823529412,71.65925925925926,89.54010695187166,123.61693548387096,90.4,115.8921568627451,63.58411214953271,88.2788844621514,88.77272727272727,145.30061349693253,88.18118466898954,125.04347826086956,108.30916030534351,29.167857142857144,84.39393939393939,10.120141342756185,53.405,122.79203539823008,75.23829787234042,77.93820224719101,146.94017094017093,131.858407079646,94.15272727272728,103.1891891891892,34.57142857142857,69.24630541871922,85.18214285714286,11.649122807017545,116.03246753246754,60.211711711711715,32.244680851063826,113.01357466063348,107.25650557620818,104.25806451612904,77.42592592592592,103.85943775100401,9.711627906976744,65.91843971631205,72.41666666666667,63.32231404958678,137.40077821011673,126.71982758620689,94.33333333333333,29.64367816091954,37.276595744680854,97.49242424242425,89.4982206405694,128.77625570776254,99.74842767295597,111.65350877192982,29.827102803738317,135.1144278606965,105.68896321070234,47.38575667655786,33.81992337164751,122.24761904761905,46.819047619047616,62.97857142857143,43.75132275132275,121.45652173913044,100.07943925233644,35.64018691588785,131.7229437229437,48.08121827411168
61,68.12554112554112,92.23952095808383,106.8237885462555,88.5360824742268,64.93305439330544,87.91929824561403,115.52631578947368,63.19230769230769,89.27358490566037,87.87735849056604,100.60771704180064,58.81132075471698,83.91505791505791,87.34433962264151,103.545,95.609375,108.6796875,75.74615384615385,80.62781954887218,56.03515625,117.86692015209125,26.1734693877551,115.09677419354838,64.05226480836237,87.25630252100841,101.74144486692015,102.7035175879397,37.706586826347305,57.38095238095238,68.44483985765125,130.2340425531915,87.0,126.25,125.78326996197718,92.32835820895522,109.08810572687224,35.7952380952381,125.45217391304348,75.49803921568628,51.587859424920126,113.3659793814433,116.9140625,84.01515151515152,133.0082644628099,64.18518518518519,41.25650557620818,77.85641025641026,139.80995475113122,74.21681415929204,85.47867298578198,121.73417721518987,64.30797101449275,57.77049180327869,61.10091743119266,73.30232558139535,114.55793991416309,121.84444444444445,60.08627450980392,94.47282608695652,89.61864406779661,59.86423841059602,53.71568627450981,126.96536796536796,80.84905660377359,71.23333333333333,53.05820105820106,97.93313069908815,117.36756756756756,109.8440366972477,23.588014981273407,9.988235294117647,71.12222222222222,87.84491978609626,115.79838709677419,83.24888888888889,101.13235294117646,50.55607476635514,90.27490039840637,87.43388429752066,127.38650306748467,89.94076655052265,119.51304347826087,103.43893129770993,28.232142857142858,81.64462809917356,9.530035335689046,56.33,115.30973451327434,65.98297872340426,70.85955056179775,132.4188034188034,123.62389380530973,89.63272727272727,99.3976833976834,34.42481203007519,70.17241379310344,78.66071428571429,13.894736842105264,106.9090909090909,58.369369369369366,32.0,102.64253393665159,93.17472118959108,97.8110599078341,77.89259259259259,95.79518072289157,12.004651162790697,67.24468085106383,68.56410256410257,62.82231404958678,122.71206225680933,115.26293103448276,89.46969696969697,26.237547892720308,33.85957446808511,100.45075757575758,79.79003558718861,108.662100456621,97.68553459119497,99.16666666666667,30.60747663551402,121.69154228855722,101.57190635451505,49.97329376854599,33.18773946360153,105.24285714285715,42.13968253968254,63.128571428571426,39.84656084656085,103.91739130434783,92.83177570093459,31.710280373831775,123.2034632034632,45.101522842639596
62,65.1948051948052,88.94311377245509,107.12334801762114,89.98625429553265,59.23430962343096,83.8,115.82236842105263,60.61538461538461,83.30188679245283,88.30503144654088,98.2475884244373,57.12075471698113,85.56756756756756,80.49056603773585,105.88,92.68359375,107.00390625,69.77692307692308,78.34210526315789,59.0234375,120.52471482889734,22.377551020408163,109.6975806451613,65.25783972125436,87.5798319327731,100.79847908745248,100.1105527638191,40.34730538922156,57.56507936507936,65.2846975088968,138.01063829787233,87.29113924050633,129.92279411764707,129.02281368821292,92.36940298507463,105.32599118942731,30.557142857142857,125.48260869565217,72.94901960784314,46.51437699680511,109.06701030927834,114.77734375,81.78787878787878,133.0909090909091,63.34680134680135,36.78810408921933,74.44615384615385,131.25339366515837,75.20353982300885,83.59715639810426,112.62447257383967,64.18478260869566,54.545081967213115,56.477064220183486,74.2046511627907,118.11158798283262,137.22666666666666,55.67843137254902,93.08695652173913,83.50847457627118,56.9271523178808,51.05392156862745,117.45021645021644,79.44150943396227,70.76296296296296,56.507936507936506,124.05167173252279,116.95675675675676,119.77522935779817,22.584269662921347,8.95686274509804,73.78888888888889,94.15508021390374,104.21774193548387,87.84444444444445,95.79411764705883,78.13084112149532,88.24701195219123,86.81404958677686,118.76073619631902,84.49128919860627,116.64347826086957,92.9885496183206,26.614285714285714,123.5564738292011,8.681978798586572,52.36,113.34070796460178,57.4468085106383,55.71910112359551,117.23076923076923,85.57964601769912,84.78545454545454,84.3088803088803,28.229323308270676,68.57142857142857,77.775,12.271929824561404,96.08441558441558,57.054054054054056,31.154255319148938,106.23529411764706,77.74721189591078,87.88940092165899,75.17037037037036,92.7429718875502,10.688372093023256,64.29787234042553,65.2948717948718,54.96280991735537,118.35019455252919,112.56896551724138,83.93560606060606,21.82758620689655,31.838297872340426,95.35984848484848,79.23487544483986,92.52511415525115,99.72955974842768,110.76315789473684,30.47196261682243,129.49751243781094,96.68227424749163,41.66172106824926,29.831417624521073,93.63809523809523,39.111111111111114,59.71071428571429,42.3968253968254,102.28695652173913,95.88317757009345,31.602803738317757,119.3982683982684,46.13705583756345
63,58.55844155844156,88.9880239520958,102.11453744493392,93.61855670103093,57.61924686192469,83.01052631578948,112.26973684210526,58.85096153846154,82.94339622641509,84.87421383647799,98.7684887459807,57.24905660377358,81.76833976833977,77.41037735849056,105.135,89.1484375,104.734375,66.57307692307693,79.34586466165413,57.12890625,111.20912547528518,22.06122448979592,111.70564516129032,65.61324041811847,83.15966386554622,101.19391634980988,103.0251256281407,31.808383233532933,58.96825396825397,65.88612099644128,118.74468085106383,86.12658227848101,121.97058823529412,128.2509505703422,87.09701492537313,102.91629955947137,30.404761904761905,120.60434782608695,76.25490196078431,43.57188498402556,102.83505154639175,107.12890625,81.5959595959596,130.73140495867767,65.34680134680134,33.951672862453535,71.77948717948718,134.26244343891403,72.53539823008849,74.72511848341232,120.9704641350211,66.02898550724638,54.15983606557377,49.596330275229356,68.90232558139535,111.50214592274678,119.88888888888889,52.98823529411764,88.43478260869566,87.9364406779661,58.82781456953642,44.07843137254902,93.34199134199135,80.49811320754716,68.92222222222222,58.37566137566137,99.8966565349544,118.36756756756756,107.6697247706422,21.629213483146067,7.925490196078432,71.31851851851852,83.29946524064171,115.20967741935483,75.5911111111111,92.97549019607843,68.38317757009345,86.47410358565737,82.56198347107438,110.20245398773007,83.29616724738676,104.4695652173913,107.02671755725191,28.678571428571427,83.2892561983471,9.049469964664311,44.04,102.32743362831859,52.88936170212766,46.837078651685395,116.00854700854701,110.82743362831859,80.12,91.26254826254826,28.883458646616543,69.72906403940887,81.57857142857142,10.149122807017545,117.43506493506493,54.44144144144144,24.632978723404257,96.71945701357465,85.8364312267658,79.10599078341014,70.84444444444445,90.3132530120482,14.148837209302325,67.47872340425532,61.60576923076923,60.01652892561984,113.27626459143968,111.33189655172414,82.47348484848484,21.735632183908045,34.238297872340425,87.27651515151516,71.7153024911032,101.52054794520548,98.70440251572327,98.56140350877193,30.088785046728972,116.87064676616916,94.48494983277592,41.88724035608308,28.950191570881227,85.91904761904762,40.05714285714286,58.96785714285714,39.597883597883595,96.21304347826087,81.64485981308411,29.742990654205606,116.85714285714286,43.09137055837564
64,58.3982683982684,92.38922155688623,100.70044052863436,94.74570446735395,60.63598326359833,85.40701754385965,112.86184210526316,61.59615384615385,81.97641509433963,85.11320754716981,98.17684887459806,60.91698113207547,82.47876447876448,78.44339622641509,106.61,90.06640625,113.12890625,71.53846153846153,79.81954887218045,59.3984375,117.47148288973384,22.867346938775512,111.85483870967742,66.71428571428571,82.60504201680672,103.22053231939164,98.86934673366834,33.724550898203596,60.425396825396824,66.85053380782918,123.36170212765957,89.79746835443038,133.31985294117646,129.09885931558935,87.36194029850746,99.81938325991189,29.552380952380954,123.93913043478261,77.6313725490196,42.9297124600639,108.69587628865979,107.7890625,78.84848484848484,134.89669421487602,68.51178451178451,33.09665427509294,69.65641025641025,143.21719457013575,80.69026548672566,77.98578199052133,115.78481012658227,67.68840579710145,56.14754098360656,51.21559633027523,67.87441860465117,112.42918454935622,118.72888888888889,59.57254901960784,101.15760869565217,94.14830508474576,64.40397350993378,39.504901960784316,77.16883116883118,80.5433962264151,75.56296296296296,54.074074074074076,96.62006079027356,111.65945945945946,109.4862385321101,23.254681647940075,10.984313725490196,75.0962962962963,86.39572192513369,110.83064516129032,79.37777777777778,87.8921568627451,59.66355140186916,92.11155378486056,82.94214876033058,109.37423312883436,86.77351916376307,102.11304347826086,108.53053435114504,27.489285714285714,82.19559228650138,13.752650176678445,45.005,109.65486725663717,54.82553191489362,43.50561797752809,115.86324786324786,113.19911504424779,82.01818181818182,94.2007722007722,37.13157894736842,73.67980295566502,84.95,12.456140350877194,117.53246753246754,57.35585585585586,24.27127659574468,100.46153846153847,87.77695167286245,76.88479262672811,75.05185185185185,92.44979919678715,14.483720930232558,72.322695035461,61.23076923076923,58.32644628099174,114.51750972762646,112.76724137931035,91.09469696969697,19.50574712643678,32.09361702127659,86.875,74.97508896797153,99.35616438356165,98.25157232704403,97.39473684210526,28.635514018691588,122.95024875621891,98.38461538461539,44.77151335311573,27.10727969348659,77.58571428571429,40.041269841269845,59.29642857142857,36.04761904761905,96.86086956521739,84.73364485981308,26.22429906542056,119.13852813852814,48.31979695431472
65,57.34632034632035,93.86526946107784,97.71806167400881,92.38144329896907,62.18410041841004,84.99298245614035,114.24013157894737,59.12019230769231,82.54245283018868,85.4748427672956,94.84887459807074,61.90943396226415,80.28571428571429,78.64150943396227,107.88,93.0,107.95703125,74.35384615384615,78.74812030075188,60.43359375,115.88212927756653,22.739795918367346,103.61693548387096,65.77351916376307,86.47899159663865,101.05703422053232,102.71356783919597,35.119760479041915,62.073015873015876,66.44128113879003,122.40957446808511,88.43037974683544,130.09191176470588,125.25095057034221,88.83582089552239,97.11453744493392,30.942857142857143,119.07391304347826,79.31764705882352,38.56230031948882,103.84020618556701,108.7890625,76.6010101010101,127.69834710743801,70.84848484848484,30.49442379182156,69.54358974358975,137.2398190045249,79.33628318584071,79.42654028436019,112.62447257383967,66.94565217391305,54.84016393442623,49.8394495412844,67.46511627906976,105.90128755364807,116.06666666666666,57.12549019607843,96.57608695652173,96.7542372881356,60.36754966887417,33.681372549019606,66.08225108225108,79.21509433962264,73.04444444444445,54.51322751322751,92.27051671732522,112.04324324324324,104.41284403669725,20.970037453183522,11.498039215686275,76.45185185185186,83.03743315508021,101.37903225806451,76.24888888888889,81.24509803921569,57.08878504672897,89.7609561752988,86.14876033057851,102.31288343558282,84.52613240418118,91.12173913043478,104.6030534351145,26.707142857142856,79.17355371900827,14.717314487632509,42.465,102.40707964601769,45.208510638297874,36.97191011235955,106.37606837606837,110.26106194690266,90.0690909090909,91.50965250965251,38.62781954887218,74.12807881773399,82.26785714285714,13.578947368421053,107.67532467532467,53.12162162162162,23.398936170212767,82.90045248868778,76.2639405204461,73.42857142857143,67.04074074074074,83.6144578313253,10.651162790697674,72.26595744680851,57.419871794871796,51.83471074380165,106.08949416342412,103.47413793103448,81.09848484848484,18.157088122605366,34.646808510638294,84.83712121212122,71.7829181494662,94.38356164383562,94.76729559748428,99.91666666666667,31.07943925233645,122.44776119402985,94.5752508361204,41.16320474777448,28.99616858237548,71.94285714285714,36.32063492063492,60.52857142857143,41.2010582010582,93.45217391304348,89.37383177570094,30.827102803738317,106.32467532467533,48.203045685279186
66,59.55844155844156,93.11377245508982,94.98237885462555,89.14089347079037,67.43933054393305,83.79649122807018,111.38815789473684,57.78365384615385,82.07075471698113,89.4119496855346,90.11897106109325,66.26415094339623,79.44787644787645,78.31603773584905,101.045,93.40625,99.6875,72.98846153846154,77.26315789473684,60.5234375,107.24334600760456,23.556122448979593,102.29435483870968,68.05923344947735,89.96638655462185,94.53992395437263,95.94974874371859,39.035928143712574,63.91428571428571,65.96797153024912,122.59042553191489,82.81012658227849,126.91911764705883,122.42205323193916,85.82835820895522,96.2863436123348,29.585714285714285,110.77391304347826,83.58039215686274,45.55591054313099,106.75257731958763,102.33984375,74.79797979797979,121.72314049586777,73.47474747474747,31.193308550185872,66.24615384615385,129.06334841628959,83.64601769911505,78.90521327014218,108.15189873417721,68.44202898550725,59.61065573770492,49.72935779816514,66.6,100.0343347639485,110.08888888888889,58.92156862745098,99.86413043478261,101.92372881355932,62.602649006622514,30.470588235294116,64.51515151515152,85.4679245283019,74.26296296296296,51.05820105820106,86.79939209726444,112.3945945945946,102.13302752293578,23.250936329588015,12.101960784313725,77.5962962962963,81.92513368983957,95.45161290322581,73.24888888888889,80.57843137254902,52.373831775700936,92.13944223107569,89.27685950413223,97.49079754601227,88.97212543554006,82.3391304347826,102.18702290076335,27.607142857142858,76.03856749311295,16.021201413427562,45.105,103.86725663716814,43.45531914893617,33.81460674157304,99.64102564102564,115.49115044247787,88.48,84.02702702702703,36.32706766917293,75.66995073891626,83.01428571428572,14.026315789473685,106.82142857142857,52.76126126126126,23.851063829787233,92.43891402714932,81.59107806691449,71.53917050691244,71.00740740740741,87.12449799196787,15.795348837209302,73.62411347517731,59.791666666666664,53.235537190082646,121.147859922179,99.6896551724138,78.48484848484848,17.551724137931036,54.17446808510638,87.42424242424242,71.03914590747331,103.26940639269407,91.57232704402516,94.31140350877193,33.822429906542055,122.28358208955224,91.43478260869566,38.611275964391695,28.78544061302682,67.28095238095239,36.87301587301587,60.75714285714286,35.65079365079365,91.4304347826087,89.6822429906542,24.654205607476637,104.31168831168831,47.58375634517766
67,245.58441558441558,276.4850299401198,281.784140969163,272.62886597938143,249.65271966527197,268.8175438596491,296.6644736842105,245.89423076923077,271.29245283018867,272.0,277.0096463022508,252.48301886792453,266.8532818532818,261.3490566037736,283.23,281.3046875,292.0625,257.8,261.05263157894734,247.375,290.6273764258555,208.23979591836735,290.93548387096774,252.65156794425087,279.453781512605,276.0152091254753,274.7286432160804,222.26347305389223,253.14920634920634,256.576512455516,292.0851063829787,265.0,316.5220588235294,304.43726235741445,267.6231343283582,278.70925110132157,219.3047619047619,287.59565217391304,269.48627450980393,230.6517571884984,286.94329896907215,284.8515625,259.9191919191919,301.1776859504132,263.5959595959596,217.51672862453532,247.97435897435898,306.9095022624434,273.46902654867256,263.76777251184836,296.9493670886076,257.5978260869565,249.69262295081967,234.09174311926606,247.73488372093024,285.1158798283262,290.25333333333333,242.26666666666668,283.1304347826087,287.1949152542373,250.19205298013244,215.06372549019608,249.43290043290042,270.9320754716981,262.7074074074074,233.43386243386243,270.838905775076,290.58378378378376,282.51376146788994,208.31460674157304,197.53725490196078,267.97037037037035,270.572192513369,277.18145161290323,258.2133333333333,253.76470588235293,243.21495327102804,274.9721115537849,275.6322314049587,280.2760736196319,275.7317073170732,269.44347826086954,285.14885496183206,212.075,261.0358126721763,201.84805653710248,227.035,286.82300884955754,226.04255319148936,221.1011235955056,290.0940170940171,294.33185840707966,267.4909090909091,265.55984555984554,229.16165413533835,264.37931034482756,263.45,200.51754385964912,289.9025974025974,238.3108108108108,208.9255319148936,271.4117647058824,262.35315985130114,254.67281105990784,257.3037037037037,265.31325301204816,200.68372093023257,259.468085106383,245.75320512820514,236.22727272727272,297.1167315175097,280.95258620689657,264.81060606060606,204.0536398467433,243.2595744680851,262.530303030303,248.4341637010676,294.2054794520548,271.79245283018867,275.8070175438597,217.0981308411215,292.2437810945274,283.1471571906354,226.93175074183975,217.77777777777777,248.94285714285715,222.45396825396824,244.54642857142858,216.8941798941799,273.0521739130435,277.10280373831773,209.94392523364485,289.04329004329,233.2741116751269
68,56.303030303030305,88.09281437125749,94.3215859030837,84.15807560137458,63.1673640167364,83.2,103.1217105263158,57.69230769230769,77.2122641509434,81.23270440251572,87.51446945337621,64.40754716981132,78.1930501930502,74.5754716981132,91.06,96.61328125,98.00390625,71.51923076923077,75.17293233082707,59.9453125,101.12167300380229,19.54591836734694,104.97177419354838,67.17073170731707,90.26470588235294,85.31558935361217,91.30150753768844,29.281437125748504,75.32698412698413,71.07473309608541,103.06382978723404,77.18987341772151,125.54411764705883,114.80608365019012,78.01865671641791,90.62995594713657,29.228571428571428,99.65652173913044,82.13333333333334,39.64856230031949,96.70618556701031,97.578125,67.81313131313131,107.41735537190083,77.85521885521885,28.7546468401487,60.646153846153844,115.85972850678733,87.72566371681415,78.97630331753554,109.47679324894514,72.57246376811594,55.76639344262295,46.27522935779817,58.50697674418605,97.6824034334764,98.92888888888889,54.34117647058824,93.67934782608695,97.29237288135593,65.39735099337749,26.416666666666668,58.056277056277054,83.97735849056603,71.0925925925926,42.31216931216931,81.12462006079028,100.2,94.90366972477064,22.0187265917603,11.764705882352942,78.33333333333333,85.5187165775401,86.7258064516129,70.86666666666666,69.61764705882354,56.22429906542056,91.2589641434263,91.7892561983471,96.87116564417178,91.4773519163763,76.85217391304347,94.68320610687023,25.139285714285716,70.97520661157024,14.575971731448764,41.23,100.5,40.41276595744681,29.089887640449437,93.04273504273505,104.53097345132744,70.2909090909091,75.84555984555985,47.18045112781955,82.2807881773399,71.90357142857142,15.37719298245614,96.56168831168831,51.63963963963964,23.0,82.10407239819004,76.24163568773234,67.1889400921659,73.9074074074074,77.79919678714859,14.69767441860465,75.12056737588652,57.592948717948715,45.96280991735537,95.37743190661479,90.76724137931035,80.0340909090909,17.275862068965516,31.25531914893617,82.4280303030303,60.16725978647687,62.02739726027397,82.86163522012579,81.12280701754386,25.747663551401867,105.13930348258707,89.20735785953177,39.667655786350146,30.988505747126435,55.98571428571429,31.19047619047619,57.95357142857143,33.15343915343915,86.26521739130435,91.49065420560747,31.27102803738318,97.37662337662337,47.04060913705584
69,243.46320346320346,271.99700598802394,273.3788546255507,267.49484536082474,249.46861924686192,268.70526315789476,281.7631578947368,248.4278846153846,259.75471698113205,264.12264150943395,266.60450160771705,248.6754716981132,264.05019305019306,259.75943396226415,278.155,280.234375,279.7421875,259.4769230769231,259.0451127819549,246.5625,276.5779467680608,206.68367346938774,287.2903225806452,250.98606271777004,273.1764705882353,268.2585551330798,276.8241206030151,216.34730538922156,259.5238095238095,254.30249110320284,276.47872340425533,262.34177215189874,300.4264705882353,292.3916349809886,262.7425373134328,276.33920704845815,222.48095238095237,282.0,263.69019607843137,225.2523961661342,278.1082474226804,280.9296875,257.1161616161616,288.1942148760331,264.3703703703704,212.95539033457248,246.00512820512822,292.8235294117647,275.04424778761063,264.86255924170615,288.37130801687766,258.3152173913044,241.24590163934425,236.0321100917431,242.26511627906976,279.83261802575106,285.31111111111113,243.92549019607844,280.2445652173913,285.9194915254237,253.88079470198676,210.16666666666666,245.26406926406926,264.1698113207547,258.3740740740741,230.8783068783069,262.2279635258359,293.02162162162165,283.1238532110092,210.05243445692884,197.30196078431374,260.2518518518518,268.1016042780749,273.5403225806452,257.4266666666667,256.05882352941177,241.61214953271028,276.40637450199205,281.08677685950414,276.3128834355828,296.54703832752614,263.82608695652175,279.00763358778624,211.10357142857143,254.8457300275482,202.6643109540636,229.4,282.42477876106193,224.16170212765957,216.46067415730337,289.1709401709402,287.8141592920354,258.6909090909091,262.2355212355212,224.25563909774436,266.35960591133005,256.95714285714286,202.23684210526315,275.70454545454544,237.69819819819818,210.2659574468085,264.78280542986425,258.2825278810409,255.36405529953916,264.3740740740741,262.3293172690763,199.84651162790698,253.9964539007092,244.62820512820514,233.21074380165288,282.2801556420234,272.87068965517244,268.9962121212121,203.30268199233717,218.3531914893617,270.0265151515151,248.75800711743773,266.27853881278537,266.4842767295597,266.06140350877195,215.42523364485982,292.1940298507463,285.47157190635454,228.1721068249258,215.93103448275863,232.59047619047618,222.14920634920634,243.63571428571427,215.7089947089947,272.9347826086956,273.26635514018693,214.7803738317757,278.64935064935065,230.0507614213198
70,246.74458874458875,270.08383233532936,273.07929515418505,269.73883161512026,249.52301255230125,267.7298245614035,279.48026315789474,247.27884615384616,268.0943396226415,263.50943396226415,265.427652733119,250.3622641509434,266.96138996138995,260.85377358490564,272.58,280.734375,280.89453125,258.5576923076923,260.35714285714283,243.0703125,276.57414448669203,208.48469387755102,295.10887096774195,253.39721254355402,279.5,269.5171102661597,279.69849246231155,216.79640718562874,259.0571428571429,252.98932384341637,278.718085106383,265.5189873417722,302.4154411764706,294.80988593155894,267.4029850746269,277.7885462555066,228.11904761904762,289.4826086956522,267.4039215686274,225.86581469648561,276.0360824742268,281.6953125,257.1010101010101,284.10330578512395,262.46801346801345,211.4275092936803,247.83076923076922,292.1674208144796,277.78761061946904,264.6919431279621,293.21940928270044,258.84057971014494,243.05737704918033,239.61926605504587,243.12558139534883,275.6652360515021,289.1022222222222,241.47058823529412,280.95652173913044,281.83898305084745,251.72847682119206,207.5392156862745,247.35497835497836,267.37735849056605,261.4185185185185,229.5185185185185,264.0820668693009,286.3297297297297,281.93119266055044,208.79026217228466,196.7686274509804,264.52222222222224,263.86096256684493,275.39112903225805,260.3777777777778,255.97058823529412,242.09345794392524,282.9641434262948,284.92148760330576,284.83435582822085,308.3449477351916,263.8434782608696,279.5381679389313,215.05714285714285,256.39669421487605,199.76325088339223,223.95,281.9070796460177,228.70212765957447,214.13483146067415,289.35042735042737,286.6504424778761,267.6363636363636,262.17760617760615,220.94736842105263,273.9408866995074,256.47857142857146,202.03508771929825,277.24675324675326,235.86036036036037,207.74468085106383,266.4796380090498,259.19330855018586,251.46082949308754,265.18148148148146,267.7429718875502,198.6186046511628,252.5744680851064,243.59935897435898,239.29338842975207,280.83268482490274,273.5948275862069,271.04924242424244,203.42911877394636,216.66382978723405,275.5719696969697,243.73309608540924,261.0319634703196,265.9874213836478,266.60526315789474,216.1822429906542,293.0547263681592,276.0903010033445,230.16023738872403,215.11111111111111,227.7952380952381,218.62539682539682,240.84285714285716,222.45502645502646,268.6391304347826,270.9065420560748,213.69158878504672,278.61038961038963,234.0507614213198
71,247.22510822510822,268.0508982035928,273.1762114537445,264.55670103092785,252.55648535564853,266.51929824561404,276.6282894736842,244.3028846153846,261.438679245283,257.188679245283,263.10610932475885,248.3698113207547,268.12355212355214,257.1179245283019,270.815,279.171875,279.56640625,263.31538461538463,257.79323308270676,241.71484375,280.148288973384,206.28061224489795,291.375,255.61672473867597,278.8613445378151,269.4942965779468,277.8492462311558,217.02994011976048,262.4825396825397,254.5409252669039,274.2925531914894,266.24050632911394,299.74264705882354,286.3003802281369,265.31716417910445,275.6167400881057,226.8761904761905,291.7130434782609,267.1843137254902,224.91693290734824,278.7061855670103,282.3125,257.3787878787879,279.1900826446281,260.983164983165,211.42379182156134,246.52307692307693,295.81447963800906,280.64159292035396,265.50236966824644,291.7552742616034,262.3949275362319,244.56147540983608,241.19724770642202,239.26511627906976,271.9957081545064,288.3644444444444,243.4313725490196,276.8097826086956,286.68220338983053,253.32781456953643,207.05882352941177,250.4848484848485,267.24905660377357,261.0962962962963,226.25925925925927,263.8510638297872,280.28648648648647,275.54128440366975,208.2808988764045,196.3607843137255,263.1185185185185,265.4812834224599,275.10483870967744,261.24,241.98039215686273,242.4532710280374,289.6573705179283,289.6611570247934,279.5460122699387,320.2473867595819,267.7739130434783,277.71374045801525,213.45357142857142,257.8732782369146,200.57597173144876,220.03,280.646017699115,227.33617021276595,216.01123595505618,293.78632478632477,284.42035398230087,279.2290909090909,259.2084942084942,218.50375939849624,272.45320197044333,261.1142857142857,210.7719298245614,277.6266233766234,240.36036036036037,212.93617021276594,264.67420814479635,263.68773234200745,247.8110599078341,262.7814814814815,263.09236947791163,198.28837209302327,257.209219858156,246.76602564102564,232.5785123966942,268.75875486381324,273.11206896551727,296.42424242424244,204.98850574712642,219.3531914893617,278.52272727272725,243.34163701067615,261.4474885844749,265.5157232704403,261.4736842105263,214.36915887850466,291.5124378109453,274.5016722408027,227.44510385756678,216.6168582375479,222.8,220.7904761904762,242.77142857142857,220.96825396825398,269.46521739130435,270.9158878504673,215.16355140186917,278.35497835497836,233.88832487309645
72,246.15584415584416,265.76646706586826,269.56387665198235,263.58419243986253,248.22594142259413,264.0210526315789,276.54276315789474,245.60576923076923,263.35377358490564,260.8364779874214,260.9614147909968,245.50566037735848,261.4980694980695,258.1981132075472,267.92,275.0234375,278.40625,261.3538461538462,256.22556390977445,247.86328125,275.27756653992395,210.3112244897959,293.80645161290323,260.5644599303136,277.24789915966386,267.45247148288973,280.20603015075375,212.1377245508982,265.2984126984127,250.46619217081852,263.36170212765956,266.11392405063293,294.9522058823529,283.6920152091255,266.31716417910445,283.3832599118943,233.04761904761904,290.1913043478261,273.1921568627451,223.16613418530352,281.13917525773195,284.01953125,256.0959595959596,276.55785123966945,261.44444444444446,210.96654275092936,246.2923076923077,291.6018099547511,281.82300884955754,263.5734597156398,287.61603375527426,259.213768115942,243.5655737704918,240.651376146789,236.68372093023257,268.26609442060084,287.68444444444447,245.85882352941175,278.75,284.0550847457627,256.1291390728477,204.5735294117647,249.82251082251082,270.79622641509434,261.8925925925926,226.22222222222223,262.5501519756839,280.3027027027027,273.61009174311926,208.9812734082397,195.76078431372548,267.3888888888889,266.75935828877004,277.0766129032258,264.4844444444444,248.91176470588235,231.1822429906542,288.6772908366534,287.02479338842977,283.93865030674846,307.2682926829268,270.45217391304345,273.706106870229,215.87857142857143,256.5399449035813,199.30035335689047,220.505,278.9513274336283,224.2127659574468,210.26966292134833,298.0769230769231,286.62389380530976,269.18545454545455,253.16602316602317,219.796992481203,274.73399014778323,260.87857142857143,201.71052631578948,272.5584415584416,242.04054054054055,208.68617021276594,263.841628959276,261.65055762081784,244.8294930875576,254.9814814814815,262.02008032128515,203.45581395348836,251.40070921985816,246.375,233.13223140495867,274.4941634241245,271.5603448275862,288.92045454545456,205.0727969348659,249.24255319148935,279.4734848484849,240.39501779359432,262.1917808219178,264.7987421383648,264.93859649122805,218.54205607476635,287.82089552238807,269.26421404682276,226.16617210682492,215.2911877394636,216.96666666666667,221.38095238095238,238.97142857142856,221.71428571428572,267.5,275.3224299065421,215.3177570093458,277.2640692640693,236.50761421319797
73,245.33333333333334,264.0568862275449,267.5594713656388,262.4295532646048,247.34728033472803,263.7859649122807,273.94736842105266,245.98076923076923,262.4339622641509,256.30817610062894,259.07073954983923,248.18867924528303,262.9073359073359,254.97169811320754,270.285,273.5859375,274.6015625,258.5,256.2781954887218,247.34765625,274.9277566539924,209.66326530612244,295.2903225806452,265.18815331010455,277.14285714285717,266.76045627376425,278.7437185929648,210.81437125748502,270.05079365079365,254.83274021352312,258.6063829787234,262.5189873417722,290.2389705882353,283.7186311787072,266.0634328358209,285.31277533039645,226.87142857142857,284.5739130434783,276.7686274509804,222.3897763578275,282.60309278350513,285.30859375,255.18686868686868,274.3884297520661,261.6835016835017,211.42379182156134,247.07179487179488,292.38461538461536,277.4380530973451,263.1943127962085,285.6244725738397,261.6847826086956,249.79508196721312,238.77064220183487,237.51162790697674,267.7296137339056,282.9822222222222,243.15686274509804,276.8695652173913,282.22457627118644,255.06953642384107,204.58333333333334,246.14285714285714,269.7622641509434,266.26296296296294,228.59259259259258,260.6808510638298,284.1837837837838,269.6467889908257,209.43820224719101,196.0392156862745,267.9555555555556,266.1336898395722,276.01209677419354,264.53777777777776,256.45098039215685,238.65887850467288,283.25099601593627,288.004132231405,293.12883435582825,311.1602787456446,267.6,270.82442748091603,215.22142857142856,255.58677685950414,198.79858657243815,222.125,278.8628318584071,224.4,211.38202247191012,289.6837606837607,287.0221238938053,274.1309090909091,248.35135135135135,225.53383458646616,275.79802955665025,258.7857142857143,200.58771929824562,273.59090909090907,241.21621621621622,206.9627659574468,260.11764705882354,257.1263940520446,239.6267281105991,260.3703703703704,262.49397590361446,203.0,249.53900709219857,245.61858974358975,232.11157024793388,273.01556420233464,269.85775862068965,296.5984848484849,204.9272030651341,225.16170212765957,281.8333333333333,243.73665480427047,257.6666666666667,262.76100628930817,264.780701754386,216.51869158878506,284.5223880597015,268.16722408026754,225.46884272997033,216.911877394636,211.55238095238096,224.615873015873,238.75357142857143,218.52910052910053,269.9913043478261,294.0140186915888,214.05607476635515,276.5021645021645,242.00507614213197
74,245.94372294372295,262.5808383233533,264.9779735682819,260.0343642611684,243.38493723849373,260.9789473684211,275.76644736842104,236.84615384615384,261.1132075471698,252.77358490566039,257.8263665594855,246.96226415094338,263.6833976833977,256.1509433962264,265.33,270.671875,273.1484375,255.08461538461538,254.8045112781955,238.1484375,272.3574144486692,207.4030612244898,292.4596774193548,287.3170731707317,276.12605042016804,264.8060836501901,274.2110552763819,207.66467065868264,263.06349206349205,253.86832740213524,248.55851063829786,262.6835443037975,288.23161764705884,277.7034220532319,263.55223880597015,284.63436123348015,219.37142857142857,282.9,286.54117647058825,222.50159744408947,276.79896907216494,281.79296875,251.16161616161617,275.10330578512395,258.5353535353535,212.36059479553904,246.85641025641024,290.4434389140271,274.71238938053096,265.478672985782,283.21940928270044,264.231884057971,259.2909836065574,235.96330275229357,241.55348837209303,267.068669527897,280.72,242.62745098039215,278.20652173913044,277.9237288135593,249.74172185430464,204.50980392156862,245.82251082251082,265.31698113207545,261.0888888888889,228.24338624338625,260.0182370820669,278.9837837837838,265.3807339449541,205.84644194756555,195.97254901960784,269.4074074074074,267.98395721925135,274.4959677419355,257.58222222222224,248.05882352941177,220.42523364485982,275.14741035856576,283.6322314049587,285.11042944785277,315.58188153310107,290.295652173913,268.41984732824426,215.01785714285714,254.41322314049586,197.5123674911661,221.14,272.6858407079646,222.08510638297872,208.27528089887642,297.35042735042737,288.4734513274336,268.1018181818182,241.3861003861004,219.2593984962406,267.1231527093596,255.16071428571428,199.8684210526316,274.4123376623377,239.518018018018,207.77659574468086,256.5022624434389,263.1524163568773,243.75115207373273,258.9962962962963,259.0722891566265,204.96744186046513,251.00709219858157,242.76282051282053,231.9504132231405,274.38132295719845,267.1465517241379,304.03409090909093,206.04597701149424,251.37021276595743,275.07954545454544,242.53380782918148,268.1506849315069,260.7798742138365,263.07456140350877,218.47196261682242,279.9950248756219,270.7959866220736,223.17507418397625,215.4750957854406,209.02380952380952,222.1079365079365,238.70357142857142,218.53968253968253,264.10869565217394,301.1355140186916,214.89252336448598,275.6233766233766,238.60406091370558
75,244.55844155844156,257.47005988023955,266.0704845814978,256.36082474226805,242.92887029288704,257.8140350877193,273.4243421052632,230.33653846153845,264.0377358490566,253.04716981132074,256.99356913183277,246.16603773584905,261.81467181467184,255.3254716981132,262.365,269.2578125,267.70703125,254.68076923076924,250.95112781954887,234.76953125,268.8593155893536,207.43367346938774,284.5524193548387,289.2369337979094,276.0546218487395,258.59695817490496,269.5527638190955,204.69461077844312,261.4063492063492,253.6405693950178,241.31914893617022,267.7848101265823,285.05882352941177,274.6425855513308,261.4850746268657,284.9955947136564,214.2904761904762,286.5913043478261,275.98823529411766,222.34185303514377,273.89690721649487,280.62890625,248.18686868686868,268.5495867768595,260.15488215488216,212.62453531598513,244.66153846153847,282.50678733031674,271.15486725663715,264.3270142180095,279.2151898734177,262.8768115942029,249.87295081967213,234.28899082568807,240.4279069767442,261.9742489270386,272.3688888888889,238.5843137254902,275.57608695652175,271.3262711864407,250.95364238410596,203.25,241.92640692640694,261.7811320754717,259.98148148148147,228.0899470899471,255.33738601823708,284.18918918918916,257.3256880733945,203.01123595505618,195.4078431372549,273.24074074074076,268.3903743315508,268.2983870967742,258.96444444444444,252.84313725490196,237.55607476635515,273.30677290836655,294.06198347107437,283.2515337423313,288.21254355400697,263.9826086956522,260.80152671755724,213.07142857142858,251.94490358126723,198.91872791519435,224.57,280.51769911504425,221.5191489361702,211.56741573033707,282.04273504273505,285.43362831858406,282.2836363636364,235.3050193050193,215.55263157894737,272.30541871921184,251.98214285714286,203.87719298245614,267.24675324675326,239.86936936936937,212.2659574468085,261.7737556561086,258.41263940520446,256.87557603686633,259.1259259259259,256.2289156626506,199.5860465116279,252.0744680851064,242.60897435897436,228.11157024793388,268.08949416342415,264.1853448275862,294.60227272727275,204.54022988505747,214.2595744680851,265.7916666666667,239.1779359430605,240.26027397260273,259.6666666666667,254.33771929824562,211.9158878504673,273.80099502487565,260.7257525083612,219.55192878338278,213.33716475095787,207.01904761904763,217.86984126984126,237.96428571428572,219.3968253968254,264.44347826086954,311.4672897196262,219.21495327102804,271.3636363636364,237.3248730964467
76,242.94805194805195,255.15269461077844,263.2114537444934,255.67353951890036,242.4058577405858,255.37894736842105,268.45394736842104,228.6875,256.4009433962264,250.20754716981133,255.95176848874598,246.97358490566037,265.5250965250965,253.08018867924528,261.65,269.27734375,267.578125,250.56153846153848,249.78571428571428,236.94140625,261.0380228136882,204.01530612244898,276.76209677419354,285.4703832752613,275.0,257.27756653992395,262.68341708542715,205.01796407185628,263.46031746031747,258.16370106761565,237.59574468085106,269.0253164556962,280.2867647058824,268.72243346007605,260.94776119402985,277.8590308370044,210.73809523809524,288.5,277.25882352941176,224.06709265175718,271.8659793814433,277.55078125,255.16666666666666,265.2809917355372,259.5959595959596,212.3903345724907,245.26666666666668,276.34841628959276,270.0132743362832,262.8909952606635,272.4978902953587,264.4528985507246,241.63524590163934,230.29357798165137,239.50232558139535,259.2832618025751,265.80444444444447,236.94117647058823,268.2717391304348,289.8771186440678,250.0430463576159,204.0049019607843,243.93073593073592,265.42264150943396,253.52592592592592,245.05291005291005,255.53191489361703,302.58378378378376,252.5,202.89138576779027,196.79607843137254,275.4074074074074,272.18716577540107,268.0403225806452,255.83555555555554,282.9362745098039,225.89719626168224,275.0159362549801,294.05785123966945,297.93865030674846,278.3240418118467,284.30434782608694,259.7519083969466,209.52857142857144,249.5013774104683,199.3957597173145,219.795,282.429203539823,216.17446808510638,211.35955056179776,284.14529914529913,284.5840707964602,275.3454545454546,231.13513513513513,213.5375939849624,285.32512315270935,249.82857142857142,202.7719298245614,269.8766233766234,239.42792792792793,226.44148936170214,258.33031674208144,254.66914498141264,279.221198156682,256.2,258.34939759036143,198.94418604651162,251.354609929078,239.12179487179486,228.1694214876033,266.15953307392994,260.92672413793105,284.10227272727275,207.53256704980842,224.63404255319148,275.4469696969697,239.66548042704628,260.98173515981733,257.1006289308176,252.3815789473684,210.57009345794393,266.14925373134326,260.54515050167225,225.99703264094956,215.21455938697318,205.02857142857144,215.74285714285713,236.45357142857142,217.12698412698413,245.85652173913044,305.10280373831773,224.7196261682243,270.3636363636364,245.3248730964467
77,239.6839826839827,253.65269461077844,261.51541850220264,254.43298969072166,244.81171548117155,251.53684210526316,267.7368421052632,229.58653846153845,254.97641509433961,249.11635220125785,256.85209003215436,246.0,260.3011583011583,250.47169811320754,256.62,269.64453125,268.90625,250.27307692307693,247.09022556390977,238.0,261.00380228136885,204.6122448979592,281.53225806451616,269.70383275261327,274.0504201680672,253.7832699619772,259.04020100502515,204.53892215568862,263.1015873015873,256.5338078291815,236.55851063829786,280.45569620253167,277.25735294117646,267.44106463878325,269.7723880597015,277.4977973568282,211.94285714285715,299.53478260869565,277.74117647058824,225.26198083067092,275.16494845360825,277.10546875,255.08080808080808,260.6900826446281,263.72053872053874,213.47955390334573,244.97435897435898,272.84615384615387,266.353982300885,266.6492890995261,275.3122362869198,263.8985507246377,244.56147540983608,230.8256880733945,241.3674418604651,257.21888412017165,266.3911111111111,238.49411764705883,270.125,280.78389830508473,247.70529801324503,203.45098039215685,244.2077922077922,265.83396226415095,254.74814814814815,231.82010582010582,252.9452887537994,284.9837837837838,252.79357798165137,200.02247191011236,197.00392156862745,270.52592592592595,270.37433155080214,267.94354838709677,258.0622222222222,256.90686274509807,222.42056074766356,270.2749003984064,297.06198347107437,285.5153374233129,272.20557491289196,286.5913043478261,256.13358778625957,208.175,248.14600550964187,198.31448763250884,224.455,285.5575221238938,216.9276595744681,206.76966292134833,273.34188034188037,280.65486725663715,268.18545454545455,226.71042471042472,210.77067669172934,265.2167487684729,248.675,201.78070175438597,269.16883116883116,236.3063063063063,234.1755319148936,251.11764705882354,253.53531598513013,278.9953917050691,256.56296296296296,256.6024096385542,198.1953488372093,254.7695035460993,238.67948717948718,227.06198347107437,264.3735408560311,259.4568965517241,277.3484848484849,205.3793103448276,213.6,262.6401515151515,232.33807829181495,231.4337899543379,254.06289308176102,253.83333333333334,211.10280373831776,268.5223880597015,258.88628762541805,226.7240356083086,215.8352490421456,203.24761904761905,215.3936507936508,234.94642857142858,215.05820105820106,260.7,306.3551401869159,217.4158878504673,270.16017316017314,243.45685279187816
78,237.96536796536796,248.26347305389223,260.352422907489,248.52233676975945,241.99163179916317,251.1578947368421,263.3717105263158,236.27403846153845,252.87264150943398,246.53459119496856,251.13183279742765,245.37358490566038,259.980694980695,248.39622641509433,254.155,265.921875,264.765625,253.11153846153846,246.1578947368421,234.44140625,265.3384030418251,204.41836734693877,274.8306451612903,266.198606271777,268.109243697479,250.63117870722434,255.48743718592965,203.8562874251497,262.46666666666664,258.51245551601426,232.81914893617022,289.0506329113924,272.44485294117646,262.9619771863118,268.160447761194,269.7180616740088,213.15714285714284,301.6304347826087,277.50588235294117,223.4664536741214,268.52061855670104,272.21875,246.7929292929293,255.96280991735537,264.24915824915826,212.3085501858736,242.68205128205128,265.70135746606337,258.67699115044246,261.45971563981044,269.32067510548524,263.6340579710145,245.0327868852459,225.75229357798165,235.8139534883721,253.793991416309,264.53777777777776,236.68235294117648,264.07608695652175,279.635593220339,246.658940397351,203.41176470588235,244.2034632034632,260.9547169811321,253.65925925925927,223.6137566137566,250.2340425531915,277.04324324324324,247.39449541284404,202.65543071161048,195.37254901960785,270.8666666666667,268.3529411764706,262.4556451612903,252.52444444444444,241.05882352941177,217.41121495327104,269.9123505976096,300.0,276.99386503067484,268.8362369337979,272.55652173913046,250.41221374045801,208.64285714285714,245.3801652892562,196.78445229681978,214.03,276.7212389380531,214.22553191489362,205.45505617977528,266.2649572649573,274.41150442477874,264.9418181818182,222.3783783783784,211.3609022556391,268.7931034482759,250.51785714285714,200.53508771929825,264.31168831168833,235.21621621621622,223.6968085106383,252.62443438914028,250.9814126394052,259.1705069124424,258.8407407407407,254.84738955823292,198.05116279069767,251.13829787234042,247.31089743589743,227.5206611570248,264.3346303501946,255.04310344827587,290.60227272727275,203.91570881226053,219.60851063829787,257.2386363636364,233.15302491103202,231.78995433789953,251.46540880503144,250.71052631578948,209.9158878504673,256.30348258706465,258.5484949832776,226.7833827893175,219.27586206896552,200.9142857142857,214.8,233.00714285714287,228.13756613756613,247.10434782608695,280.6448598130841,229.8551401869159,267.32034632034635,244.40609137055839
79,233.23809523809524,245.14071856287424,255.4273127753304,245.00343642611685,239.99163179916317,243.27719298245614,261.6875,231.59134615384616,245.21698113207546,238.21069182389937,249.5048231511254,243.6943396226415,257.8918918918919,245.6556603773585,246.355,260.22265625,259.22265625,254.50384615384615,244.60902255639098,227.875,258.9885931558935,203.8826530612245,267.9274193548387,259.5191637630662,265.2731092436975,248.62737642585552,248.36683417085428,203.19161676646706,257.47301587301587,252.95017793594306,229.39361702127658,285.50632911392404,263.65808823529414,258.2319391634981,260.70522388059703,264.2511013215859,212.14761904761906,300.61739130434785,273.94117647058823,221.56869009584665,265.36082474226805,267.71875,250.510101010101,253.0495867768595,259.043771043771,212.85130111524163,240.23589743589744,261.03619909502265,250.07079646017698,256.9905213270142,265.873417721519,261.7282608695652,248.93032786885246,233.64678899082568,234.11627906976744,251.42060085836908,262.24888888888887,231.7686274509804,258.7445652173913,267.6906779661017,244.71523178807948,201.59803921568627,237.9090909090909,253.0641509433962,252.24074074074073,223.12698412698413,246.93009118541033,268.5189189189189,248.1834862385321,200.7378277153558,194.9764705882353,265.0925925925926,258.32085561497325,258.7540322580645,250.78666666666666,243.84313725490196,216.2289719626168,268.8804780876494,298.6694214876033,282.73006134969324,288.2229965156794,278.7826086956522,247.50763358778627,210.625,242.60330578512398,195.86219081272085,215.24,274.3185840707965,215.40851063829788,204.29775280898878,261.43589743589746,273.1725663716814,244.39636363636365,219.8803088803089,206.33834586466165,267.57142857142856,245.33928571428572,199.00877192982455,261.84090909090907,225.35135135135135,216.15425531914894,247.45701357466064,253.83271375464685,257.0921658986175,253.07777777777778,262.7269076305221,196.89767441860465,245.3581560283688,238.35576923076923,228.32231404958677,260.9533073929961,252.0948275862069,278.11742424242425,201.73946360153258,210.68085106382978,246.74242424242425,224.71886120996442,253.58447488584474,246.20754716981133,246.26754385964912,210.77570093457945,255.79601990049753,255.15384615384616,225.70029673590506,214.52107279693487,200.9904761904762,211.1079365079365,231.2,210.97883597883597,254.77391304347827,274.6448598130841,215.0373831775701,262.5541125541126,238.11675126903555
80,233.9047619047619,240.80838323353294,251.9295154185022,241.66666666666666,239.65271966527197,239.83157894736843,255.9703947368421,233.57692307692307,242.85849056603774,235.77987421383648,243.9614147909968,244.4867924528302,259.43629343629345,242.25943396226415,241.445,258.4296875,254.0078125,249.62692307692308,239.95112781954887,228.609375,253.96958174904944,200.44897959183675,259.6774193548387,258.1254355400697,261.3697478991597,244.41444866920153,241.72361809045225,201.125748502994,256.0952380952381,252.38078291814946,223.82978723404256,282.69620253164555,266.21691176470586,250.49809885931558,256.38432835820896,260.4669603524229,211.04285714285714,296.3391304347826,266.2156862745098,224.3482428115016,258.4020618556701,276.578125,245.64141414141415,248.62809917355372,253.22895622895624,212.93308550185873,236.7948717948718,256.07239819004525,243.01769911504425,256.02369668246445,259.0084388185654,261.6340579710145,243.672131147541,229.27981651376146,229.66046511627906,248.00429184549355,256.1822222222222,232.6235294117647,249.40217391304347,260.59322033898303,242.2913907284768,201.58823529411765,233.6147186147186,247.42264150943396,248.44814814814814,228.02645502645504,246.35562310030394,275.227027027027,247.95871559633028,200.3558052434457,194.20392156862746,266.0888888888889,253.02139037433156,256.625,250.54222222222222,251.26960784313727,215.25233644859813,261.7569721115538,293.6818181818182,280.58895705521473,286.7630662020906,271.39130434782606,241.9236641221374,209.81785714285715,239.78787878787878,196.75618374558303,214.845,269.42035398230087,214.10212765957448,205.56179775280899,269.5042735042735,271.1946902654867,247.36727272727273,217.94980694980694,205.85338345864662,253.807881773399,241.0392857142857,198.52631578947367,253.85064935064935,220.92792792792793,211.77659574468086,244.81900452488688,245.9814126394052,248.79723502304148,250.52592592592592,269.0281124497992,197.59534883720931,239.84397163120568,239.3301282051282,227.3181818181818,257.5252918287938,247.13793103448276,286.6401515151515,201.54789272030652,209.82127659574468,238.63636363636363,221.65124555160142,250.7214611872146,240.44025157232704,243.35526315789474,208.92056074766356,260.81592039800995,253.83277591973246,224.42729970326408,212.87739463601534,200.04285714285714,211.64761904761906,228.2892857142857,215.36507936507937,250.5391304347826,274.4579439252336,212.20093457943926,259.8095238095238,236.53807106598984
81,234.15151515151516,239.47904191616766,253.2202643171806,239.39175257731958,245.35564853556485,239.76140350877193,252.45065789473685,234.47596153846155,246.81603773584905,234.56603773584905,242.78456591639872,242.02641509433963,257.3088803088803,243.66037735849056,240.04,261.14453125,253.8125,250.68076923076924,237.05263157894737,232.73828125,253.425855513308,200.66836734693877,254.32258064516128,251.9233449477352,258.3781512605042,241.99619771863118,236.6180904522613,201.98203592814372,250.18412698412698,254.2099644128114,224.1755319148936,280.3544303797468,266.3897058823529,247.45627376425855,258.6119402985075,253.33480176211455,209.5142857142857,296.25217391304346,260.81960784313725,220.75079872204472,250.84536082474227,274.33984375,244.22727272727272,246.67355371900825,256.63299663299665,211.05204460966542,236.55384615384617,256.5565610859729,239.47787610619469,255.55924170616115,256.8481012658228,256.2173913043478,240.06967213114754,226.71100917431193,230.49767441860465,246.1931330472103,253.33333333333334,228.75294117647059,242.8858695652174,257.8220338983051,245.4569536423841,202.4950980392157,232.48917748917748,251.3698113207547,242.93703703703704,222.2116402116402,245.04863221884497,269.97837837837835,244.71559633027522,198.75280898876406,194.58823529411765,263.0148148148148,255.33155080213905,251.86693548387098,246.20888888888888,240.68627450980392,216.4626168224299,261.0,285.72727272727275,275.25766871165644,280.1637630662021,267.295652173913,239.3587786259542,205.38214285714287,238.71900826446281,196.42049469964664,214.975,266.88495575221236,212.63404255319148,204.08988764044943,261.02564102564105,268.4424778761062,246.5818181818182,216.20849420849422,205.6203007518797,249.39408866995075,242.575,203.30701754385964,252.4318181818182,221.36036036036037,217.6595744680851,248.32579185520362,242.68401486988847,240.27649769585253,249.44814814814814,266.9156626506024,196.69302325581396,244.87234042553192,233.10897435897436,222.80578512396696,254.34630350194553,244.38362068965517,274.04924242424244,201.6168582375479,209.72340425531914,240.1060606060606,221.5729537366548,228.08219178082192,237.0251572327044,240.51754385964912,208.89719626168224,245.59701492537314,243.48160535117057,224.64391691394658,210.639846743295,198.43809523809523,208.3936507936508,226.85357142857143,211.91534391534393,232.5608695652174,266.6448598130841,215.21495327102804,258.987012987013,247.0964467005076
82,234.2077922077922,238.26646706586826,254.22466960352423,236.7766323024055,242.35983263598325,239.15087719298245,250.13815789473685,235.11057692307693,245.52830188679246,233.48427672955975,243.30225080385853,244.011320754717,266.13127413127415,242.2688679245283,238.485,260.8203125,250.77734375,247.80769230769232,236.41353383458647,232.6484375,250.76425855513307,198.5408163265306,249.78225806451613,251.21602787456445,259.8613445378151,240.8212927756654,233.87939698492463,202.4251497005988,246.63809523809525,252.18861209964413,223.0212765957447,278.7848101265823,263.3897058823529,244.98859315589354,256.339552238806,249.43612334801762,213.44285714285715,288.0130434782609,263.0862745098039,225.11182108626198,253.67525773195877,266.09375,243.3080808080808,245.27685950413223,259.5589225589226,210.42379182156134,233.00512820512822,250.61990950226243,235.9203539823009,249.91469194312796,252.73839662447259,254.2536231884058,242.00819672131146,225.6743119266055,227.24186046511628,241.93562231759657,249.23555555555555,229.78823529411764,235.45652173913044,254.97881355932202,249.51655629139074,201.49019607843138,230.9047619047619,253.988679245283,239.72592592592594,216.1851851851852,243.98176291793314,262.8972972972973,237.23394495412845,198.13483146067415,194.36470588235295,259.1333333333333,249.15508021390374,249.0201612903226,241.09333333333333,237.7107843137255,217.96728971962617,262.1752988047809,285.7892561983471,269.07361963190186,263.8536585365854,274.8086956521739,237.44656488549617,202.2357142857143,239.168044077135,197.35335689045937,211.715,264.70353982300884,208.06808510638297,204.1573033707865,257.9230769230769,265.1504424778761,248.6690909090909,214.32818532818533,206.04887218045113,246.66502463054186,239.05,200.87719298245614,251.5,220.88738738738738,216.19148936170214,247.00452488687782,237.68773234200742,235.95852534562212,252.7074074074074,260.54618473895584,196.2186046511628,242.03900709219857,235.14423076923077,221.67355371900825,252.3852140077821,239.6293103448276,267.7689393939394,202.44061302681993,207.95744680851064,237.1818181818182,219.4306049822064,223.5799086757991,234.0943396226415,236.72368421052633,207.2196261682243,236.5771144278607,239.5351170568562,233.57566765578636,209.73180076628353,197.88571428571427,207.43174603174603,226.85,210.68253968253967,229.9391304347826,259.3457943925234,218.74766355140187,257.5151515151515,236.68527918781726
83,231.63636363636363,235.48502994011977,255.88986784140968,235.18213058419244,239.94979079497907,234.94736842105263,245.49671052631578,228.8846153846154,246.0188679245283,230.42138364779873,238.87138263665594,241.55849056603773,265.34749034749035,239.81603773584905,235.285,258.18359375,247.59765625,250.48846153846154,232.71052631578948,228.12890625,248.27376425855513,199.51020408163265,244.6008064516129,247.94425087108013,253.68067226890756,236.40304182509504,230.71859296482413,203.07784431137725,243.65714285714284,246.9644128113879,223.08510638297872,263.1645569620253,257.3860294117647,241.8707224334601,247.9179104477612,252.97356828193833,212.67619047619047,274.81304347826085,259.96078431372547,224.30990415335464,246.01546391752578,258.76953125,239.3030303030303,242.77685950413223,249.75420875420875,207.84386617100373,232.30769230769232,247.18552036199094,228.83185840707964,245.92890995260663,247.36286919831224,251.17753623188406,239.39754098360655,224.0321100917431,226.86511627906978,241.66523605150215,248.11555555555555,227.3607843137255,234.1195652173913,251.6949152542373,241.3543046357616,200.75980392156862,228.78354978354977,249.0754716981132,240.0185185185185,216.32804232804233,239.08510638297872,261.66486486486485,238.43119266055047,198.58426966292134,194.54901960784315,254.04074074074074,246.29946524064172,246.3548387096774,241.80444444444444,239.9950980392157,216.56542056074767,258.55378486055776,278.8099173553719,266.41104294478527,262.37979094076655,272.2086956521739,235.67175572519085,202.1,234.63085399449037,196.339222614841,210.465,258.45575221238937,206.30212765957447,204.46629213483146,265.45299145299145,262.12389380530976,254.93454545454546,213.45945945945945,204.41729323308272,247.9014778325123,237.9142857142857,197.94736842105263,249.48701298701297,217.24324324324326,209.03191489361703,243.7420814479638,235.47955390334573,225.00460829493088,247.1259259259259,254.0281124497992,195.43255813953488,240.02482269503545,234.4551282051282,219.23140495867767,248.87548638132296,237.92672413793105,261.9886363636364,200.60536398467434,211.8127659574468,240.6969696969697,216.0747330960854,221.44292237442923,230.16981132075472,233.25877192982455,207.08878504672896,231.44278606965173,235.7056856187291,225.98813056379822,212.4750957854406,198.13809523809525,206.38730158730158,223.74642857142857,207.21693121693121,245.66521739130434,246.7289719626168,211.83177570093457,253.76623376623377,237.5989847715736
84,38.883116883116884,27.961077844311376,40.93392070484582,29.735395189003437,37.82008368200837,23.856140350877194,29.526315789473685,36.51442307692308,30.7311320754717,31.90251572327044,25.884244372990352,41.53962264150943,63.011583011583014,32.867924528301884,31.985,38.72265625,36.2265625,46.534615384615385,27.43609022556391,58.9609375,39.5171102661597,6.959183673469388,36.274193548387096,44.832752613240416,31.680672268907564,25.726235741444867,34.527638190954775,10.44311377245509,56.03174603174603,34.619217081850536,29.56382978723404,28.227848101265824,53.20955882352941,28.26615969581749,28.347014925373134,40.66519823788546,28.51904761904762,30.417391304347827,54.23529411764706,10.070287539936102,50.365979381443296,41.3984375,42.31818181818182,31.231404958677686,53.36363636363637,10.089219330855018,39.276923076923076,28.773755656108598,29.11946902654867,57.312796208530806,36.40506329113924,43.75,15.34016393442623,35.75688073394495,29.813953488372093,24.536480686695278,34.24888888888889,24.03529411764706,38.58695652173913,39.61440677966102,42.19205298013245,10.450980392156863,32.25541125541125,25.562264150943395,25.425925925925927,27.804232804232804,29.97872340425532,64.6972972972973,29.75229357798165,4.50187265917603,2.992156862745098,43.89259259259259,39.88770053475936,30.95967741935484,45.27111111111111,43.53921568627451,11.570093457943925,60.42629482071713,67.1900826446281,63.30061349693251,42.278745644599304,36.23478260869565,27.232824427480917,9.014285714285714,26.699724517906336,4.176678445229682,17.97,52.0929203539823,12.604255319148937,11.129213483146067,42.162393162393165,35.25221238938053,52.92727272727273,10.621621621621621,15.714285714285714,49.47290640394089,42.68571428571428,4.043859649122807,38.19155844155844,19.256756756756758,8.292553191489361,36.25339366515837,38.65055762081784,14.506912442396313,44.41851851851852,49.76305220883534,6.758139534883721,43.08156028368794,34.13782051282051,21.5,37.1011673151751,28.07758620689655,53.40909090909091,8.084291187739463,13.463829787234042,32.696969696969695,13.612099644128113,12.643835616438356,28.90566037735849,30.42543859649123,15.44392523364486,27.34328358208955,31.765886287625417,30.821958456973295,7.969348659003831,6.876190476190477,9.247619047619047,26.678571428571427,14.333333333333334,31.943478260869565,43.88317757009346,11.481308411214954,40.43722943722944,38.17766497461929
85,42.25974025974026,48.59880239520958,67.04405286343612,45.57044673539519,47.16317991631799,46.24561403508772,65.82236842105263,38.15865384615385,43.04245283018868,45.27987421383648,49.067524115755624,50.467924528301886,66.10810810810811,48.37264150943396,46.885,65.12890625,63.30078125,65.93461538461538,41.62781954887218,58.69921875,50.35361216730038,10.045918367346939,58.29838709677419,50.98606271777003,58.40756302521008,45.73003802281369,43.1608040201005,17.982035928143713,61.15873015873016,52.604982206405694,38.308510638297875,44.68354430379747,61.716911764705884,53.42585551330799,48.20522388059702,53.02643171806167,37.423809523809524,75.04347826086956,68.16078431372549,30.022364217252395,58.94845360824742,66.23046875,48.23232323232323,51.70247933884298,53.19191919191919,18.479553903345725,41.95897435897436,63.09502262443439,33.730088495575224,54.573459715639814,50.89029535864979,50.177536231884055,43.0,33.49082568807339,36.80930232558139,49.0343347639485,56.275555555555556,35.976470588235294,40.67934782608695,55.98728813559322,49.77483443708609,11.946078431372548,38.58008658008658,46.656603773584905,45.388888888888886,29.55026455026455,51.77811550151976,74.4972972972973,44.45412844036697,12.303370786516854,5.87843137254902,61.89259259259259,51.35828877005348,52.40725806451613,47.66222222222222,47.73039215686274,27.635514018691588,72.26693227091633,80.62396694214875,73.79754601226993,61.69686411149826,77.45217391304348,42.05343511450382,14.957142857142857,44.51790633608815,7.826855123674911,25.84,66.6858407079646,17.804255319148936,16.00561797752809,72.24786324786325,65.99557522123894,51.949090909090906,23.077220077220076,16.616541353383457,52.970443349753694,45.43928571428572,9.517543859649123,56.753246753246756,25.45045045045045,14.409574468085106,52.61085972850679,45.92565055762082,24.94009216589862,49.65555555555556,55.36144578313253,7.5488372093023255,44.07801418439716,35.50961538461539,28.50826446280992,57.505836575875485,45.32327586206897,60.53030303030303,11.854406130268199,20.91063829787234,46.65909090909091,22.12099644128114,28.429223744292237,37.301886792452834,37.30701754385965,17.92056074766355,39.29353233830846,42.62207357859532,36.29376854599406,14.593869731800766,9.142857142857142,15.663492063492063,30.37857142857143,22.211640211640212,41.18695652173913,46.91121495327103,19.985981308411215,60.61471861471861,40.77157360406091
86,42.692640692640694,47.75449101796407,61.83700440528634,43.329896907216494,49.50627615062761,44.5859649122807,66.51973684210526,42.6875,48.37264150943396,43.0314465408805,46.81993569131833,51.762264150943395,70.46718146718146,47.136792452830186,46.57,63.33984375,62.390625,62.8,41.13533834586466,60.3671875,48.258555133079845,10.489795918367347,57.42741935483871,47.494773519163765,54.403361344537814,44.70342205323194,40.608040201005025,18.65868263473054,55.43809523809524,51.63345195729537,38.51063829787234,41.58227848101266,59.88970588235294,51.52091254752852,46.51865671641791,51.691629955947135,31.36190476190476,64.23478260869565,64.35686274509804,27.095846645367413,52.350515463917525,60.9375,43.41414141414141,55.289256198347104,53.24915824915825,18.349442379182157,42.261538461538464,57.71945701357466,30.783185840707965,47.73933649289099,45.22784810126582,50.88768115942029,44.43852459016394,31.63302752293578,38.14883720930233,48.08583690987125,57.333333333333336,32.01176470588236,43.03260869565217,53.436440677966104,45.109271523178805,12.426470588235293,38.004329004329,44.54716981132076,44.82962962962963,24.624338624338623,51.224924012158056,64.32432432432432,44.321100917431195,11.9438202247191,6.87843137254902,59.67407407407408,50.74866310160428,51.11693548387097,45.08,44.28431372549019,25.514018691588785,56.30677290836653,72.78512396694215,66.61349693251533,52.67247386759582,71.30434782608695,40.091603053435115,15.625,44.68595041322314,7.522968197879859,21.83,58.73451327433628,16.680851063829788,14.786516853932584,65.01709401709402,65.02654867256638,55.378181818181815,23.243243243243242,17.49624060150376,45.783251231527096,45.121428571428574,9.131578947368421,55.05194805194805,23.756756756756758,12.96808510638298,48.43438914027149,44.386617100371744,25.52073732718894,45.03703703703704,45.44578313253012,8.13953488372093,44.52482269503546,33.458333333333336,27.954545454545453,54.36964980544747,42.918103448275865,53.96212121212121,12.409961685823754,19.748936170212765,49.55681818181818,25.693950177935942,27.251141552511417,36.56603773584906,35.03947368421053,18.66822429906542,34.42786069651741,40.180602006688964,31.272997032640948,14.666666666666666,9.957142857142857,14.59047619047619,31.97142857142857,17.455026455026456,40.88695652173913,43.05140186915888,18.429906542056074,57.489177489177486,46.055837563451774
87,45.39393939393939,46.724550898203596,63.50660792951542,42.034364261168385,49.57322175732217,46.8140350877193,66.78947368421052,50.11057692307692,51.363207547169814,44.496855345911946,47.81672025723473,49.864150943396226,75.03861003861005,47.863207547169814,45.225,63.1796875,62.51953125,56.67307692307692,42.30827067669173,54.15625,45.950570342205324,12.438775510204081,59.49596774193548,47.4808362369338,57.61764705882353,44.87832699619772,37.57788944723618,19.18562874251497,50.41269841269841,52.83985765124555,36.77127659574468,40.75949367088607,59.69117647058823,51.961977186311785,46.98880597014925,50.46696035242291,40.114285714285714,60.33913043478261,68.14509803921568,26.015974440894567,54.855670103092784,61.84375,38.89393939393939,53.64049586776859,49.717171717171716,18.16728624535316,39.205128205128204,57.16742081447964,30.783185840707965,45.14218009478673,44.55696202531646,49.55072463768116,47.377049180327866,27.954128440366972,36.95348837209303,46.802575107296136,56.55555555555556,31.75686274509804,40.233695652173914,53.29237288135593,43.188741721854306,11.813725490196079,36.675324675324674,43.17358490566038,42.144444444444446,22.952380952380953,53.0790273556231,64.8972972972973,42.10091743119266,10.617977528089888,6.443137254901961,61.8,44.61497326203209,54.03629032258065,43.81777777777778,46.73529411764706,27.38785046728972,59.059760956175296,60.929752066115704,68.0920245398773,51.142857142857146,70.04347826086956,41.20992366412214,14.878571428571428,47.798898071625345,7.374558303886926,19.975,55.823008849557525,15.421276595744681,18.05056179775281,72.75213675213675,65.19026548672566,53.35272727272727,21.47104247104247,16.2406015037594,47.00985221674877,41.57857142857143,9.412280701754385,54.866883116883116,22.9009009009009,11.648936170212766,52.1447963800905,46.51672862453532,23.110599078341014,40.925925925925924,39.678714859437754,8.074418604651163,41.52482269503546,28.67948717948718,28.367768595041323,53.6147859922179,44.327586206896555,53.583333333333336,11.14176245210728,22.348936170212767,58.40530303030303,25.451957295373667,24.557077625570777,37.088050314465406,35.666666666666664,16.509345794392523,34.492537313432834,39.357859531772576,29.044510385756677,19.919540229885058,9.771428571428572,14.907936507936508,31.196428571428573,20.44973544973545,41.80434782608695,40.27570093457944,17.85981308411215,57.294372294372295,22.776649746192895
88,37.18181818181818,43.58383233532934,56.030837004405285,39.756013745704465,47.30543933054393,40.52982456140351,58.25657894736842,39.16346153846154,45.59905660377358,39.85849056603774,43.12540192926045,46.426415094339625,66.38610038610038,46.051886792452834,42.275,58.79296875,55.046875,53.52307692307692,39.06390977443609,48.18359375,44.456273764258555,12.13265306122449,54.87903225806452,46.18815331010453,52.57983193277311,42.39163498098859,36.527638190954775,17.005988023952096,48.2984126984127,50.35231316725979,35.111702127659576,36.25316455696203,54.125,45.79467680608365,42.742537313432834,51.5374449339207,62.65714285714286,46.143478260869564,62.6,22.140575079872203,49.27835051546392,57.25390625,37.52020202020202,51.49173553719008,46.16498316498316,16.237918215613384,38.84615384615385,52.77828054298642,25.67699115044248,42.93838862559242,39.89029535864979,45.36231884057971,40.48360655737705,30.09633027522936,27.893023255813954,44.24892703862661,49.04888888888889,32.090196078431376,34.09782608695652,49.063559322033896,41.347682119205295,11.426470588235293,32.926406926406926,39.577358490566034,45.05925925925926,24.06878306878307,46.714285714285715,65.15675675675676,38.788990825688074,12.333333333333334,5.956862745098039,56.6,43.05882352941177,48.79838709677419,41.20444444444445,48.990196078431374,21.92056074766355,53.56175298804781,65.92148760330579,71.14723926380368,43.80836236933798,65.51304347826087,35.50381679389313,16.714285714285715,40.03305785123967,7.3250883392226145,19.815,52.03982300884956,16.66808510638298,13.848314606741573,60.282051282051285,61.8141592920354,55.81090909090909,18.347490347490346,17.229323308270676,42.78817733990148,42.542857142857144,8.850877192982455,48.02597402597402,21.25225225225225,10.329787234042554,45.18552036199095,41.319702602230485,19.663594470046082,37.18888888888889,34.98393574297189,8.609302325581396,40.163120567375884,22.262820512820515,28.607438016528924,48.494163424124515,35.400862068965516,51.053030303030305,10.601532567049809,19.97872340425532,52.81818181818182,26.92170818505338,24.24200913242009,33.43396226415094,30.390350877192983,19.64485981308411,33.62686567164179,39.220735785953174,26.106824925816024,24.35249042145594,9.042857142857143,14.774603174603175,28.757142857142856,23.513227513227513,34.51304347826087,32.88317757009346,16.69626168224299,50.24242424242424,21.00507614213198
89,37.94805194805195,38.6437125748503,54.46696035242291,34.16838487972509,45.82426778242678,36.68421052631579,51.69078947368421,41.3125,48.00471698113208,36.64150943396226,39.456591639871384,42.573584905660375,60.52509652509652,44.2311320754717,37.6,56.53125,50.77734375,52.65769230769231,34.10526315789474,41.8984375,38.38783269961977,10.5,52.51209677419355,44.86411149825784,50.857142857142854,39.0,32.2964824120603,13.395209580838323,40.86984126984127,47.01779359430605,29.44148936170213,33.48101265822785,50.00735294117647,43.37642585551331,39.899253731343286,46.951541850220266,46.857142857142854,41.38260869565217,60.06666666666667,20.396166134185304,46.149484536082475,49.31640625,36.07070707070707,47.27685950413223,43.22222222222222,15.319702602230484,37.96410256410256,51.723981900452486,22.309734513274336,41.61611374407583,35.459915611814345,44.257246376811594,40.55327868852459,29.779816513761467,26.204651162790697,42.51072961373391,47.13777777777778,33.43529411764706,31.804347826086957,44.07203389830509,41.9271523178808,10.387254901960784,29.41125541125541,37.68301886792453,46.37407407407407,21.12169312169312,44.911854103343465,53.84864864864865,40.5045871559633,13.838951310861423,5.184313725490196,51.78148148148148,40.49197860962567,46.11290322580645,41.666666666666664,45.36764705882353,19.822429906542055,56.7410358565737,59.289256198347104,62.00613496932515,41.70383275261324,65.02608695652174,35.583969465648856,15.535714285714286,46.366391184573004,6.18374558303887,16.815,48.11504424778761,15.187234042553191,12.9438202247191,58.17948717948718,56.20796460176991,52.48,17.1969111969112,15.725563909774436,41.16256157635468,40.48571428571429,7.0,46.896103896103895,20.0,9.106382978723405,39.39366515837104,40.30483271375465,17.474654377880185,37.7037037037037,31.17269076305221,7.423255813953489,37.41843971631206,20.102564102564102,26.334710743801654,41.6692607003891,35.09051724137931,56.90151515151515,9.68199233716475,22.02127659574468,70.65151515151516,19.22064056939502,19.789954337899545,31.28930817610063,27.535087719298247,16.794392523364486,37.298507462686565,38.35117056856188,24.409495548961424,16.727969348659006,8.376190476190477,15.412698412698413,28.914285714285715,21.375661375661377,31.713043478260868,38.308411214953274,13.102803738317757,45.85281385281385,17.65482233502538
