Frame,Cell_143,Cell_147,Cell_148,Cell_150,Cell_152,Cell_154,Cell_157,Cell_161,Cell_162,Cell_163,Cell_164,Cell_165,Cell_166,Cell_169,Cell_170,Cell_174,Cell_175,Cell_176,Cell_177,Cell_179,Cell_181,Cell_183,Cell_184,Cell_185,Cell_186,Cell_188,Cell_190,Cell_192,Cell_194,Cell_195,Cell_196,Cell_197,Cell_198,Cell_199,Cell_201,Cell_202,Cell_204,Cell_205,Cell_206,Cell_209,Cell_210,Cell_211,Cell_213,Cell_214,Cell_217,Cell_218,Cell_219,Cell_220,Cell_221,Cell_224,Cell_225,Cell_226,Cell_227,Cell_228,Cell_229,Cell_230,Cell_232,Cell_234,Cell_235,Cell_238,Cell_240,Cell_241,Cell_242,Cell_243,Cell_244,Cell_245,Cell_246,Cell_248,Cell_251,Cell_252,Cell_253,Cell_255,Cell_256,Cell_257,Cell_260,Cell_261,Cell_262,Cell_264,Cell_266,Cell_267,Cell_269,Cell_270,Cell_271,Cell_272,Cell_273,Cell_276,Cell_277,Cell_281,Cell_282,Cell_283,Cell_284,Cell_286,Cell_287,Cell_288,Cell_289,Cell_290,Cell_291,Cell_292,Cell_293,Cell_294,Cell_297,Cell_300,Cell_301,Cell_302,Cell_303,Cell_304,Cell_305,Cell_309,Cell_310,Cell_311,Cell_312,Cell_313,Cell_314,Cell_315,Cell_316,Cell_321,Cell_322,Cell_323,Cell_324,Cell_326,Cell_327,Cell_328,Cell_329,Cell_330,Cell_331,Cell_332,Cell_333,Cell_334,Cell_335,Cell_337,Cell_340,Cell_341,Cell_342,Cell_344
0,-0.3569734526815087,0.6344350630064917,0.3241688242304687,-0.0741995161519851,-0.28402879716236723,0.1696459603071377,0.3370877166909054,-0.37576906254556053,-0.27474769655879155,-0.09151732377538853,0.739971201240562,0.18768531604178793,0.253019044728055,-0.2566744371216699,-0.32133040348431496,-0.2421224008934014,-0.22947863188784645,0.014406108567622566,-0.23264305594566306,-0.19219538626717103,0.08377413647889273,-0.5222611702380764,0.6328017485631022,0.021177443932748792,0.20928174840179606,-0.25803551488567333,-0.06868703368292597,-0.3425310849940385,0.3074690244463748,0.1145291970198219,-0.36568966157732463,-0.1449499133840476,0.35859371318158234,-0.23055819844850825,0.04176681268237861,0.12329324178488181,-0.37976584052600826,-0.07258405552767644,-0.4977923191766463,-0.10776197551829053,-0.5646007021327122,-0.1558820034292117,-0.3556510740102679,-0.4287617021684346,-0.07655665192242266,-0.1005168802414762,-0.3988022176273364,-0.33783763001543,-0.5296111802961118,-0.6208768892024199,0.16119876076717815,0.013810176565664769,-0.37120994627278414,-0.170225191456227,-0.5628361292375487,-0.4617314493788874,0.2995777670104519,-0.24000553032639557,-0.572841250220731,-0.40571686815049146,0.71409021211985,-0.3450120675784394,-0.4498910859323551,0.16968504599034798,-0.028771413011189233,-0.2867228823740413,-0.4636380145575554,-0.6766627078384798,-0.5633318007281946,-0.6275800783616755,-0.34311617438102787,0.02371176986991321,-0.41920223586816924,-0.4360684307242568,-0.48741740475186274,-0.5444392247890646,-0.5741666733552183,0.655621004112145,-0.29123275354661704,-0.5976012474267113,0.39889244750169595,-0.3400806782772531,-0.5923699573993904,-0.6420711974110032,-0.2743018877646791,-0.09759089078460809,-0.0732525454123295,-0.42756962982007796,-0.4977039884503661,-0.09982069085365383,-0.005468862620729533,-0.29603808876041493,0.6748285603853956,-0.3876916348793703,0.042222482710115944,-0.04737451940801596,-0.37022990689720675,-0.012707218907046581,-0.06441275080858258,0.403002496676502,-0.5312752676347877,-0.18452800025409066,0.03631145495383084,-0.6147548652694611,-0.4388258251327136,-0.6165428782434672,0.00026854563357596434,0.4431078498894419,-0.11555697158173979,-0.5882379864604528,0.14026455846206015,0.006960153123368863,0.42011142142742247,-0.14934331418172922,-0.03762534386369677,-0.4668300621110957,-0.45017124885056703,-0.3409482281940692,-0.36254750662213525,-0.29327479618728597,-0.25156376674549014,-0.6191157166792951,-0.2385838044196461,-0.5444921316165952,-0.7318593567528329,-0.1479626013038597,-0.2569428597205344,-0.28717972864801605,-0.7164818548387096,-0.2853885197263566,-0.7037118706357957,-0.5525222126683864,-0.44050316872768075,-0.2584585486566181
1,-0.049750265036012147,0.6749968178539608,0.28019561911806995,-0.11034580902234234,-0.3179461230542627,0.24273987523871968,0.07153851869937675,-0.2541186761918647,-0.14344926024539548,-0.20768618080446055,0.413492957226458,0.10113521951579982,0.46507806622761283,0.07169923542560044,-0.3623640416164575,-0.05787882630625182,-0.1766317496025487,0.09060587467157508,-0.24495059111916873,-0.026279613481973493,0.09032490942553748,-0.4480308341396102,0.6952359750667855,0.13679438419944012,0.28369500298626305,-0.22745675166493937,-0.09530283885907552,-0.3229432805314256,0.3245065069077899,0.21526761403489394,-0.3297794618423171,-0.2537847405287339,0.3172471212906669,-0.3239512254916266,-0.021265935911063554,0.26659837027073513,-0.2827294444814247,-0.1262059282899076,-0.42342206410215694,-0.03471961421441353,-0.150156279081708,-0.04327257705823439,-0.3376793594285682,-0.42583915447341447,0.01698990586367236,-0.3806994209985584,-0.13638572876078123,-0.35280638530191255,-0.21606475716064757,-0.5751298659654973,0.47315592485807895,0.18914827014751306,-0.30183914645792925,0.028458534039653847,-0.3958773771614121,-0.40088332142794914,0.23891267588921072,-0.3153385020614647,-0.4552946023897816,-0.2692602216949748,0.5615057662436258,-0.36170555108608216,-0.2922780770334848,0.30313272461282353,-0.1497611149618774,-0.36862662483701814,-0.439931678634358,-0.5570071258907364,-0.48547960185403805,-0.5387163226562185,-0.2630175915098017,-0.08837378404022331,-0.38176317647477837,-0.2990734657020685,-0.3570082946717278,-0.443600088427103,-0.4787344190190302,0.37982065665635206,-0.4308264857324268,-0.4818091455974976,-0.08991369925689868,-0.21592308992970838,-0.40639459031087033,-0.3645189761694616,-0.2803748293135368,0.10286310548090645,0.07500135854127257,-0.21417219845771301,-0.2945852394287801,-0.03212556379693059,0.03854331843736483,-0.27317230331397274,0.2686332248180013,-0.31135353142690547,0.04327745868010781,-0.23816295359983142,-0.19452783583507494,0.09030439933189618,-0.24751874357019682,0.033559223112091044,-0.06509751285617263,-0.3545040204542928,-0.015223359121537262,-0.5112828320631464,-0.4335802261902263,-0.588035188820394,0.05474494558753961,0.1782860634557328,-0.14024892816822396,-0.38934728064810087,-0.007466092716895829,-0.1675221854880807,0.47441840061998264,-0.08328869113019795,0.03311444375425209,-0.19200195392930072,-0.1972626837426869,-0.14820607611735154,-0.2494273612550706,-0.1374904559001009,0.008769504086634631,-0.589981110530079,0.09016714387098348,-0.2888757338069163,-0.5722469463119024,-0.14192446671006576,0.05325026136888297,-0.09261214962700873,-0.5673846655597723,-0.07454086261432469,-0.5648168565478378,-0.19977667908665345,-0.3027494204077371,-0.014326493421782667
2,0.19807206793665363,0.5587424158852731,0.10528911354950056,0.11489967269104885,-0.2723055264700429,0.10357479406506075,-0.06428806488253855,0.1278612042571804,-0.030038520307796465,-0.3086419753086421,0.056508335025568124,-0.09062358559407349,0.29911309374546324,0.4797440546426072,-0.45010199339996376,0.23902167643653938,-0.2521003650896386,0.005543231436467642,-0.08827209355769493,0.05765660903681558,0.00886359686454173,-0.27165447999111786,0.34208289484335797,0.2427027095477894,0.36859335943548555,-0.29233641220630946,-0.1379649958923261,-0.29654232669051267,0.1245109611515707,0.05107062182776162,-0.26433621853213973,-0.26414099570686145,0.16398824952479693,-0.2452676002077994,-0.1884279727286883,0.17748721397625764,0.023319798531141214,-0.13782118148551192,-0.09048314856580174,0.06368618998633858,0.14574709102694933,-0.18078057006400067,-0.2546889576977891,-0.22279395559643927,0.12310309629125538,-0.40451254768598527,0.10724847805850506,-0.2895992782189231,-0.07506572575065733,-0.5610744137326579,0.3065220895041277,0.16062769809931043,-0.13128306684556199,0.07488848114844741,-0.3053590239927876,-0.30414481593114623,0.19332733439468394,-0.37642024808477,-0.31332038377773846,-0.22965389974767447,0.21707946877637763,-0.5374497184231697,-0.1426014420560275,0.1921169012426643,-0.27130780275274774,-0.3739786942089471,-0.3719048016373568,-0.3870249406175773,-0.33897083493842667,-0.24970715353233436,-0.08760546732556244,-0.17988667299217,-0.24600206574776504,-0.30736554360543766,-0.21017854632363275,-0.2691407833167533,-0.31078488815403993,-0.00220523289482158,-0.4400956578563186,-0.24377111038878446,-0.4218323525235474,-0.2411652455373318,-0.056384381391389335,-0.01953515739923503,-0.31552427888419826,0.014169076996302155,0.053165895179895714,0.09984142294863597,-0.09172740081056173,-0.1292052734267006,-0.16282254576906446,-0.3261529099061205,-0.024637097898893293,-0.3518792973590224,0.10144180049232218,-0.3296070995944593,-0.027930837925137637,0.029601124298233517,-0.17894651143857365,-0.22810544405174932,0.16754665416087197,-0.3624972870535549,-0.14616088511771072,-0.21011669842133912,-0.335382613986865,-0.5196167342050182,0.022263711812171523,-0.045315906395803504,-0.027767196060368957,-0.1511361319502524,-0.19589804575127828,-0.3229076039672872,0.28149263770489413,0.07485755078817745,0.07955453012689695,0.10164124381232059,0.02201247384623585,0.006587989952130344,-0.1619000089574777,-0.13712100687175183,0.06958003234774761,-0.4610631463240237,0.3514670973741526,-0.10447437225593217,-0.0017832907237320889,-0.1504155934825885,0.250961890559409,-0.06779090964126916,-0.35443103652751423,0.25184513154991045,-0.2911919637388215,0.4598858316614118,0.013383905386184778,0.0603319873176407
3,0.2086735084210411,0.10233781662353093,0.1101384950478773,0.13294435747829816,-0.07240873133169337,-0.17314300251170764,-0.22702519081538422,0.8263303688584344,-0.03017576606004048,-0.2736758263639985,-0.3112758219645923,-0.15994679524482505,0.03591178450289694,0.5787933730489924,-0.4205672250706865,0.328116371252439,-0.2630970409516209,-0.038036951380039354,0.01115849143324053,0.25889282453165297,-0.2697447872335684,0.01654321379288449,-0.1473225127499392,0.15422767968324572,0.23675536974362377,-0.2270559064541807,-0.08401274099554641,-0.012093340146482685,-0.1534338507679857,-0.12897720682856237,-0.045965055660809696,-0.22704677261429543,-0.1481219661624017,0.03736304788143779,-0.20535405989126684,0.07015499632450675,0.36198569600686364,-0.1896951277959775,0.2725135796194527,-0.00663477186508391,0.2252665087830768,-0.2799787230430576,-0.2239538916774936,-0.014143214419179685,0.13412725416808435,-0.35282452353835975,0.2860508604427016,-0.2937003070645347,-0.00027674000276746295,-0.5030355501400201,0.07810569294962472,-0.08243140945639058,0.17373752761063305,-0.05325982960499337,-0.3078660569433966,-0.2504834747460668,0.16257453351659748,-0.3462516085805142,-0.25186885631879447,-0.2422701766278763,-0.15626545198459663,-0.3989943684633951,0.01477516421539643,0.11375674721283363,-0.24259208832557683,-0.05407867541976735,-0.3137432942481459,-0.23537707838479818,-0.2604351770158936,0.05470170052914323,0.15281602474631256,-0.1778914791923457,-0.11811845156910934,-0.21253368656648244,-0.10209475608041618,-0.006899156258059895,-0.09339358380621378,-0.17166304977274993,-0.1544661188585942,0.03869001352007058,-0.47642112238297335,-0.28947559119785504,0.2927606648602067,0.028626066490144233,-0.22189056191271897,0.024329074067293878,0.02928026953458857,0.07490738168409171,0.0533822685289871,-0.20701122459457974,-0.38009045696987176,-0.3057482168267122,-0.13672533401338036,-0.27549260186107544,0.06470519282616331,-0.3500816348027597,0.050184305529166,-0.015797567454214952,-0.09031699392360475,-0.31928277293213586,0.2049629677544552,-0.36964358500653755,-0.13988020963314196,-0.031050115677735395,-0.25003671919259735,-0.4805478068211822,0.00890036956994343,-0.20134016187581238,0.07072358168431687,-0.006045778149484365,-0.20929765130038988,-0.3919001218026796,0.11181622775592556,0.11238075780486281,0.058996657496968224,0.12634936142296033,0.0403534256433493,0.39905524748408305,-0.0494836653998234,-0.22483436368562346,0.07273656819803619,-0.22325503630264398,0.3371509678682426,-0.11451827734201574,0.1471925007101599,-0.17555876331455855,0.15811623352845317,-0.0869281529365074,-0.1073440464895635,0.4056592207537453,-0.10848952590959202,0.5699340785325304,0.28275838070838594,0.046378702243621006
4,0.015825655485972225,-0.26623955195383764,-0.02921957835038844,0.007143873630283316,0.11315962184937113,-0.18880086566126708,-0.21932888185900382,0.8463916022743843,-0.0214377865005079,-0.21365989645559552,-0.3687810371245546,-0.05903326220892092,-0.009093428710950313,0.15530357536861703,-0.32786743220786163,0.14055935760188817,-0.15419853084410481,-0.05025618434784443,0.046497970022725314,0.251668188522863,-0.3312418393857424,0.05667200659825206,-0.4561037804581883,0.11163640815017098,-0.030504125467294974,-0.11035268652186628,-0.15771065641109405,0.16121614716402666,-0.2091861354238583,-0.2257391073825132,0.35573386827148107,-0.12743842735557726,-0.3551376910630411,0.13209859968830084,-0.2651369997494939,0.005442857813159646,0.5336484057778076,-0.15219928616939107,0.4288380292875066,-0.06563471199429585,0.1765215549608178,-0.325305431848662,-0.2973288537594652,0.11464052663351247,0.08631053646364972,-0.20532649469182299,0.2524404609896945,-0.07665335541053854,0.018195655181956465,-0.22946193804912457,-0.14892283447646013,-0.20392004419256504,0.37669398923112096,-0.19259108926064145,0.13173252851147307,-0.19089847901458268,-0.05645264958617218,-0.25308687930062645,0.04650067690858804,-0.0311829171844989,-0.3138444787405664,-0.30285599356395826,-0.005285287313621864,-0.03650641510703052,-0.2705960986236261,0.3236123052046027,-0.24797416352954457,0.027761282660332315,-0.07633616243957618,0.13134668982509998,0.03549737824889667,-0.17926594603222465,-0.04403646275264036,-0.1223046354823636,-0.02662730212287355,0.08168914188865534,0.18090391761844768,-0.237937025099879,0.09329885201303241,0.21383852230811634,-0.46200085196346025,-0.1993164086089036,0.42461145544585266,0.01704913209767587,-0.026157815507716342,0.0280818657782008,0.05785903775756717,0.19293426213356019,0.19140387191038596,-0.1606436171473258,-0.4650965835375523,-0.2540205299850544,-0.15724628730131526,-0.1617386233873515,0.02836713163755714,-0.3233528203507663,0.06287668630058917,0.04939407094557321,-0.19437803912280835,-0.2388703349437438,0.21533280507131541,-0.1465202822523015,-0.024498793777555906,0.028362309471965223,-0.08849849975870232,-0.4128563939494821,0.031215232931367534,-0.23515491090616272,0.01929643507712344,-0.011787811078795004,-0.08342510667342243,-0.4009483208630589,0.004284314728976935,0.06754058481088147,0.033439820155589106,0.01350142426677959,-0.08495142396417767,0.842709765075754,-0.036943196795782306,-0.09454200635452313,0.06145937174144997,-0.2822001430050263,0.13626630448082608,-0.1408613289921562,0.16881292806868028,-0.20692875944637848,-0.11954508546895153,0.022413108843491614,0.4080289373814042,0.19687124537184597,-0.11966188901139287,0.69219332186873,0.31907804595851297,0.011176077008684664
5,-0.23543941331409773,-0.378972378972379,-0.20778366826942837,-0.16817987761491376,0.14111511350029818,-0.19962163149917772,-0.16694090296281366,0.2712640326578219,0.0033579460715690446,0.029271206690561248,-0.388672487954365,-0.09200912609342242,-0.07445657194895011,-0.1714392609433908,-0.17688569650859642,-0.05243824117745722,0.026209791440187532,-0.011133661626888731,0.1504736613640424,0.11209223451971226,-0.30245408888552183,0.208304915380589,-0.4919250384521978,0.039750446385229295,-0.287455482558011,-0.010026856629121034,-0.21728393875482233,0.20039175608925244,-0.08866172245606996,-0.12870105985209562,0.14138712433597084,0.12186487911425765,-0.4448371742306424,0.11750593921281359,-0.19729724240187949,-0.015593474826782779,0.2918709830112346,-0.1592473767007043,0.4212540897684316,0.05127660848314638,-0.05382161721572941,-0.27850744410554734,-0.2001442315947321,0.2369563342627992,0.1357150958375863,0.03965403270123683,0.2595250059724361,0.29325944646363183,0.1751072367510724,-0.09815301737959342,-0.22064432943536125,-0.17928678110358653,0.23490569906900183,-0.018882616313023234,0.3458186788418469,0.025227799362336097,-0.1927636978512593,-0.09377093813479108,0.2548707987521339,0.12448059855132501,-0.27883246677355067,0.12212389380530966,-0.020854088921159808,-0.17974070524138624,-0.28139543519160315,0.37750308882727046,0.0024393476094884126,0.14329720902612814,0.11540516695040558,0.11973381265904581,0.11572170457831932,-0.12406558423708242,0.0920179590160672,0.15793948891285928,0.1884155771123296,0.06722762610073307,0.6967919031069661,-0.32614634089273914,0.25245053738025375,0.2280181084149485,-0.2752630831611,-0.09587188096330833,0.3114827849932343,0.06687260959105612,0.10240451679628396,-0.046424779409072636,0.00018278555302527166,0.1602180391317778,0.05216468664660558,-0.02730712418145774,-0.39459600691941765,-0.13660405051056482,-0.18792810095512077,-0.07505041424718784,0.01315203375923107,-0.2890530362879865,0.07883716511495359,-0.057443693113673255,-0.16906589299327232,-0.19146590577478037,0.13684142436689417,0.009057270961150554,-0.1434156892105482,0.034273781981491586,0.044844625359323716,-0.3558792804582659,-0.027225412089668583,-0.163900554603311,-0.06683104883674224,0.046880786242421764,-0.04280755235267782,-0.19270923960327122,-0.12483001652312509,0.04518582836725946,0.0015085633152897313,-0.22030268864079788,0.012400549062462556,0.3930834004771159,0.046361344645347795,0.024543730449989077,0.031148533897013234,-0.2883543394199401,-0.054615422264640404,-0.09456859553056095,0.16892339740554863,-0.2190993744869945,-0.318530390434695,0.15425492556991313,0.7673372272296016,0.01785057499448294,-0.11588876638490753,0.6365720836916018,0.07510558800885604,0.054565750232835
6,0.3641977332590139,-0.3695107980822266,-0.24740064932396338,-0.20301693468051787,0.19326863824692023,-0.07987660027302726,-0.13493487330283133,-0.15247120571511877,0.1449498138032628,0.17988849064117865,-0.3696579224279569,-0.08558945511310619,-0.13833493909118502,-0.33471474755614383,-0.00637163402090261,-0.09121775021578266,0.16816116728143324,-0.02681413655123969,0.2506702755151544,-0.05382353826548527,-0.25174130240061315,0.23717226830777016,-0.41350279284384356,0.02594732865349947,-0.40540181830247535,0.15288808974351611,-0.06806247507770952,0.41074774314426865,-0.04330267328864226,0.03759464937618414,0.01576333940091877,0.3133614521352715,-0.3009409805677303,0.06485562021725569,-0.05430565805241664,-0.05078436586014375,0.0504633635832466,-0.018623874419942087,0.2216892728947617,0.04158842643240868,-0.06527780451957832,-0.06969901028197631,-0.0841293734510844,0.32209350236199336,0.0185777475331745,0.36419748170212096,0.044352546729164416,0.6085260389700267,-0.01376781513767817,0.14094999893114432,-0.20139324152504443,-0.11299793358839542,0.08667248662678637,0.06751601853884417,0.45400679309505243,0.2648309145077269,-0.1959279731827666,0.09801794520013755,0.3640002354464655,0.20513689601928217,-0.21420259018964422,0.49545454545454537,-0.026629067391634734,-0.26919907851149333,-0.026419695019308877,0.11883871482010777,0.41963159470509426,0.25909293349168633,0.2839710213363487,0.21187946843317043,0.09371659939391651,0.015376293550646736,0.2770972263250851,0.3723037570842806,0.2603964571910586,0.10759551969345257,0.5797288728720374,-0.2772451552144692,0.373088812572705,0.22820654145291303,0.005379991480365247,0.11204376917316843,0.12882964254939197,0.2088996763754046,0.19666393077582742,-0.026562442792809362,0.011940342747612822,0.11043623356208238,0.052469082117200895,-0.04721280915029593,-0.19687905434625916,-0.009119465898209281,-0.17780708710048884,-0.014601909667387612,-0.0499355292462783,-0.17239426976352237,0.09168155044651352,0.03136703775375818,-0.013492410056767474,-0.07065270257125267,0.08246547430382609,0.0348368791322806,-0.1100573995507861,-0.011763405008165468,0.009856480412933665,-0.1261340894567468,-0.036688448701390035,-0.0811502193039236,-0.1620665055167302,-0.017571452942375946,-0.1568716945894906,0.19201322429093448,-0.25043501147845415,0.005655206983426412,-0.030467063034282805,0.016043236365805,0.11258445833388862,-0.02807400034756777,0.2630683199610989,0.002253639072929362,0.035546100936303955,-0.19671728760018334,-0.1858771994224604,-0.008929011888905382,0.26840892592241883,-0.15612351759078436,-0.23279608981537017,0.16279773716392107,0.6140521228652751,-0.09690312139862207,-0.07166482910694587,0.1746142638769464,-0.09740194777797588,0.051287568799782114
7,0.4419598456780003,-0.38262123976409684,-0.21970163974848975,-0.017219296997296053,0.22738636192842804,0.043702278451985516,0.07323701446906054,-0.3568158623706079,0.1328264390217123,0.3388291517323773,-0.23521755985895992,-0.001948993635750567,-0.24480988266969334,-0.26190270622883505,0.5247816396128191,-0.047284002634388644,0.19115992936992193,-0.0008023788171993307,0.17682506447412089,-0.0916023640614495,0.008640781458193176,0.3007756118451313,-0.149396907633773,-0.10406368851386441,-0.33222730992987815,0.44596320240965204,0.2746280273076239,0.08627150400272539,-0.004847701981395918,0.06708714646283352,0.007528759116856702,0.2322060706484899,-0.08032109587319546,0.09509161272246519,0.04826643015280872,-0.06892722523734315,-0.12985274431057556,0.12222516675782195,0.178885677075061,-0.06187918074990884,0.299876131980412,0.35108676584595705,0.43189922103491885,0.22311016567491676,-0.07673811954179433,0.36746282683317283,-0.08185120807967644,0.3339621577563273,-0.13387297633872985,0.6940293721541719,-0.15639941978116448,0.07379749166274516,0.08532491196822085,0.025269322686061517,0.49004539176005746,0.4218077599874558,-0.16260419859783054,0.4635512494638065,0.27453057860968877,0.11763893596454898,-0.17030022425668145,0.42345132743362823,0.3762010097769371,-0.248280616791942,0.3073385978809784,0.04490613950681247,0.6269025193503582,0.36924732779097375,0.49435214295477975,0.3206365876317809,0.07359764608246261,0.15991699993792716,0.2528571638079316,0.38959063135740607,0.28125966540137776,0.12912659813566169,0.22195824738544534,-0.10895722316137987,0.3393026801811196,0.18595043268936348,0.32556048151712597,0.3539578250682384,-0.04960150607517235,0.24621947631656363,0.3593451528725012,0.007121151100208669,-0.024443862604545827,-0.05160915156963671,0.1433093875563131,0.14007440934619286,0.32788849646821383,0.16324649406205535,-0.20426517056299118,0.21533564955416784,-0.056077833782674925,0.07178595881392545,0.04129203876116292,-0.08886223667655076,0.2081738988846372,-0.029538601212671434,-0.13774701639768433,0.3485858270384153,0.08377006904583649,0.31766296951551454,0.10742462074319654,0.603241840869695,0.011457947032570833,-0.005131763597102185,-0.0821379840558531,0.025368967224642373,0.01623445959809539,0.35966591265007836,-0.3203292927225139,-0.018208079783436745,-0.03885290028692284,0.17629099914515584,0.18619814224982348,-0.2772485267864196,0.23581199534211156,0.09701731484446209,0.016944122570715092,0.5833360013375599,-0.2459865893350953,0.24084652952493715,0.2443108291512798,0.12323455322521296,-0.17837298533680765,0.16656464621324743,0.35621738614800763,-0.2717063482333326,0.44312140144554696,-0.46638841119709573,-0.12276046854542993,0.044327737449608405
8,-0.07548881384089093,-0.3070134498705927,-0.08815189249167805,0.16493524975096074,0.12463239530467984,0.03374144102503462,0.21431831933843573,-0.4644117218253389,0.0955870915795156,0.27706093189964137,0.07783049345566649,0.04298870322646197,-0.2791577030183848,-0.14390690803042946,0.8741582591026159,-0.02703520835804783,0.27272384519193915,0.024475176077573598,0.030462426269693272,-0.1274746886884275,0.4641645981969778,0.14057766428220203,0.005626163684934888,-0.27586396119930945,-0.14177007985488982,0.3133979648516012,0.4223601589261437,-0.03636518480667685,-0.07737763821147246,0.040742724907905016,0.19048503535297237,0.22316788431121487,0.12446392384183984,0.2184287790612835,0.23838024116288994,-0.2484789714875582,-0.2847263825097813,0.3456778289625775,-0.12840284616117675,0.0496981968007228,0.20723183857365646,0.532733126977031,0.5935874175104024,0.13576910914996979,-0.11911080866507895,0.23573402569269122,-0.27774711469548813,0.11758162328974292,0.08447488584474873,0.9563265567883026,-0.1449383069787433,0.061971888618368484,-0.011348922233223941,-0.045845948666122786,0.09436809511297292,0.5459431677613814,-0.15464406846700757,0.5138559491777185,0.18129377832715304,0.2647660653535696,-0.21275416173451797,0.43563958165728056,0.36877121291433784,-0.09327548806941433,0.40895757005644123,0.05700523250186461,0.49835822580407674,0.5255344418052255,0.49528413256620213,0.29473482247445154,0.15897745419794543,0.2287733548518678,0.2885573077398498,0.3724091648542386,0.19117109517784334,0.1331564791275191,-0.03195254873947548,0.016278947337634568,0.18066079928071216,0.11363925437046886,0.49330262057649515,0.4615087320949782,-0.12493987119458208,0.23428949691085618,0.2802128842055671,0.0287225863142093,-0.041536781887433684,0.00990632047749124,0.10225948409316236,0.2478968695940661,0.6104313824419777,0.6168929380073206,-0.10249718085932974,0.701984985057946,-0.10915484702848437,0.6495496918944542,0.12939388181645456,0.0377684740300354,0.3551619755315919,0.12104017379462395,0.05186131504899887,0.513268293199371,0.13426503618667332,0.49483703048448563,0.5448551165572088,1.1475665147532075,-0.02070358955996871,0.026508070487957773,0.15456541463786277,0.16026513212917068,0.20328457831022584,0.4785105272315992,-0.3312667241807893,-0.017269702653231554,-0.06532670748661513,0.20758794811863304,0.1691898663326092,-0.3539978198018863,0.14668509347767666,0.3544617127656956,-0.011896363104142849,1.0023193850072398,-0.1412463597875829,0.4867544768388339,0.15096423949752208,0.4663232477616447,0.1519866688602193,0.06025036491931421,-0.06383420303605314,-0.18328715396120931,0.6556903099350729,-0.6558230629597784,-0.001970396210575584,0.024406481048749026
9,-0.5110768659081718,-0.26615469472612324,-0.02753462376196936,0.1530382809164651,0.1471270471886697,0.04803775085724114,0.11633634462479156,-0.4682606793993293,0.12312773919647188,0.2701314217443247,0.3858018423821744,0.15734197910604927,-0.30726946376486425,-0.1169021786053471,0.6665485275933498,-0.1897209757055376,0.41725158509227783,-0.007987078030029083,-0.10022214845645125,-0.18893426584653666,0.4994139954813038,0.2819008041619744,-0.017495750020237958,-0.3523087508389511,0.09903333554538003,0.21301487135731895,0.1320364934397326,0.1518480667688641,-0.17967677037630916,-0.04287457956622828,0.2948722711343908,0.1267605633802818,0.36506590005812395,0.13443342536437897,0.6033743847367316,-0.2591926427577148,-0.18421383508250305,0.3884738346687115,-0.3830802706394334,0.07038083263937647,-0.22078672237518537,0.4496058670077015,0.7280891030740789,0.058968388574275714,-0.24241805602812755,0.43683150022698125,-0.05483108302921964,-0.0027323104683885263,0.6908814169088141,0.7964257465956949,-0.14668433588223714,0.07928064324733505,-0.14165353269626244,0.2846723188880006,0.05596710001374024,0.3503318988797326,-0.1319997231259085,0.5494485626468992,0.4721290246630173,0.4660615875167904,-0.14647607346029556,0.4693483507642799,0.1777916617416119,0.04831088466259736,0.5545474799485097,0.16154139597911554,0.2898602651379435,0.5311386579572445,0.33554111316839164,0.282970472997536,0.06341242596853895,0.3217050482836898,0.29859273552352866,0.08510271987182415,0.2620835090679039,0.7452838878449575,-0.19035082790891794,0.07243341892990625,0.0778193345661332,0.31483863065711315,0.5022955682122966,0.4543225681779754,0.07200575852271732,0.22416887319799947,0.17962288873266904,-0.03470874675063152,-0.08819649940965198,0.045107319909788876,0.2890278478370528,0.3153550242106841,0.628090312815338,0.820716133131673,0.047644473488123895,0.6604873782161857,-0.07799789004806004,1.0286906830989626,0.13842295268858093,-0.06362439020800977,0.39479546749757605,0.5203138679031158,-0.12489084381771724,0.5119449046895594,0.32488977622493964,0.5038318249863908,0.8393430411884433,1.3488040163316535,-0.04423330221614079,0.08409153284898331,0.3500232028203547,0.9316115556332253,0.3359825470137721,0.43883765442839745,-0.2652619573323195,-0.037510141006011605,-0.03434200017747797,0.23772049154953986,0.1896464410890627,-0.4929617517417887,0.1683749856040539,0.40898623186621036,-0.032724103928268494,1.0750313935163944,-0.0487421383647799,0.5691184450693109,0.1572767730328566,0.6084552753483721,0.4918723564593936,-0.03176984185708612,-0.3361598671726755,0.039599833263859935,0.8766139899546737,-0.6586892137193083,0.27505948160746074,-0.019689262022520228
10,-0.6088396340863634,-0.1564767279052993,-0.05379525746928049,0.0537071296428064,0.1086005721356894,0.17358729885737015,0.012515790702858602,-0.40877678961947805,0.20195254956859088,0.2547590601354039,0.5866547287193784,0.15133797027553786,-0.24999010149269488,-0.11987605644611993,0.4464948136946816,-0.1845258305073653,0.4781417502937684,0.026205797055846445,0.012230932257487743,-0.058991159855105876,0.16514632287734912,0.48016559074975806,0.04458431150327866,-0.2738800268464309,0.33576658482093474,0.04895465295394264,0.4948089571312583,0.3315448816215296,-0.22277157895518282,-0.004324461651469394,0.9694267989152643,0.2894479174512314,0.17448198941200485,0.055457946871041996,0.8594999356808689,0.17580587140466367,0.30178171248530045,0.4741786155294808,-0.4141307455290494,0.38067479820823064,-0.09999935819678979,0.38600134678610426,0.7852666281285948,0.05230881267906582,-0.22295565385051613,0.789568416944752,0.30108492392351993,-0.06963034351242858,1.3648125086481249,0.9891938690438019,-0.04438495012625147,0.008204267856046745,-0.10696813278883498,0.42383790522657905,-0.025053455245846186,-0.006916737808596171,-0.0854749873923405,0.5058086152559015,0.8654423450467951,0.4666892629834671,-0.03654534829709764,0.4419147224456958,-0.08059641005724326,0.11997847618086736,0.6142068521635805,0.4751498864108681,0.39082078893508015,0.45171466745843203,0.0962061809551029,0.25136325079775407,0.08277691853081333,0.4477126211526012,0.2746250332593769,0.00144408644842566,0.13195557430057644,0.7923298699384693,-0.30970134279362066,0.13239001620290472,0.017847790924553467,0.6188282291534176,0.7126989886878183,0.16379622696200394,0.27324259507272536,0.18399529273315685,0.36681671126291404,0.00648043056420017,-0.036769537058535764,0.21162185153805937,0.6707832530309094,0.1560305536466108,0.15355160732305026,1.154663993771199,0.3697238238306047,0.6097086906873344,-0.14242175594889223,0.9546926844683206,0.1311115333460006,-0.036326311374689974,0.5438558835937325,0.863493401640673,-0.10726414178983798,0.8742886786759763,0.34976291489892686,0.5078507757212847,0.8252848360225771,1.3516356525964954,-0.03515390222381352,0.09615713242642834,0.4783659673498224,1.0524022918200995,0.6283451905884518,0.5413259091700018,-0.17004196581321562,-0.05448407669035576,-0.10780311769751831,0.17468639150722368,0.17960139664432218,-0.5492993348815899,0.2389471124931218,0.3865729908130343,-0.07852085269634268,0.9888014969282385,0.04467978366737632,0.47572394060480483,0.10302054729665744,0.8827186701008557,0.6169579315505409,-0.0947983022002785,-0.4192510673624288,0.2642032219307063,0.8937155457552369,-0.4510724180758576,0.5704014301683755,-0.06117927113418363
11,-0.539602391335235,-0.07357121642835926,0.031438786832696325,0.09213035434751685,0.02167803089131943,0.10242822285044768,0.021592127472107335,-0.26834815570782905,0.2999917652548655,0.391796097172441,0.32695822333807156,0.16436205096941658,-0.21033008222360067,-0.08692357133949205,0.48170025754318,-0.12296131457626847,0.42824826095426016,0.049595401792503505,0.346577126369277,0.08078547848162237,0.03849804590888635,0.3310704712357446,-0.021796324779405785,-0.23415912841964862,0.5863030061716106,-0.055322365444852445,0.5168126372227322,0.5005961505706013,-0.2784496262147093,-0.061155509408327424,1.1488539693153534,0.3615651126007381,-0.14161836090296448,0.12591131164669445,0.9650510152267082,0.37119351861989125,0.6175937636364982,0.46363467209463605,-0.3765286998507037,0.5362844188995751,0.5217475017810038,0.263885194972753,0.6252954744475414,0.12944490758041793,-0.005421345128728746,0.48907702232381084,0.43375538548986337,-0.17225859037385985,1.426525529265255,1.3934350883943651,0.07980695188123413,-0.09581193608445698,-0.019844501602441937,0.30757665497289166,0.23849838368692916,-0.11123403662212314,-0.02204115535603048,0.41828056480230835,0.9782212019542058,0.5716366010118129,0.5468716442659715,0.4386162510056314,-0.10592526299792306,0.13726479342178288,0.5869764333102286,0.8823341854890594,0.2535399989202083,0.5818735154394297,0.026804021224510005,0.181231570868845,0.05549058810215387,0.4755123214301548,0.2089862122859614,-0.002491136963342778,0.009531843104175415,0.7678742492907407,-0.05270043582602263,0.16456184888597705,0.07448243260153219,0.8328410520216512,0.8670305917990626,0.16681562356578666,0.40973065755823396,0.09646954986760815,0.5697633761138325,-0.09612638670230295,-0.15829722906981905,0.2708596118572151,0.8415925971021551,-0.022725657006090295,-0.030695906011244074,1.1640608918998738,0.5533763941298121,0.4144658519400372,-0.1542374868128003,0.680886922631274,0.09412882386471602,-0.1194714032389795,0.5111795312072115,1.1351447748127492,-0.06412723568032608,0.5232731103335467,0.31640462523916474,0.5938010342950464,0.8207736209320381,1.4363934137671093,-0.08515454161817926,0.12707199486305812,0.5741555212323122,0.8744408799457416,1.0158869073291654,0.4764659822516098,0.029025135621225568,-0.09024931136184654,-0.12277043215902027,0.1487428680160518,0.1396710955928409,-0.160592129168839,0.06843512866776709,0.2953190808108176,-0.10374616055975903,0.9745009942762423,0.20270782859799824,0.3006166444674659,0.1262822333743646,0.7489362505071088,0.6697624063980977,-0.04851913387998351,0.2861346655597723,0.3585807812078562,0.8371922087467845,0.48705455240278944,1.040251758350261,-0.08693400936719324
12,-0.35976042930369306,-0.05146590860876563,0.28389429992191667,0.14785826099331173,0.0007865613242287599,-0.1760094305482402,0.04616723813972242,-0.09386207902026523,0.47493435078184326,0.479848665870171,-0.014750133840388396,0.15383194317436572,-0.2160052264118571,-0.12644736715879545,0.36450629681260804,0.04704674403478696,0.4296307002054808,0.038477473083599195,0.4744529275081069,0.23089735999759184,-0.05753539422729839,0.32472599806493563,-0.1122095847162632,-0.2065106815869788,0.7672926759130222,-0.021193258928827202,0.6999524374600643,0.35326179526486123,-0.21519936452788707,-0.05259495313785799,1.2551605433584703,0.4487459516457031,-0.20451796346042084,0.02498847179822454,0.9262564234500784,0.738938329918513,0.5791342164237061,0.406235022807621,-0.23711921476446124,0.9614758693510552,0.815918003221852,0.24464539348223427,0.8460499430514139,0.2725060127825527,0.20294884881478942,0.08616529017768268,0.43321992569465617,0.010903610443270059,0.6970388819703887,1.5336155112336733,0.8619831306745935,-0.041798801072079,0.019528114508692084,0.5565422321994377,0.4716524480935698,-0.12155687579490218,0.5780834379851476,0.5459389324343006,1.0003531696980401,0.5144553659975646,0.774274911720783,0.31950925181013673,-0.02196855845054969,-0.08301804301400723,0.6399210317853253,0.8756440987741483,0.055496385151882606,0.583692102137767,-0.0030817789817704786,0.14805913479016036,0.006576382863681459,0.5237516737459097,0.23546800919320615,0.15938006176895325,0.564065795023197,0.7706145683652038,0.21529644998434888,0.2983966728475581,0.10882471532055102,0.813526665630285,0.6395563479166336,0.15546269233556376,0.4731297778608331,0.0804060017652252,0.6809166093111074,-0.09237359499139604,-0.11250203781190858,0.3256282256798193,1.159511923605434,0.06250543061841891,-0.09326798327807406,0.9975568064865445,0.6794507556890858,0.7126266430185378,-0.18267495018169028,0.5862168852372677,0.09273038191145745,-0.11638105469181126,0.6079503822726161,1.0955221944813722,-0.21502555063229736,0.25107856163549636,0.2726062723567091,0.6228055253130105,0.7249627562475086,1.2106278196783413,-0.1007557641402064,0.2963010910823309,0.6626032871816538,0.44873987342562166,1.3523007541465495,0.46302418653210375,0.2052815511266432,-0.09412160179788309,-0.15663915757091723,0.11929192782957644,0.11634926769460395,0.6217514258179693,0.15308329174504448,0.3722876283835375,-0.12789231086752126,0.37452020390666996,0.5493845287913272,0.55343100981698,0.145456553987943,0.7494079797722492,0.5888309248478222,0.11053187410451827,0.793168880455408,0.641787019101096,0.7634203111601129,0.6272272379860511,1.5366785122421196,-0.0964491411164645
13,-0.09751139381619078,-0.10505324791039077,0.46196523240044374,0.20922157392913063,-0.03473394688456571,-0.14286635637583178,0.12488190146601397,0.07397579822131507,0.4764898026406082,0.7444046196734364,-0.09865421181856777,0.19609092840450396,-0.24675658910636278,-0.031810899741944045,0.2606226716757636,0.1993013143308284,0.44345509271768707,0.014406108567622566,0.6421622449761253,0.21133063747378567,0.05641240457930232,0.7222072422161243,-0.02240346474540593,-0.1274065756870956,0.6152808193421373,0.08085047901002669,0.44897596410229323,0.7701413728495999,-0.17039709583305485,0.03615868509855691,1.2685339970528868,0.4858401747382691,-0.1748904283896509,0.10892545485322715,0.6997853772147786,0.8999562068911582,0.6556095468429891,0.37838096902787094,-0.06137829166799035,0.9839002008392798,0.6651584291224623,0.20882541011900377,1.4110142571786697,0.2862563601345329,0.3321084269025744,0.1097394891725935,0.3430155448097471,0.49451743706202306,0.3059360730593607,1.4567647876183758,1.2758815207464047,-0.07715285308018088,0.12961910509324653,0.6285687067955052,0.5350032422685751,-0.04934055786887811,1.4290757349523875,0.4707123131299165,1.2565189240096537,0.4854567594371006,0.6594494972954346,0.4847948511665324,0.16958511338883167,-0.18199398005683626,0.6714216754134071,0.8554599648129907,0.05412210480850887,0.8073040380047505,0.11155294322319277,0.1531587025891666,-0.04032592704364556,0.4243466848746573,0.2085252949347279,0.5504428883134406,1.5998594123435963,0.7725028554585311,0.9770689696687564,0.4269085208561215,0.19373033197539954,1.0569350424209876,0.9944149062051337,0.09151187226744605,0.5365981111768632,0.0796852015298618,0.757435672826715,-0.11177827408193895,-0.10407908192250874,0.36195082558422453,1.6944217355760034,0.8011485264263764,-0.20994305895920437,0.8825119251111967,0.8542175539820613,0.994120362496659,-0.15920759582698404,0.6024121767525149,0.09615048451453562,-0.30113974997608656,0.8705453953357559,0.9014947634642199,-0.23849412982308618,0.10831140919702067,0.2507694867315531,0.6777311853565596,0.793942382341216,0.7457037572752007,-0.17134490210872252,0.34357959929781323,1.134105375435486,0.34650672192333115,1.4151951526926922,0.8544022968505308,0.3775899632981912,-0.09522627360939045,-0.14174579229153728,0.11910732695087621,0.14879992537015077,0.6848507828175111,0.4204000153556759,0.4953449422428019,-0.10173622961235325,0.3517888079001387,0.9227357266965224,0.7054906023383158,0.1912697661206323,0.7283688545469983,0.7526309365231832,0.13350329268210653,0.9568311195445919,0.7035529509844787,0.7426926375107191,0.690491544855259,1.7617734435827284,0.02359954408061293
14,0.3327212914084615,-0.05065976494547915,0.42177290099864384,0.3685498790379964,-0.20452097413365528,0.04853937576363431,0.21256674557594918,0.09287068085726784,0.2407473488695525,0.9724810832337709,-0.008196569993908021,0.18791623945834612,-0.11236785492747686,0.05937203211788082,0.5149367168363933,0.4703079043929656,0.7259125670011751,-0.06803438167010195,0.7925593034241503,0.2060626737173763,0.015369806729916627,0.613716750995289,0.07817938962195423,-0.020020852416389845,0.6638131262857521,0.09344847134815672,0.07664294945399167,0.6964741951967299,-0.15955843596653374,0.08597559965315946,1.3439454164964026,0.5624764630564134,-0.27410968157468946,0.3739281690880757,0.5298474621024908,0.8566714109201242,0.6088664048459032,0.9597074760505883,0.06695308281185458,1.0976546979518749,0.5729313078024015,0.2847094507036674,1.6820780796593384,0.22186448960818694,0.47392537144153324,0.28774062009700474,0.5364812877396182,1.1600118929836527,0.655389511553895,1.0212060967528165,1.362959116061675,-0.06851893528653562,0.2691223773560586,0.6522185728072101,0.5809012301335715,-0.10004007178075512,1.5966834439181639,0.5507956934355736,1.3033727706162812,0.7675968817082816,0.44917764225815,0.4837087691069991,0.2383445061717971,-0.15885587448922964,0.7312667095752055,0.757243798147273,0.10811168972676355,0.8961178741092634,0.06215749381780202,0.13265944985256686,0.08063927974147148,0.4897447038689023,0.28725835884091855,0.5568024904342448,1.945705047096865,0.7352437272023873,1.0899182123909434,0.4269670150973635,0.261766055364765,1.404452672687102,1.2589022293043874,0.3806492910456776,0.5965365808079234,0.09554280670785519,0.560451532405584,-0.09859773734119287,-0.11203272355414144,0.3318401667561072,1.9004539841018595,2.0837223630891724,0.010928715583104993,0.8473406778295851,1.4947502221443005,0.7144245487013775,-0.19083343101629352,0.7346737241270345,0.06825764772943199,-0.21718528111134816,0.9741253617342518,1.0208164456405433,-0.1770634561273004,0.7633357860133713,0.25517843773396554,0.663484111322809,0.8082890954489186,0.9353085909548353,-0.12620365989334897,0.3900295684865182,1.5933480630839665,0.5044958453479128,1.494671563105861,0.8380894379676355,0.5182851043296436,-0.09269621881529287,-0.15202472860650162,0.11467690586207181,0.1663745885363221,0.776671880183895,0.869361587776882,0.5606450580034975,-0.11986607654734346,0.9763863839293657,1.0322785894329833,0.7491194317004587,0.1792601710696587,0.6388818129499116,1.0292043241292568,0.1527414353268803,0.961130218216319,0.6416398989775152,0.7999509984074483,0.696373125059711,1.6419837931649437,-0.041173958799143304
15,0.6134955244434243,-0.011667868810725806,0.40180002465787185,0.41835776291447296,-0.19865933878749317,0.40290154177998017,0.19165401641171506,0.2099139816299753,-0.013477532870357656,0.7315013938669851,0.18541047462570853,0.13434200681685934,0.15258219060565675,0.3047169539816387,0.5018626593893,0.6830634175874072,0.7292429888336612,-0.13741654998085842,0.8457217271404132,0.1965301678724451,0.06688472867767983,0.27143242343013935,-0.0467902533797457,0.003448668864471845,0.6390824429844936,0.28470890048158676,-0.09227613177225709,0.608329075114972,-0.14641841681328543,0.028868404919834573,1.048243495919858,0.8262785267756271,-0.24630441271187786,0.6048424284521859,0.6361432894834836,0.8199946822653547,0.5891928672332055,1.6260057625188185,0.07290905625615438,1.2631157846611045,0.845793942661301,0.552482217330534,1.4637847057274822,0.4560515901534097,0.3991153453555629,0.29753665549016023,0.7631867271873534,1.2283452861236566,1.8156219731562193,1.4315932362812376,1.1665084794326748,0.11451193813040897,0.2637906689243426,0.6484909231731412,0.7530427907133711,0.21574298308273956,1.4274441554845787,0.5870264214888631,1.6798516687268237,1.7393640392171632,0.37895383508892866,0.3779967819790828,0.31277756201347495,0.009870688930367131,0.7386003564709377,0.8948887737498079,0.27189645779241506,1.14396526128266,0.10123892485678411,0.139021286908753,-0.03542193217397867,0.6009435049791166,0.21235928926544434,0.36896584436894114,2.048277801209054,0.8242465273939792,0.9576855471101448,0.32840421860467833,0.4455737385815385,1.4966435365112565,1.3203698152501457,0.5317398970989637,0.49721590653474645,0.0828331862312444,0.38076607397210843,-0.12422655878153264,-0.1274953933100486,0.37375351362917136,1.6129307195908924,2.16160730507042,0.3396010523280956,0.8885975353278622,2.000043831162363,0.5991156247722246,-0.17533700621263631,0.6674566808869228,0.07038571157134725,-0.22689780511673413,1.1230377535840368,1.0470801854673972,-0.09070878747695589,1.4708192833586542,0.6820564012977288,0.7275746801850845,0.8031221804905687,1.5818782932121087,-0.22933797107379883,0.30256691747233455,1.7223488180414048,1.2022776730619595,1.4914891567879465,0.7002784061249349,0.6163125648861658,-0.11065604439592859,-0.15171414204158903,0.1127456966695161,0.25941202340178837,0.841635464555982,0.9274572280445825,0.667939213319869,-0.12848584752313108,1.508030692720618,1.330806597655581,0.7450545113709242,0.18090142978884574,0.49179662807921265,1.2578556606927735,0.34858707277533746,0.9951894568311195,0.6045165877939337,0.9034668626730371,0.6263017101366195,1.3158027515952382,-0.07773829016780937
16,0.2626097030503733,0.059739488310916855,0.21242756750092462,0.41209620037000155,-0.05607631147828427,0.4424224183336736,0.3819916986019255,0.29080040822277303,-0.0962824700575517,0.6344086021505372,0.21157857815355643,-0.0025493945188018122,0.35124523221898135,0.3824215040147353,0.30937472926462384,0.6545923856352189,0.8965809763791402,-0.1285536728497036,0.8366315144396494,0.14294745080725277,0.1950035873280423,0.24002728123463427,-0.07385857686391957,0.07714971950545149,0.36213418275930714,0.47911882769954917,0.4297107332798456,0.9949753023335037,-0.1351343325686881,0.09762900206005647,0.7018958108894583,0.9656172328086164,0.20590037230783728,0.7083919471862434,0.8968727361358422,1.1595867807372877,0.6925159200337262,1.6646856833546655,0.0750532066961022,1.1131122468418162,0.984744337691177,0.7934890248250026,1.2753106416588922,0.5413324901064573,0.2697742996484065,0.5812234690708102,0.7371551432972789,1.1077750380626743,2.0162584751625845,1.446450330276406,0.37819881449114423,0.19066227468952676,0.3839005841443195,0.6187525627591234,0.8540955034917661,0.3445824694670454,0.6301456555488535,0.6330770239753829,1.7248808052269116,1.9621260623407277,0.3520829899558979,0.4193081255028157,0.8325593961601457,0.4945938219912896,0.7004468264184572,0.7905518894512988,0.5541147425923837,1.216152019002375,0.3905906328830786,0.15573373187381342,-0.04422397424773975,0.4761330483901002,0.20332949933900252,0.31868633809893576,1.653957542527766,0.6597122434692898,0.9874629788668526,0.23434547868762315,0.640597120068221,1.4547642938236363,1.2545161951942947,0.8697311529263991,0.5018185719278936,0.054839658723153994,0.4223197164488382,-0.07974224728151438,-0.026938638395834342,0.36907730243007697,1.202996990833348,1.4347338404543548,0.6842655326510018,1.143387716016789,2.129345760131972,0.6000874656818677,-0.21425389755011137,0.458892926739348,0.04867946038381164,-0.1961414790996784,1.2983724734111446,1.1797607081482442,-0.08795966881205732,1.7567241370183526,1.2606272356709092,0.6899794161676649,0.771281394909671,1.7088810062257735,-0.1933400682873182,0.28666932489604435,1.7430582009849076,1.3974235747899786,1.6825591571648104,0.6721332869323128,0.6668177630905555,-0.12569383486225447,-0.185982193036945,0.0632868612454595,0.2671748604022015,0.9561116640599079,0.7889362355560674,0.6460493583901876,-0.14801859928047176,1.5493669715306166,1.5035484423561656,0.7415026392383209,0.1861723952908499,0.7051126017755888,1.3282793170975047,0.4337124906668101,1.0706089895635675,0.4477846161390774,0.86438809261301,0.6733244960351579,1.3535143082082446,-0.11867353011387895
17,-0.07876760986699026,0.2579659722516866,-0.16948177372292778,0.7937668991034583,0.03490428500573658,0.47370231428233606,1.2002951136399822,0.20139962093599653,-0.10081157988160266,0.6327359617682196,0.4553526924994001,-0.14641468303451832,0.30518417822592364,0.43355301656737755,0.27913112649544397,0.3823995025750739,1.106774580712459,-0.06918812898895038,0.5275132140030129,0.18353585727330202,0.6172387823583676,0.39340492013894374,0.20254189265765418,0.11188967636543216,0.1391598646227354,0.4555834874678605,1.0473031078997057,1.3743825583375915,-0.057222185103523886,0.3923882847406705,0.5233973525514815,0.91741357234315,0.7246807106838209,0.9058598287405369,1.0360051726122368,1.392394075417989,0.7775706879081705,1.3968018584405115,0.12091420221721018,1.1564913541139397,1.098824858321941,0.8050329057193139,0.988278321190025,0.32995084370598193,0.09493024838380383,0.8805998677933436,0.6789135932647397,1.0001230308653686,2.147225681472257,1.3414352594112746,-0.14928099425153568,0.3702968676473596,0.4742466764707607,0.5981262347839413,0.8653048335113163,0.5243828074638048,0.28118541664606583,0.6117001854077374,1.7385367002177885,2.1241918678366534,0.5515665502929323,0.3677795655671761,0.9591023454517823,0.8394121306899395,0.6600034656896723,0.8080315202723861,0.9860314219384225,1.1782957244655579,1.1554434406571146,0.12619663125580635,-0.09992832622882797,0.7505387023259525,0.18428523241757444,0.5913411030571767,0.723435962322508,0.7402638075236724,0.6892472168936762,0.435741151283656,0.7756953037739431,1.371288458005342,1.2406639004149376,0.7364549868354309,0.3591359447403298,0.04385113268608415,1.015811731450844,-0.07974224728151438,-0.05633253138230322,0.37306329795402837,1.3226678958445668,0.7557288087395433,0.7433238431598674,1.443775226196762,2.2757816889342255,0.8871206783449547,-0.19728050638846553,0.23459472270500878,0.01759452783583525,-0.15295017916663592,1.4319643557614734,1.2847508187153465,-0.07071703483295061,1.8772583624919932,1.6409200565676731,0.7006328252585737,0.7479909356050277,1.8067255187825493,-0.17115308379902544,0.45113432171134743,1.8024851259532202,1.37828346502561,2.010012017771227,0.8932921524273535,0.5482606851979118,-0.10849421353900024,-0.18389682610110333,0.061881054553819655,0.25093287311592954,1.0147874306839186,0.7753720552292473,0.6783145735326717,-0.1428386430133317,1.4775798711531831,1.5867227075838777,0.6869814020028612,0.17820282170249013,0.8316303906861773,1.3120399509634824,0.6059140472074425,0.8502060602466796,0.29110168452541496,0.8599289476908,0.7469785994076618,1.2817014132046995,-0.14471405852310368
18,-0.3779577472485437,0.5357461071746787,-0.2574281839477253,1.1816422370855273,0.19978156640932263,0.5859946326135016,1.4375537414677124,0.09362880886426593,-0.039508477212630316,0.7317801672640378,0.7909690044121176,-0.16673594369163414,0.22437936359197028,0.4162373730106198,0.5120226196945713,0.27591947934009375,1.252998950602932,-0.012287408945737361,0.47343155529453795,0.47016325670536535,0.6670603072178826,0.5301283169698795,0.8971606087590059,0.21640502652984536,0.3096644324993916,0.5753789418831705,1.1640475241055601,1.5476920456481007,0.1004951634336283,0.5864091504062122,0.9423084067015861,0.9891541763952699,0.8131548769184846,1.1042032699233597,1.2758139755316484,1.4634014733253042,0.6334213465279166,1.2358798554295671,0.26401639083891854,1.642696580289448,1.0943643260103584,0.8014112960269809,1.8463418403264666,0.29947969068905034,0.08939548599296798,1.0496810315304912,0.720555889645855,0.8856530632122337,2.1365711913657113,1.45660445926591,-0.24759585250980468,0.4128935900321213,0.7396602940056366,0.6765725504164612,0.8998970670125084,0.8383364984232626,0.4130467027262209,0.6507315274690602,1.8057566660780504,2.4132364202412786,0.7169870690301026,0.4104987932421559,0.7667381503182992,1.1048277253695205,0.7115865432221012,0.6398968303223196,1.764021340610475,1.245880344418052,1.7281821231966,0.1259946681746576,-0.07817470796081832,1.4117015899477698,0.13203396541862814,0.6511424445467291,0.3033600449880501,0.6884510519140782,0.18242890738496373,0.8333265090051882,1.0724478493203378,1.413356133730927,1.2928229967025857,0.4109036450155801,0.3214494589272674,0.04402765519270375,1.4683746968129938,-0.07479954600373453,-0.11973935768168624,0.42465691967097435,1.68385486423962,0.5179664605006437,0.7296742107539282,1.856791272518995,2.3299330977076305,0.903496197672441,-0.17533700621263631,0.47034813293305955,0.03820634619038583,-0.13911719043169213,1.465380829379852,1.9126163224279362,-0.14035463630777195,1.8964210281140652,1.6983612012311786,0.6882357444202504,0.7803562810801741,1.9153608614296702,-0.16156216831417272,0.9241265386228648,1.8640938086563836,1.4520144965526995,2.0771775405861486,1.1302853662780583,0.8539823655851085,-0.1279388130598339,-0.1930221551749637,0.08106534587104634,0.27663685914948616,1.017094017094017,0.9163243630593623,0.7033447452033202,-0.1413817803131986,1.587892952555771,1.8850059956439809,0.7044250406985347,0.1248303506612378,1.055701791627749,1.3402200274901686,1.0660823473224676,1.066717564041746,0.4599220263345021,0.8797010902854343,0.7561741664278203,1.4448571788971876,-0.13171901109874556
19,-0.45998229450145905,0.502142644999788,-0.16138577240784122,1.181471467197951,0.31796616283322415,0.6119358063441219,1.4363860256260548,0.03787724158040539,0.15743917725746387,0.9513739545997607,1.3065314109546051,-0.10761954905275219,0.18224471749660157,0.3892326435855376,0.6154336885381475,0.5661521973009788,1.4073294415573805,0.07723289438492137,0.5296580956515077,0.6039193650347686,0.9409450047014053,0.6841404031912699,1.1282785558164012,0.2886708906176789,0.875594487579357,0.7620010192921071,1.3210039058934313,0.9149207971384774,0.06411883922407094,0.7112275837691855,1.3529229664301543,0.9872712209083377,0.9584020610459176,1.2993946964434773,1.4725628127094605,1.4312995605048713,0.9642474132256468,0.7605002452735506,0.2960992344588797,1.5427123644062724,0.8784296359050389,1.0198396305958113,1.7311855035800339,0.5916865495731162,0.12310309629125538,1.8587698409537992,0.6944419273257492,0.4394611248096869,2.0742355057423545,1.5143761089377714,0.010323955516555832,0.46158724962661357,0.998980530475694,0.6292314000637841,0.9503752112295788,0.8270989772984652,1.1680230201030366,0.6120192426997918,1.907704985578904,2.3674788787205467,0.89089837526284,0.3893805309734512,0.5503284307931307,1.1432679211017507,0.6913184473710269,0.7016164388241389,1.979047132907634,1.2593527315914486,1.6769848272091255,0.14169729773397421,-0.10621549913865731,1.6405281499676332,0.16693797938023383,0.859849829063733,0.25319836918318583,0.7646964002800187,0.06636915989116397,1.2394520259480453,1.2591753217561372,1.4024270175289832,1.2331540002839878,0.5380202420348318,0.5870197914611902,0.04323330391291554,1.7466258368697483,-0.10116061948522687,-0.14364968407740217,0.4244843657521885,1.8092223130576963,0.3200944730127886,0.745576257748306,1.8912913127914155,2.3302120232863017,0.8305109453582445,-0.19390458328449184,0.7805603834202351,0.021987459623788834,-0.23329924139301134,1.4879545269515144,3.262442852047599,-0.17019065946505382,1.7930908532679755,2.004200981615506,0.6844294365813829,0.7371325457940789,1.9959859642678113,-0.26885254287139215,1.0376881689805344,1.8463280671011713,1.360932539434867,2.0940107950572204,1.2525665564642423,1.255625904750764,-0.15821632324835272,-0.21111012512201616,0.053943216769711776,0.25263203486280106,1.0251512709923059,0.9410853903540762,0.807621733454841,-0.15715097009519519,1.4897103970346026,2.042728140371485,0.6513245523161167,0.08605561342044629,1.1022614700970819,1.2875216922905464,1.6254347080309157,0.9588694852941178,0.6040261873819973,0.8259953448487077,0.9032733830132793,1.5985306846800607,-0.1230612498781189
20,-0.4609659333092888,0.6797488226059656,0.20987958739160817,1.0981926853564825,0.3474747373536471,0.6438964789514606,1.7514039129096288,-0.0007872867764979523,0.34779903561984743,1.0382317801672638,1.440002584504052,-0.00042489908646699775,0.20557219971228352,0.35469728801527234,0.9038505461963159,1.1283732650464904,2.066375935502925,0.18384963525851786,0.726782932870311,0.8250233295537784,0.9313639422284217,0.8161054451440986,1.7373917267060635,0.2615289802155311,1.246997146459619,0.9010943074253709,1.2413006192738785,1.8223471299608247,-0.022553321009925412,0.9417550797236321,1.3514370271307747,0.9686299615877081,1.0124730980096452,1.7808357508507526,1.6224602406212554,1.5271751880757618,0.9479021056602099,0.5706528787220966,0.24861027286299647,1.583043504291647,1.1295351419347799,1.998636237600231,2.235652676583543,1.1802205804850467,0.20988998525575575,2.0254617277657876,0.6340997273273966,0.20498480056184112,2.0561090355610903,1.3123089420466452,0.8561630343296142,0.3690283773554023,0.8291861234964292,0.6065341556252303,0.9407086707180956,1.0883060090248622,1.219739145052359,0.5787663827056768,1.8841603390429102,2.279855383572478,1.2600977938936253,0.42666934835076403,0.2270309518582934,1.1042559989238092,0.6837063075552035,0.7501551530748776,1.6599686860407477,1.2601321258907359,1.9589427509848019,0.13286141293371562,-0.07176179159279239,1.7505741724379493,0.214580072866843,1.1498617401417381,1.2946717278222972,0.698353045208356,0.01604449759613465,1.8489035254479194,1.5392433574795266,1.4110478290158615,1.2491519808150449,0.7288461073938984,0.8037949495264096,0.015813474551338663,1.6715053901956958,-0.09649251272287923,-0.11714577888876249,0.41080083999247674,1.8575777078151363,1.1634793873472513,0.7634153812887415,1.7874779620365313,2.331447265134701,0.6626254282174006,-0.1500175829328332,1.1282983093695689,0.005874976249287632,-0.20349945183103144,1.3536595294309206,3.3191206510813522,-0.16287315243054432,1.7903382051675674,1.8728891107229018,0.6439422291780077,0.7580362575798908,1.8480138367523429,-0.2275476668499596,1.231618084935607,1.9233475782489144,1.5556623518201826,2.0060758836411754,1.1897511745258398,1.3792715202737282,-0.1618629280454792,-0.21142071168692866,0.032856116395113995,0.215766888335088,1.06505837559442,0.9294406695074666,0.7264660968941652,-0.18036634701120577,1.3417962427385826,2.238137190123094,0.6423264762468551,0.08439857336742079,1.0445689809704415,1.3496929910683484,1.7717051317409174,0.9815138757115752,0.6298212490498489,0.7460247458042387,0.853085888984427,1.77564886060643,-0.1396538912854169
21,-0.3957725389903494,0.9401756544613687,0.7092425923642788,1.3257150989042268,0.21761696968482447,0.684062301813374,1.538136537828685,-0.04306750255139222,0.4985406201678058,1.1366786140979683,1.1056323727593274,0.03615337009634127,0.11434095738362667,0.6479600157327732,0.9201537383140771,1.1876879149468826,2.1989644273245403,0.3753192471274311,0.7234634731762121,1.0641888840947633,1.0137165164148112,0.9978746014877786,1.6698474054885457,0.1764730712570123,1.364456831906563,1.2647181771850353,1.4792574478613671,1.7154658490887416,-0.0758186528882058,1.2359620684513124,1.51290909766336,0.9827521277397004,1.051149127354415,1.8871286897542017,1.9923968016465696,1.5105572673100076,1.0055174658116812,0.5692996453400845,0.42308058829135026,1.6444927039280681,0.8996412320054423,2.631512531335412,1.9136499178681199,1.5425206734316457,0.4129522513326527,1.8004714839798983,0.6618200690331244,0.9045690587626173,2.231008717310087,1.3913508198123092,1.373882989201482,0.25347300366225417,0.8312953707880971,0.621486172490774,0.9790614536452014,1.0896998100946043,1.5869928507154225,0.5896497814457549,1.9453175584201545,2.4707314929888655,1.6178596223097943,0.3367256637168141,0.4693098731868761,1.1387613714708504,0.6900497574017229,0.7262701200799394,2.0141894445453343,1.317176365795724,1.741416375678799,0.09524578906975799,-0.1708476366517032,1.8040897039132398,0.12197758684625679,1.2157767322888593,2.0423168845775344,0.6953824472200726,0.7312646980921577,2.4348988342097715,1.874462967340072,1.4590982536968207,1.2594702049445434,0.9394792144737796,0.7702612445191943,0.005810532509561719,1.5870730998133948,-0.21182220920440817,-0.01567509620942271,0.390422222183877,1.9504183263467325,2.415404788423106,0.8681076113593773,1.7824662830345712,2.340333037140933,0.7769625112369104,-0.10320009377564177,2.006135777110655,-0.015846475394261674,-0.23646316966749312,1.339523213902437,2.961414999513635,-0.10756735340729004,1.9935048091938445,1.7966059396056901,0.5853165827436037,0.7484630395098515,1.8622868141413447,-0.20363431757439343,1.919667962985019,1.8991058256394624,1.6675903850074683,2.052932629295725,1.0833478336523408,1.3548816330111566,-0.14827427694478656,-0.2156653947407341,0.022603667593457645,0.22702799952023658,1.206139311499755,0.8991132097201427,0.7005123026526441,-0.1386299285462805,1.3354997527649424,2.25168856912121,0.6339598441122787,0.05828046586497473,1.0643816101063277,1.3702840827676972,1.8697792994894493,0.9983396584440226,0.6502709462275947,0.6864878108538528,0.8692378427438613,1.690917473891163,-0.14427696766536327
22,0.13823404046034304,0.9936357079214223,1.0282332634693625,1.4499786537640529,0.18084397529095259,0.6972120404309674,1.433785203978726,0.12634494824318418,1.12506747916152,1.2365193150139382,1.0492348021931366,0.09665530523457215,0.07062255011944206,0.9704338983701234,1.2130598807582957,0.8679614986562163,1.910097461967211,0.4837190520392481,0.7899037356688711,1.081046368115273,0.8946439632621959,1.022459435024664,1.778576054399741,0.16072823054161403,1.2111619881876698,1.783698197914459,1.5794750825138002,2.1131834440470105,-0.014164495222823365,1.707179269094183,1.472974478992533,1.1821571138058298,1.057118620104623,2.1477536058464044,2.2680212050019977,1.5047703207845218,1.0758540608104612,1.3543441610798803,0.6296734538292934,1.646887535446228,1.0647771980155443,2.8670303366399383,1.977581144580727,1.9095160069374575,0.8674379040489959,1.7870118906348311,0.6485159525829757,1.4442644548451096,2.124740556247405,1.4676671155860537,1.5614691713973603,0.33752071526484845,1.1670758215811157,0.574434950442969,0.9545214580325089,1.2071711065038244,1.5840757843941897,0.58872806037982,1.9716287009241276,2.5078898806161263,1.6701029383119317,0.46733708769106985,1.3410952196011547,1.1483125662109674,0.6707409149420736,0.8472895184845672,1.4741954324811162,1.332467339667458,1.5286120810706694,0.11867350648301486,-0.14142366743370174,1.7836943895150346,0.19017240404015018,1.3170033273719381,2.1758751581611135,0.7583407022585754,1.2485171481086115,2.8411998338763547,2.149664687698418,1.460605718000537,1.2229619929634128,1.0649653373269885,0.7823735218695815,0.006428361282730205,1.439813468680184,-0.16504961007578806,-0.15802552081532226,0.3728907440352425,1.9430258649179875,2.5237801843645578,0.8980196770938443,1.7924001467705997,2.3142734187908176,0.9871716999927111,-0.10960028132692541,2.48376520777374,-0.005038951168534915,-0.264055567410067,1.3705712995788708,3.299082390324568,-0.1388183641126815,2.050198772954174,1.9254637717328007,0.567560900925422,0.7399389412283096,1.7683453677874592,-0.3193007583217176,2.319334476026741,1.879989472153152,1.5690604286552403,2.072278309807255,1.1038802853662781,1.4356548567752125,-0.16316952911285346,-0.23961013991185254,0.014509629065834369,0.20902021669309806,1.2266458125977535,0.9895837332207248,0.7775732124824513,-0.17435004363843376,1.139846109516238,2.280290238112718,0.6111489319717823,0.08782312281033991,1.0844772768012982,1.3437491707840001,1.8879411824058443,1.059157080170778,0.6399725375769314,0.7673649393605293,0.806779640775771,1.7955268091325474,-0.18706143816341148
23,0.1871973944500913,0.729093300521872,1.1449471910574116,1.1455528675110294,0.06341087057809762,0.6877169975599531,1.2721627158947355,0.10721679545123212,1.3486408095669438,1.1819593787335716,0.9075024460484781,0.32697832090965356,0.013772123163826864,1.3260521292006027,1.9067725192763592,0.8873921598304827,1.4887676810838324,0.7062873984571248,0.9777340857441971,0.8554270060907696,0.9710696476397166,1.0305486383174456,1.7010645187403874,0.1331219950781542,1.2826553409870152,1.8118718898706412,1.6076763056878072,1.9024016351558508,0.08163886476173522,1.9200333585547573,1.5314833389056057,1.5169465993823907,1.0607317341376437,2.4209865805894273,2.3359286666982624,1.503167180193002,1.0657214493332448,2.216466594870118,0.7433134271465327,1.520342460907097,1.0249212186559353,2.8826485284381245,1.9893142703426647,1.9494734623087169,1.2655778609504365,1.8371867060631886,0.611157334563518,1.9292111158386867,2.142175176421752,1.504702965005665,1.4735409466162852,0.9232767968574176,1.3233358917721783,0.5461048132240442,0.9228219548589428,1.2371378295032844,1.6800917639846131,0.5697618769076968,1.9108246512449232,2.56143059792365,1.5198659454491878,0.47731295253419137,1.6051907262626433,1.1300173199482084,0.6439746509555401,0.8409979901271402,1.4509799109662667,1.2656621140142512,1.2902712711095645,0.0750494809548814,-0.1245740440353591,1.9302746273421354,0.21290400977144774,1.3274386965977887,2.0898355124420074,0.6578469842673444,1.3248468990537041,3.1233175593862783,2.384638201039074,1.4003071458518825,1.1791332060647173,1.0261962849344188,0.8098510882016036,-0.022683142100617754,1.636282329212321,-0.18774942335151762,-0.17585946261047405,0.32497252078843347,1.8594910507731646,2.4787554207445672,0.9091015568689635,1.7622853256248934,2.312520172296315,1.492626157098083,-0.23017231274176536,2.4844235529572867,-0.028964468934067865,-0.319240362895215,1.435812986167134,3.3995979378100585,-0.15783983958084022,1.8838223695006588,1.835121870060727,0.5971607920522591,0.6655563482238406,1.848128632817134,-0.4029335413496336,2.445117057029377,1.8362504242306705,1.466494405678787,2.055445055336183,1.1481642596137116,1.4479960227521969,-0.1746438621227041,-0.2705061082024432,-0.009076683205012112,0.16597478577235236,1.2368832646096972,0.9963658233841349,0.7876714859239923,-0.19636485777377904,1.3401598668132295,2.25324866015711,0.58393764491145,0.060474071268503515,1.1164605209778005,1.2731663049073663,1.8818199552006891,0.9725450664136625,0.6293553686585096,0.6916329780717875,0.8933015668290816,1.796222754813987,-0.21027768718415987
24,-0.09013410275746742,0.6004497433068863,0.8566555706242551,0.7284189554575211,0.2008837542521908,0.6960296388658977,1.38410420271547,0.08120717305729709,1.0738290649904385,1.2009557945041809,1.2187044250401522,0.5158274909708945,0.20293259776425707,1.334542070778293,1.7612251809496808,1.0660724293235264,1.0949610089293007,0.9548150595490942,1.265965324413349,1.1953862671710533,0.9111323033319818,1.2105730645391533,1.6675200356188784,0.37879216388141973,1.5826531289402084,1.751916899061449,1.6386640211004722,2.108925225685573,0.5271003615361203,2.0685452024985778,1.5112993300890325,1.8018377645552461,1.0127872818386034,2.1985944349430016,2.148252212239592,1.4779470416190932,1.1273306855414293,2.3137302442022407,0.64642959245259,1.5280712353520676,0.9610617992311197,2.693476009665171,2.0571374607226462,1.5460660591600306,1.6779176590677098,1.7560309331719246,0.6490926015931989,1.7233394677889822,2.1781513767815137,1.4680412150751405,1.4123403950502316,1.2520203776827545,0.9853290132823991,0.5739379304917598,0.8610862684501953,1.1265048695924875,1.8631253151914882,0.5437409822001482,1.862793572311496,2.4262293024014863,1.3561935300199286,0.4399839098954141,1.5552760000675436,1.0662193748003164,0.6738043370630754,0.8365569112866031,1.560529686909489,1.2641775534441801,1.3409715059709464,0.11438179100860363,-0.07012712663623676,2.0624894698105005,0.09451110287046756,1.2505612963750266,2.0189793336145088,0.7052383847315866,1.2351935533064191,3.1030200576753213,2.0993794289263055,1.349430225601455,1.1854440465108937,0.9457595594096476,0.7922363762834684,-0.022800823771697527,1.574964022422036,-0.23836634569618864,-0.19337229465031136,0.3372411044141018,1.9142387504131082,2.4948695466717217,0.8850908173562057,1.7471607943511216,2.206687838446305,1.5996258412497872,-0.19983589262689014,2.420037394006426,-0.01856735702071043,-0.5371099354705791,1.444768453072613,3.4151616354852306,-0.17851887189107024,1.9408339465033428,1.8028866150902585,0.5557804844855745,0.6792735894584445,1.8408199500254465,-0.45581145538945506,2.2639259286110063,1.7902257253478693,1.4534708092521622,2.074288250639621,1.1000522011484253,1.3884250391144775,-0.24543788359134738,-0.2549767799568136,-0.013876306051216756,0.15671268840705257,1.1577957881100212,0.9725005438468527,0.7700610822393538,-0.1815938887307624,1.3704683948219378,2.140769155470719,0.5624093532632826,0.0718839756336204,1.0564565584519732,1.2836210602289433,1.735852229539294,0.9293687737191653,0.6428904200279526,0.6669361754257014,0.8211103945734207,1.6887861402417546,-0.22059975590156713
25,-0.0767456856508956,0.5538206966778395,0.8618337237496402,0.7310374270670275,0.49045856024208073,0.7053813603350855,2.0296918291737875,0.07205131943431997,1.1208586094260382,1.1765432098765427,1.3736823644519929,0.4114962913699302,0.20870672702556448,1.3179459137959155,1.5201427120005675,1.255265709178226,1.509441431704359,1.1083158960159003,1.4369430329647879,1.3891469912401289,0.9704012014206711,0.9666280711215439,1.5854043552173565,0.7066900799061218,1.6568894197801223,1.6755845182126878,1.5794750825138002,2.7668199625276784,0.8096107733309579,2.0850035622959964,1.5679507658778802,1.6832115688785116,1.040278366872457,2.3037783316503138,2.1192070466686075,1.4853371287360992,1.0211971273676659,2.3297435058893843,1.1392268352339503,1.527853523395871,1.0654510913863589,2.83460561236327,2.2916855064417723,1.474775059648719,1.6487921061585569,1.7576237844553644,0.58627904869389,2.104273784685733,2.309326138093261,1.40097052096026,1.569214376533371,1.3499396444135279,1.2870685563959996,0.4677413342500589,0.8326169808091445,1.2815652386013205,1.9661620306736942,0.5080065654900542,1.7228206486550124,2.677111186432167,1.5017855626645091,0.5246580852775543,1.6405498049678322,1.0598294909953085,0.5874096445192594,0.863601942687308,2.1540224694836145,1.1927330760095007,1.8077740360120782,0.05273256048794268,-0.12784337394847037,1.9073520674641526,0.15470271878384867,1.319392570157655,2.030563756502179,0.6666666666666665,1.3356422213482515,2.824353492398673,1.745667820678596,1.321212378166264,1.13808118896234,1.0442522766250393,0.8282271432674768,-0.055634010002941964,1.5268957699201682,-0.22243986380112035,-0.16756001047311808,0.2584529850965181,1.8267467951505452,2.5182508274287696,0.9100025227043388,1.800007159541431,2.1466391460095715,1.5746009378264778,-0.2130817020278983,2.321878127139622,-0.04451453543606297,-0.5605818684835954,1.505125339530615,3.3087448526312375,-0.21611711245512466,2.0479225447172977,1.7740204641876716,0.5014289602612957,0.6131265867936804,1.7539958596885967,-0.517513011675341,2.026653064817644,1.730175441026742,1.466369578875976,2.0583762190500514,1.0994431877501307,1.3174194680431064,-0.23714690590928145,-0.2816724347028722,-0.0415380377210596,0.11226794781241252,1.0931165774049323,0.964438814029969,0.7690143099923649,-0.20107268261032027,1.2659182025477669,2.0896838215500577,0.529041487839771,0.11622952371934464,1.0296151632654986,1.2375299181132615,1.7455049339781925,0.8926781902277041,0.7244194885123701,0.6425578831312019,0.792299608292729,1.5725197148362569,-0.22110409150665217
26,0.04380471490868549,0.9883321311892742,1.0898368470800968,0.8705564252170201,0.5072418751221175,0.6599843063065001,2.232874385622233,0.09176264761627069,1.2669795869817828,1.095659099960175,1.3532832431833706,0.22370936902485675,0.11922422098747507,1.3054748131733196,0.8962108861218094,1.463153330415325,2.027793312764313,1.2682672288562689,1.3208130122820005,1.3317512718369642,0.9435296634150473,0.8686059606325437,1.4995952400226669,0.8500821011131138,1.664454619859756,1.4584409411845547,1.6064752314470063,1.721427354794754,0.7502208562541298,1.7949387782153174,1.5104325321643943,1.5996083452587182,1.033114975572207,2.3841547055492973,1.80045497322293,1.4829519683438381,1.0035205277833252,2.079338945492887,1.3792128585496009,1.4519264786723924,0.8727817676544016,2.70852832494893,1.7690176798173067,1.2638246088098044,1.6212997618237492,1.685706549008052,0.5743753655542833,2.0349151343343266,2.328697938286979,1.5146433228585479,1.5174602890349378,1.3283753094502524,1.4090533580974591,0.5183545326148633,0.7887439041734863,1.2677143404707563,1.9204778055750578,0.5281426256997102,1.7219965860262525,2.726634780752959,1.8407677669728346,0.40985518905872875,1.5480488340284693,1.0561973465166725,0.5832322507178929,0.8104798073255026,2.3280652586837336,1.14292606888361,1.976836951524113,0.05338894050167632,-0.172733788524652,1.968804036498745,0.06729602835898761,1.3167925118320223,2.01791086742584,0.6131268192034189,1.2750038124744167,2.6994097931058683,1.8207944607427384,1.3703462928155195,1.0916334032784816,0.986883741153168,0.7941397341528152,-0.07505148573109734,1.5345513568423648,-0.3236737084904624,-0.24181046620196314,0.22421828760942075,1.803134403645788,2.3466827807925936,0.8797300706357214,1.7315887917378894,2.096512234871276,1.4932578536893506,-0.19374047591138208,2.2017959656607156,-0.07070492114763424,-0.6328371607054823,1.454130986655614,3.2977854155183035,-0.18985898638377702,1.9277059324860115,1.7402462357540969,0.4905841725639632,0.5793711575987748,1.5999012753842798,-0.4480108441284415,2.0779707007886654,1.7208596818096813,1.454927121951625,2.021820420161381,1.1373760222724902,1.3235608065624587,-0.25758927351792826,-0.2716005560978495,-0.037647219200763464,0.07691872009808494,1.064521225334534,0.9215069036559304,0.6935851333710994,-0.21097395318344733,1.0209242678107076,2.082739886939285,0.5068225543880421,0.03363002240949394,0.9432415348183371,1.2084211196671457,1.6849989573733881,0.8947906783681215,0.6851629355368658,0.6300869778267796,0.7316028948122666,1.5419850980630962,-0.2517676962958231
27,-0.0387116517481447,1.4639993211421785,1.0010274113344018,1.5357051373274513,0.30569179821946574,0.7435048532209693,2.2801668772093713,0.2561014725178598,1.2764495438866166,1.1407407407407404,1.4649707397219813,0.333859838723086,0.11942219113357708,1.2912769447722108,1.6307208846253811,1.4310416061589057,2.1200397137093985,1.281902424442661,1.35666317697827,1.5846637032280075,0.9680393581133775,0.7770869351436228,1.4910446855014978,1.2789496122885737,1.6745415532992676,1.7008377664904852,1.5048163077056118,2.2315619144949754,1.2722211086612776,1.998514329266609,1.5621308369553102,1.5871808390449649,0.9979892234946666,1.9783620030469482,1.7802113729764864,1.441974130784991,0.9187616025797483,1.8004037146256335,1.6296813951272189,1.450239211011871,0.845922303303361,2.641189019732114,2.020106571122774,1.1967018330602426,1.568311216967222,1.8013475521857898,0.5498265934047829,1.8200212228242765,2.3280752732807524,1.4315932362812376,1.5128042119589544,1.4613212758557192,1.4671748390234187,0.4376716272019019,0.7042279664346854,1.2911476209557993,1.92853681930999,0.47383198443000407,1.6368238271822946,2.7930428451273555,1.9311696808962278,0.3695092518101367,1.5973556677529928,1.0050110141418218,0.568410238637489,0.7476783975676553,2.360998905483869,1.1094121140142517,1.8421333863531861,0.011936018095891966,-0.21837866385001325,1.969779464578659,0.09685759120402075,1.2925838606649827,1.8729931112048364,0.5573302383847313,1.3181851016526076,2.751177196604994,2.065315221371003,1.3280901840519699,1.015713992710979,1.0227541728061065,0.8255970487571072,-0.07193292144748448,1.57290290286606,-0.29758722952440225,-0.22639719794687352,0.20085448700582717,1.7113374267276618,2.250156006856402,0.824500864927202,1.722147146475268,2.0400098819347874,1.5185743093855533,-0.2306411909506506,2.1665744983409705,-0.07024890746722394,-0.619739969243674,1.4752614478251533,3.232806977724458,-0.19374009508716322,1.9463392427041593,1.7321770235421345,0.45320155144256935,0.4992708617469945,1.538102727171846,-0.4775508638217879,1.9994148443123387,1.6624716890960598,1.4422780059334335,1.9886563964273303,1.1863580998781975,1.241149892526576,-0.2607607506541914,-0.28210133995918,-0.0754903993343008,0.06983887948612022,1.0747902744205886,0.9289288136460772,0.7010664761951678,-0.21781311419240584,1.1132372140344142,1.8132723980128722,0.47690789798233935,0.006091594861597552,0.9408828884926362,1.174084943560242,1.5485830368013562,0.8384576612903226,0.6626045165877938,0.5869655763812324,0.756413012324448,1.4889192398533297,-0.26252685587097074
28,0.8305518213711927,1.4239042810471383,0.8335593638269017,1.9772022200085386,0.19141495869300568,0.7744981063659783,2.161909109245124,0.9822714681440444,1.2494578792786364,1.0835523695738745,1.5236759031918627,0.6176647176730312,0.6152054270216052,1.116057981024741,1.8204522363726583,1.4865110304795486,2.141090493216622,1.3977491438670457,1.263105482215356,1.5295256825775896,0.98791449235966,0.7975478611194821,1.5504938071723473,1.4433206839930266,1.6022518636494347,1.7543219703260013,1.527108245614878,1.8840912962016692,1.3568888591939305,1.9860877153256051,1.467959433857127,1.4597047525796492,0.9675762288515009,2.2933883573917666,1.7516401378460542,1.4052192001501473,0.9820719341454216,1.8712793130085197,1.6408786252025025,1.4166571417685832,0.7316492417095068,2.8067644878534606,1.9492499384726336,1.416036642040609,1.4696381989338776,1.765189828051704,0.5474376189338584,1.2272687660516837,2.3044140030441396,1.441319822997499,1.5303540409376617,1.4316958896822636,1.3731375639365588,0.47772315160351053,0.7252243673960361,1.2404045507604928,1.8513581663024452,0.4299084305571804,1.6828536111601626,2.8084836616076028,1.8963574521644018,0.37413515687851967,1.539842285675689,0.9941818426407035,0.5542689870284186,0.7825807223016175,2.2941009016260687,1.0926365795724462,1.7862761423086004,-0.0015450175707881636,-0.1545009870861469,1.890415088985643,0.05252572233081703,1.2842917827616132,1.790215099114298,0.5243082421428833,1.3016510020788021,2.6144761548225572,2.1018821053997563,1.2849390183580887,0.9936891595538233,1.0142394743834393,0.8258392943041146,-0.12511032656663726,1.5002484385179078,-0.3749313513711419,-0.22755813321608695,0.19222679106653856,1.606712354977301,2.26563820627661,0.6480917543606745,1.601329884820877,2.038137095906568,1.5069122184698363,-0.28617981479310756,2.0680860588823937,-0.08406612198365941,-0.7243703414835143,1.4486170834782737,3.233779708829156,-0.2684514376273489,1.906425845248241,1.7554695948756343,0.4670658682634731,0.5139847667806713,1.5166358630559478,-0.5551094003759638,2.0125679013624285,1.5853136536476908,1.3569796906791822,1.945275173462081,1.1509918218200803,1.230504905759698,-0.2826047448623852,-0.2552282071760286,-0.07053457574458054,0.05544597998320824,1.0026225571512077,0.9269453721831931,0.6446947119529077,-0.23791242366646484,1.2159731634348248,2.0248329784890977,0.4541561837107197,-0.002256730738882199,0.8491315464228769,1.1710599635941006,1.6212305684669357,0.7474724264705883,0.6286688080817988,0.564792355751562,0.7596672876659976,1.524934428867827,-0.26846120482413816
29,1.0637288654272818,1.447834019262591,0.9873833888135453,1.896712679664153,0.37467873729352774,0.7528207443397003,2.2095200687890784,1.4409389123778977,1.327825203809942,1.0989645559538028,1.7506968930569144,0.7281846648377533,1.0339122860272671,1.0029067257604973,1.7438193574809602,1.4505540806433797,1.9297658022232136,1.4632505257416755,1.306769144345428,1.3266839924141323,1.0187075815170168,0.8113470902659917,1.5090565044928361,1.5087060948995998,1.6219833211670758,1.6990053312413025,1.5144729446016518,1.9147504684040197,1.262941434118023,1.8745243368330362,1.478670579640155,1.6018678918430367,1.0108079237161662,2.6105160548450552,1.9246247486476056,1.383557251669612,0.9216460686207076,2.015793361262567,1.5740923096470882,1.4206303849691666,0.9399464736122608,2.785204592653791,1.8123443929967544,1.7139448644608615,1.4744017239423837,1.6247003448523032,0.5263899300607129,1.3015999138783945,2.3482081084820807,1.4165758139336029,1.516788739456671,1.3811199541706731,1.3118522120730975,0.43804439216530877,0.6681652616836168,1.238400961722738,1.826538381670935,0.41828056480230835,1.536464771322621,2.891650660942267,1.8404181463112523,0.37369267900241343,1.5179581567349418,0.9490827153643077,0.4972707693831072,0.824657097470293,2.213607338657034,1.0502894893111634,1.7616716165670474,-0.0747061437169285,-0.18656556892627665,1.8526394197089675,0.0768495880027404,1.2603290830578089,1.7287501757345707,0.5339108728491946,1.3462368870945738,2.5578537293003496,2.0042313770745563,1.2510681797839616,0.9534891059116796,0.9838643445493854,0.8043832601405715,-0.15570756104736683,1.4884706124837594,-0.41657818621169407,-0.22064192310162378,0.18094176477794913,1.4940425457897757,2.3170612257794416,0.6981854548075536,1.6807113004412069,1.9443782549618869,1.4210500741028693,-0.3452115812917595,2.065452678148207,-0.08432452973589197,-0.7090657582023,1.410130779421669,3.17483220388444,-0.24098046508619303,1.8787934931633747,1.6864237584227602,0.45947451687534036,0.45528651461423886,1.4093398078313875,-0.5711581989539508,1.961457400148101,1.5409166152972384,1.3588520927213488,1.9511793746571582,1.0903514877327303,1.1550249309099416,-0.27615488686616485,-0.2825154553790635,-0.08165322866936847,0.012034063195490241,1.0606347852188887,0.9086465251385208,0.6020541365976209,-0.2220892760066854,1.1076521918544058,1.9530382008173652,0.4457303537072665,0.012356784395416983,0.8438953515798212,1.0962580467120588,1.5776756825840998,0.693140713946869,0.551062942892872,0.545559230674997,0.7144657017292441,1.4739129110972895,-0.25541572383927164
30,0.9890816092330897,1.5675251389537104,0.9727530514116631,1.9282481855699447,0.6880006813524849,0.7725990977917755,2.263447309476544,1.4361568741799098,1.3370206692102877,1.0975308641975303,1.796294928833835,0.8489576116976568,1.0064604257677943,1.1984631766771234,2.1762083658215787,1.4530084799496028,1.8788040643713986,2.1593272604269904,1.237366902433419,1.3232723587433148,0.9530215997254916,0.8032578869732102,1.5237796486683397,1.4601208089386795,1.601057358373703,1.6354427335352826,1.5358040231182768,1.738886050076648,1.2029204991722533,1.908821791310207,1.329333680052503,1.5664683286887098,0.9910457608746877,2.6043871374453516,2.066803880813265,1.3435569388616915,0.8828906787370477,1.949992388062226,1.5219576887646515,1.367508667657256,0.778468785900867,2.840717078719082,1.6431012082257794,1.8253849618152374,1.437563797209935,1.642699564355174,0.5129622459655164,1.8760002665668754,2.2557769475577696,1.320004702965006,1.5230565355204955,1.3217873437404095,1.3178870029353693,0.46587750943302436,0.6705035520317811,1.320330330853529,1.8556101612791585,0.40204409371776184,1.5841426805580088,2.857379580461718,1.8208393892626502,0.2949316170555108,1.556154066969487,0.9166288318283475,0.5081938805822358,0.7302557036547802,2.2313257387983882,1.0075712589073633,1.779255153902551,-0.07450418063577975,-0.2035409357828159,1.8518413421890376,0.08956671673905169,1.3379443376702775,1.7096302544636581,0.47620297704579767,1.284715589408545,2.482103686892025,2.022491646158623,1.2272314004814466,0.9529842386759856,1.0043962414551078,0.7815083592016968,-0.19779346866725508,1.4796740486645048,-0.5281550909823161,-0.252925803885922,0.16686136500503,1.5876658955314744,2.2671390317306095,0.7644514919994233,1.5847734452608309,1.9337790829723907,1.4431108627517673,-0.34221076075489393,2.1171986095749724,-0.09923617708531247,-0.7357016194897982,1.3416325594132315,3.126001102428585,-0.27489973802516254,1.8243228220995293,1.6413359953414857,0.42579188214480135,0.4676399001237963,1.4532301699364412,-0.5443675750329288,1.9684999818757085,1.5557387154641602,1.3660088294158517,1.900135252268511,1.0914390116582566,1.1783912617526207,-0.2809893108154497,-0.29439169402786397,-0.11268037635859149,0.03875421458747022,0.9988625053320063,0.8538779479698517,0.5523632422846728,-0.284046409170681,0.9711926690358549,1.876226659814502,0.41780869222041345,0.010920683016128417,0.906022095798779,1.1011935403410267,1.5685947411259025,0.8218542457305502,0.47117671578844106,0.5373024623300259,0.7388578389223268,1.4255881828423294,-0.28675177610188923
31,0.9400089620424714,1.6451270736985024,1.1509061767969424,2.0612779279920312,0.9216645040405206,0.7792993733271705,2.312650608804577,1.3318851144481705,1.3077415753982415,1.0656312226204694,1.8036792261256438,1.0220578047496331,0.9270743971809051,1.225228077244079,2.439343461789886,1.37630850163013,2.102947737512489,2.2409811047655,1.2368562163266348,1.383678343150142,1.0017736106345339,0.8651165003885988,1.5393629077956774,1.4114511002393382,1.5659742960161034,1.4230520354347163,1.4600883029781835,1.9334866291943449,1.2697712745818581,1.886895721378747,1.3223992966553983,1.6054455072682083,0.9890349843693543,2.5088343966518605,2.077771985294616,1.34211020223032,0.8398455701258072,2.075279245346851,1.4798688097582664,1.355752222022653,0.8329899686158228,2.9158088921835477,1.7659270027873326,1.867402573758396,1.3908358852217306,1.6022411417558002,0.4792694680824772,2.0795650858909234,2.2918223329182235,1.2298467260950428,1.5065364158951307,1.2388853653047445,1.3021262384504069,0.45200236912843417,0.7217048788307578,1.2790389741624129,1.8734092100188864,0.3829006561944972,1.5377008652657607,2.7509258213133485,1.8164941038972715,0.30434432823813334,1.4567974198341802,0.8909011417713432,0.5003651351618973,0.6472701599357751,2.222883730974807,0.9978473871733964,1.7482509661625636,-0.07551399604152371,-0.24038376903441597,1.746007395518351,0.06587137472790162,1.3352388715746868,1.7141852945311404,0.41895563907004146,1.2431395526161606,2.4045988172464416,1.9361029619639518,1.208152555387536,0.9195367843112504,1.023659991787241,0.7446178230430882,-0.279140923801118,1.4644364862328252,-0.5272397759308755,-0.270488037426577,0.1470694305203018,1.38389487050147,2.1967582170193602,0.7768848205276055,1.59936101092725,1.8718177579961988,1.4410214047960346,-0.3881842691360919,2.0289803549797227,-0.1089492684780542,-0.726945631939488,1.3131378919867072,3.052916572095587,-0.2477724053171189,1.8134710363190742,1.6728225605190914,0.37180185084376716,0.4213474894563463,1.2712018765330058,-0.5959027609048709,1.9312157256707285,1.4604339966338595,1.3174928120566043,1.8848513271890557,1.105359317904994,1.1604644021699393,-0.26937243950734013,-0.3178483745969769,-0.10545254195409969,0.030258405853112437,0.9399655591892191,0.8565012092594724,0.6379214797665084,-0.2788259844952039,0.7427403605007313,1.8408340063137802,0.3733510926939963,-0.004560805479279222,0.8881907295764815,1.0550227934893937,1.5153198845711444,0.7202695090132827,0.5637643135620234,0.5613867450692148,0.7446199961784653,1.444335219636108,-0.28063250409352397
32,0.970665704886499,1.6485637914209346,1.1869477664077588,2.1199089227266263,1.253122448059398,0.7996868427370087,2.4180104245177856,1.006823152062983,1.2142772181200991,1.0718438868976496,1.801510088796175,1.0961842214647934,1.0382676292415105,1.2294010993754858,2.2919058982901346,1.3450149104757851,2.129151245137898,2.111971177294252,1.4280570947067381,1.4173431401077676,1.0106862268884722,0.913493108316018,1.5518092770986809,1.4393950266564794,1.5604441789988275,1.8840812914087415,1.469168424238639,1.7588996763754048,1.1884813255829496,1.829291462087782,1.285869955545649,1.7890336672441065,0.9882495247969585,2.677000215971376,2.100994576881673,1.280213335001642,0.8573742483747145,2.015398668192813,1.407166227248181,1.360650741037071,0.7627125170880104,2.8438293995484307,1.713271023758149,1.872193635553511,1.3774072813882272,1.6016836438065964,0.41357267013205257,2.0553177528412445,2.1643143766431434,1.1787019816584368,1.5165201196253648,1.1998076805041227,1.2275409106089281,0.45635129370151456,0.6545212169716484,1.322769482725578,1.821050341642852,0.4213647852921677,1.4829595620695746,2.7341668863530804,1.735931514306977,0.26987127916331444,1.4846591580689283,0.8841749482923877,0.4476680859491038,0.5828460482938854,2.0969407537927687,0.9790305819477434,1.8016850372174515,-0.004473482247445296,-0.1552554478353264,1.7566040914774184,0.079217027124986,1.2513342866880528,1.6628989174750457,0.4528526951844071,1.240290229631354,2.4042478517989903,1.9013435664993583,1.1399397956443704,0.8691447233485319,0.9592864561945941,0.7431643497610417,-0.3825242718446602,1.4378627662432784,-0.5465529235162743,-0.24934419507664637,0.11668268542212744,1.3544119949209443,2.044621910471812,0.6339465907452788,1.5673668101558094,1.846674609404574,1.4194465366019582,-0.4095182276403705,1.9553115289408547,-0.10882766482994484,-0.7056075110185641,1.3186888012256406,2.9845659998054535,-0.25387706588182024,1.7376673424770654,1.6376757341319357,0.35897948421339154,0.39847667806710196,1.3453983997428565,-0.6138058031432627,1.7680453210847646,1.4029810429494591,1.2442610877407596,1.887363753229514,1.078084217852793,1.1280030414247904,-0.3107916933431051,-0.40050877037299965,-0.11894260616680533,-0.01966696429761313,1.0113117525317155,0.8442166685861262,0.5694194724267876,-0.2895501127045173,1.0819326311146218,1.795591366272667,0.348034137437719,-0.0002682826752518773,0.9377694753427113,1.0404551268103441,1.4429750509541717,0.7260510555028463,0.4722555966947013,0.5112826166850423,0.6857146269227092,1.437680239057342,-0.2905006707663548
33,0.8829032645879101,1.5575544146972717,1.177536678584638,1.9035434751672125,1.2200568127733553,0.8148789113306317,2.3379688113714288,0.424872430383438,1.2988663500864648,1.023576264436479,1.7763573261459507,1.1989451418331625,1.0788185141680633,1.2121334215903532,2.2592207546724006,1.2227040117156658,2.1172748352069575,1.9211308821447108,1.3461941117891887,1.1997009803429697,0.9829679903387241,0.7272828207527716,1.571541325993686,1.3556898815126865,1.4913398367509456,2.006510871494751,1.3404613085944073,1.726963038664623,1.02378566178927,1.6980111894754868,1.3746548286835814,1.7462905776907436,1.0078860141068537,2.5841908953472763,2.0919898985111813,1.2217573548962255,0.7704704638073473,1.988503154725322,1.255487436866681,1.2870640998427034,0.9380210639813619,2.8550337545340856,1.6533462302325448,1.8630906181427924,1.180424180560281,1.461194160607195,0.3755138354573238,2.053215975557868,2.2137816521378166,1.1056991385023196,1.5640658297666585,1.0518444258035475,1.0989354160197335,0.4363048223360767,0.6768434526664944,1.3279962367371119,1.8324219561154567,0.4170043356340909,1.5230443227971042,2.666566238591999,1.5182177337588716,0.18692679002413515,1.4626399419124974,0.78802401251072,0.38429547479948517,0.5550608370864245,2.103713992627968,0.9561312351543941,1.8152299529034581,-0.04885486932988659,-0.22894111433852654,1.5410788234563848,0.05864335262900961,1.2401259271491765,1.6458596935189092,0.4438027338712645,1.1979516979557114,2.1419596740700877,1.7645769318113351,1.0909000975140972,0.7651420727955442,0.9292132660209186,0.7239923450407144,-0.5351721094439541,1.4073876413799191,-0.604583897777615,-0.28315952238629005,0.09016114810475415,1.3775895357534222,2.0611309904658084,0.635343087790111,1.4771118409865847,1.6895199690791074,1.3507859763356735,-0.38626186847966243,1.7375967767419813,-0.1562074862245866,-0.7662372063249133,1.367536802528254,2.8025355857462464,-0.2931732915036062,1.720727969551477,1.6214541219532483,0.35874557702776266,0.3413783335781281,1.374327008070163,-0.6004424609010345,1.5651568269026623,1.2950706127622438,1.172943374401351,1.8183557846515892,1.0873064207412564,0.9882729678749503,-0.31344053005241845,-0.482252196290709,-0.16605843043812885,0.005320708450497825,0.8655544496579616,0.8194556412914124,0.5262555109480063,-0.27113698691116783,1.0947390513999915,1.628692215451631,0.31217996152138533,0.042404444023608746,0.8614436802430347,0.9113362450976749,1.3571433376159505,0.6385495730550285,0.46303606895029786,0.5177508269018745,0.679564345084551,1.3816566117014573,-0.33536972843208784
34,0.7321879405882158,1.5265815265815268,1.1789339579994245,1.905080404155401,0.9946593989068304,0.7838139974847093,2.2224710990329184,0.2363901443359091,1.2713714510535898,0.979450418160095,1.7440510254942865,1.0835758029207196,0.9763359685359447,1.1224853944225401,2.1680173900715927,1.1489902192187647,2.0516089707739775,1.7254133824200368,1.3614125577713654,1.10016155088853,1.007522248118324,0.7385442606309578,1.4581073423459892,1.2618540077584495,1.3752958612604242,1.9148318454340862,1.291409436600095,1.491909385113269,0.906416338166188,1.5489470515787322,1.2718154463390168,1.7636137681705204,0.8865482193631491,2.4823924958702777,2.0795322983595237,1.1792545787259328,0.7689172897852924,1.9057867642498296,1.124575140560973,1.1648188364384502,0.8945388964835601,2.794371792187509,1.4907422776000316,1.7641072814557162,1.0034478847680615,1.3473849364054127,0.331358996960236,1.9868818339800998,2.144181541441815,1.1356805404134336,1.5458444512096845,0.9324017431511754,1.0034333858692153,0.2864533070465003,0.6126730515653284,1.2770789414080879,1.7631539914366798,0.282503961628043,1.3871917122844195,2.6751653924854693,1.3909058671341599,0.11472244569589693,1.3743604464632477,0.7102355849266005,0.31900435686701667,0.5897638826416447,2.1177512847067135,0.9373144299287408,1.6591527593105757,-0.1651351133012886,-0.37995900763262797,1.4512064271842937,-0.016528077199466175,1.0417485040880645,1.5419935329678056,0.42816679562285814,1.1470651973256498,2.0280713863720115,1.6166409447140226,1.156945877320671,0.6794408595364687,0.8891760670547598,0.6905278530469298,-0.6241835834068844,1.3651714961887689,-0.6397319957529382,-0.23921688740903937,0.06838484355398956,1.3181889339200918,2.0741644746715955,0.6431364422661093,1.5439640591020145,1.527384514848803,1.2206564785344636,-0.4776227874809519,1.7723574024332438,-0.19619988599657978,-0.7735215993289528,1.3198729951966128,2.70007457605136,-0.26774394385329414,1.7135816715984944,1.5191331835953747,0.3323353293413173,0.26384838120816656,1.2990590549222636,-0.6210948989117508,1.4999093785439466,1.1810304822723525,1.1631652748478152,1.6912270270043925,0.9988254741604319,0.9275322054716401,-0.2623524283180837,-0.6403703375040672,-0.15307956865874686,-0.007139811026560266,0.9347836390350253,0.7900879112441934,0.5125858968990913,-0.3564039232772936,1.0714384811585544,1.52587915718376,0.27606926150658573,0.025834043493355947,0.8230449180606267,0.8510223901587316,1.2952247701176485,0.6340651684060721,0.4092881838020743,0.4505451427171383,0.5689786949460205,1.3742621888361615,-0.3429851960688721
35,0.5656797490628108,1.4688786117357546,1.0741790983438129,1.8543617475451835,0.7624985596408874,0.6864271049435133,2.037494294115773,0.7386207902026536,1.2172051275013038,0.9650736758263635,1.5337370082519526,0.8799937188830697,0.8823331441618604,1.096919638146219,2.1026471028361255,1.0544140326189666,2.0144087872865857,1.6488989579563984,1.2868523861808336,1.0126631814487403,0.9310965637408033,0.7120560851428297,1.524740953614507,1.172999075571014,1.2518194084986836,1.801678968797063,1.2195371540305648,1.3641628342701415,0.82820724111564,1.462678736130518,1.2237081615216017,1.6459290502372526,0.9039225851045444,2.3007430582714123,2.01616102802283,1.1042197788447998,0.6521333954602943,1.8597768292614163,1.0565579238270701,1.1208954492758358,0.7601132140862968,2.6337194497416774,1.6101912213325393,1.7152384511455427,0.9032323919700578,1.2937854907176591,0.2682159303407995,1.8916867019013397,2.0595682855956827,1.1776865687594862,1.5487097294102896,0.8750332467213618,0.9325978309907021,0.21272868095046787,0.6148184932249843,1.1652264055612662,1.7627090152181863,0.20862447311233284,1.3577609041144272,2.4820296513890456,1.277628772781532,0.06106194690265483,1.4791543540298204,0.6706183053355532,0.25089736607584917,0.5790028069895747,1.917989820509171,0.898418942992874,1.6688454512693696,-0.2231490083612716,-0.3883838193317993,1.3430225855938138,-0.00699546834440581,1.076919563330745,1.451005201743287,0.3888581850337125,1.1162042202085227,1.865808361166843,1.5157923520060805,1.0575945580538637,0.6293327863938278,0.8819295152056814,0.6342230666209857,-0.6819505736981465,1.2583613363415864,-0.6540109105554132,-0.31487528591118585,0.014289190014649974,1.2994033848776332,1.9975433857042422,0.6282254576906442,1.4229678089118392,1.441236357550715,1.1712869603245948,-0.3846442386590083,1.6246247432453784,-0.23374501235037043,-0.813622550714827,1.162042142502942,2.55565643137382,-0.3393220996798086,1.6294141623744764,1.4620247899509193,0.324510070767556,0.19119683585471803,1.3045310006772968,-0.6500594636760061,1.4062326848289328,1.1092402634732197,1.0919307793769477,1.722129867302031,0.9521489472768404,0.8777288745266051,-0.30998397631963737,-0.6704084952820422,-0.20229700293373398,0.0066367258818983196,0.8492819564908289,0.7265538024492301,0.44608507179626117,-0.33921833920350086,1.072576829628365,1.4367092479749404,0.21144492131616588,-0.0699902155730203,0.7575217231326596,0.7800149656903587,1.2336425337844654,0.5857003083491461,0.3561287791481744,0.37451917187308587,0.5776368586987672,1.260562063130973,-0.3505166077714755
36,0.594533154092484,1.436887436887437,1.0149591090288907,1.8552155969830657,0.8757734102192855,0.6111475386340753,2.133830851052536,1.1329056713806678,1.1977619792667418,0.9534448426921542,1.5423674057117542,0.7841605010114445,0.8444548562076839,1.091451540180927,2.0472792571415077,0.9640512314948518,1.9601794657500675,1.5904249461147553,1.2572325919873348,0.9977623696806109,0.9181287070913232,0.5748568528240835,1.5115356593540032,1.122978603056947,1.2473953148848629,1.7973269350802543,1.1448303362527446,1.793391245103049,0.7953571932325192,1.4011531897737253,1.2214792525725322,1.6585448519996986,0.9261668001947938,2.2761106473887898,2.0307851673312975,1.030983624505372,0.6328296611861813,1.9364036695178546,1.0406356214859753,1.0411584453189209,0.643016218367124,2.6236468477848764,1.5693828375849217,1.6837132645336854,0.862039242372689,1.1827637562618967,0.3037622228995559,1.866670425943109,1.9548913795489136,1.0711750999380065,1.4597965652477567,0.8583791967592118,0.9023066962742492,0.21943845029179207,0.5602905265492375,1.1172709375054446,1.7976149274688762,0.196464845204037,1.2841250220731064,2.390891173627588,1.1976155870880099,0.04633950120675779,1.4066125192077135,0.656123358388404,0.2821504604416279,0.45265980766712405,1.948862046794246,0.8872476247030875,1.6552384029426013,-0.2877267035585895,-0.3922818665358935,1.289462716478527,-0.014013982556373395,1.087425204403234,1.340334598622241,0.37013650934011266,1.073905819842525,1.8526471568874041,1.4655534390945872,1.059761537990456,0.6117886499534575,0.7947897292205125,0.6177503694244589,-0.7175198587819946,1.2286591313117186,-0.6712188335224984,-0.32233491253464264,0.010976154773963052,1.2652676071037208,1.9475422008420418,0.5770505982413147,1.4255631426807112,1.483194733885075,1.1329478364391747,-0.41249560426679166,1.5944725338389427,-0.22451833555006642,-0.8022912727085433,1.1980120343712297,2.582957751045686,-0.3387358905527346,1.570602776998449,1.4556609267115879,0.2861918209036472,0.1641295453114838,1.213765578782626,-0.6277446003145819,1.3344087079451714,1.0984007369492794,1.0501970183037699,1.6493113858960775,0.9582825822168091,0.881998567021012,-0.34614119131134047,-0.7056230958085603,-0.1908091482515457,-0.0308114663432706,0.7608417460543153,0.6911717660306858,0.485554542991552,-0.3466105684597319,1.0190744515472652,1.4063639478256613,0.20943219377435746,-0.0657450367705079,0.71464153293142,0.8043740148913925,1.1463982295527468,0.5186566057874762,0.4272858789201382,0.392110743599167,0.5755469571032766,1.3070164373670639,-0.3567031245271854
37,0.6700001092932009,1.385124527981671,0.8769572185920355,1.831933968976804,0.9124462057183512,0.5449330509901716,2.1341493190093517,1.2612625747193469,1.1429551755373173,0.973675826363998,1.5538592183721318,0.7996323699208395,0.8197415829692882,1.0631517349219597,1.8736935787475686,0.9407753447408358,2.146243221334808,1.5149593828500698,1.2561090825524088,0.9874772975847641,0.9027544440532799,0.8092851364854788,1.490589330526998,1.1513868545354005,1.2413785475700667,1.7688096615148508,1.1459833675239135,1.4408107647760175,0.7986607573699178,1.2848400832859281,1.0703468429981302,1.6958273706409583,0.858868624031921,2.301385135332334,2.093005463740936,0.9902403928867474,0.7044975482038653,1.819800059767808,1.0134366760903397,0.9315949033631056,0.8496126717625839,2.5656445050561065,1.3878341794538658,1.6410728145571618,0.8300555744584324,1.2679812999259326,0.33815521743786614,1.8854838957723523,2.0110004151100034,1.095064024455418,1.5362636772264102,0.787671092743008,0.9930043298159682,0.2505021972423677,0.5658831385159808,1.1353467951286655,1.8162050450414817,0.20837631744073495,1.4570015892636416,2.294731292132716,1.198764340690351,0.08386967015285597,1.4468347376775128,0.6283778102877131,0.35941677393801363,0.38037840269197704,1.9482730695042283,0.9025385985748218,1.6895977532837096,-0.193712889283839,-0.3251348598589159,1.3240017380354874,-0.1382102579251596,1.159840342364437,1.3903275692394208,0.368731807965808,0.9590098803284349,1.8242189556438169,1.4787620093711327,1.0567937176425144,0.6269662212265118,0.8672552477112975,0.6449856902094729,-0.6863489261547514,1.2936580087376746,-0.6779921649031597,-0.48481644872371216,0.00975102195058401,1.434902854359813,1.8584405633624808,0.5232629378693958,1.4370631561048515,1.4405988133708958,1.175708836463471,-0.4143007853709999,1.6328540580397115,-0.22606878206346176,-0.8510746319174141,1.1615240576406414,2.6014396420349533,-0.38975629871599987,1.4854824280473666,1.419640628899426,0.31081586826347307,0.2348402190562121,1.2625156409638276,-0.6142533791992225,1.2827285861499347,1.1062273599346166,1.2015703211793634,1.613006829611453,0.9156516443361754,0.9185249089765898,-0.3717743286149197,-0.6802437365042743,-0.12716444530275958,0.004820954995535564,0.7194811760430984,0.6198318553495334,0.44867121499470464,-0.3244203912215929,0.7949265231636132,1.4551244402026282,0.25248877707069217,-0.025502635482751126,0.8001660487013292,0.7967584951520713,1.1234604440916705,0.5908518145161291,0.4120344261089179,0.4168320470415289,0.47550038215343426,1.2608230427615128,-0.3785240450405318
38,0.6619670590292579,1.3996775425346855,0.9866847491061519,1.8704710402732323,0.9283778299925356,0.5932681937562032,2.1406779121240747,1.2119259367254704,1.1691691142159149,0.9192751891676619,1.563966475290295,0.8830419079816371,0.8487772043975769,1.060417685939314,1.9792311509108524,0.9855681320794079,2.0504778841138878,1.6067347377584784,1.281030564563491,0.9944009070931878,0.8936635754742627,0.6785889891668119,1.5316724682263423,1.1129745085541336,1.180193332890924,1.818170886039706,1.1721187430037425,1.593254982115483,0.805750428720964,1.418605678686424,1.15746003442426,1.6067635761090606,0.901566206387357,2.356545391929676,2.1079681247926554,1.1050800006256154,0.6181114883105165,1.8564501305306371,0.9821082557733232,0.973014603029462,0.8353325503334166,2.5299376969957614,1.4943480674683345,1.6226272266459694,0.8721560621526595,1.2297528691233743,0.26298490003377517,1.9018880111547987,1.9433374844333746,1.1854357724620024,1.6060152934223952,0.8875953925159071,0.9938831828541633,0.2005102738165748,0.56132708824997,1.167839782567033,1.8496277032305275,0.1979892300438527,1.220672199658603,2.442674399628416,1.2443648641224274,0.06934835076427986,1.4067476064233968,0.6635221712152553,0.32237721556589755,0.6349148508537688,2.042214947261992,0.88104958432304,1.6631292483193119,-0.2582905844811569,-0.36663020106378963,1.2823686940791514,0.04527674944323281,1.152953701393842,1.3987628286236469,0.4124157179175416,1.1098233419749424,1.8281965640482691,1.5339135835082889,1.1381025735242158,0.6050360506760486,0.8484142129036933,0.7231271823728295,-0.7372462488967343,1.3377512449530176,-0.6311280342693955,-0.31346734313788444,0.05192319970182689,1.3086657041971785,1.9659470603568803,0.6077284849358512,1.4426565478481104,1.4986950267569328,1.2174494035326415,-0.48995428437463373,1.5815031337230738,-0.23591867756032667,-0.8106057818949722,1.1892415977737152,2.6188839531792087,-0.37016882822859726,1.5653092229592023,1.4952582979785374,0.368229450190528,0.2132283514131645,1.343867785545645,-0.6406603665008505,1.3480796018869976,1.0874919482750263,1.1275064181781107,1.5716774212459115,0.928788933356534,0.8879351942563861,-0.3834624690721588,-0.7072203981423966,-0.13802749701088576,0.02342844196862877,0.8226772200894198,0.6851574596593599,0.4916196645402824,-0.33054461034993043,1.1829610578103162,1.3410542544600248,0.23330866755463475,0.017911813906511247,0.8165350542016925,0.7887184168210113,1.1483489503104338,0.5350376541745732,0.43025280141235306,0.39931397770427535,0.5340474825642493,1.2709142551423867,-0.3482807199222651
39,0.6707651616992907,1.3620857906572195,1.0383018945465006,1.8193539205920026,0.9991182497257056,0.6241897862002987,2.187811169732805,1.1333138941536671,1.1662412048347104,0.9363201911589004,1.5405213313888018,0.9080740063365388,0.8517797516134568,1.0385932598497714,2.056257826713608,0.9588560862966795,2.0487812541237536,1.5917360226134467,1.2910910808671447,1.0384511183134488,0.9458915067223409,0.7680460608752199,1.5285861733991746,1.1156760361835856,1.176167407702347,1.778888055385355,1.1636631803485038,1.4816896610458183,0.8422381090250405,1.4948222441912482,1.1151726785294152,1.672667018151691,0.915830152222065,2.3706710872699475,2.055768071983264,1.1388241550276048,0.6534646874791986,1.8701516185235096,1.0284854356596038,0.9594620337562388,0.7564870259481037,2.626249879751241,1.5292040361952624,1.6249269363076242,0.8746966088238629,1.2878122984047595,0.2737764743679515,1.8847662157243705,1.8271758682717583,1.221402766198508,1.5152665604125997,0.8862041450989216,1.0167333618472323,0.20183566035313266,0.5714034322245333,1.1601738766834504,1.821099783444907,0.2250381982480208,1.2439225381128969,2.3533561807203203,1.2134983542856004,0.07329042638777132,1.35656270579693,0.6623450873564379,0.37461010991187244,0.5514738118690677,2.0022135729816486,0.8859115201900236,1.6290184285412495,-0.213505271236418,-0.3526726772039685,1.3510476984331075,0.005575004871058422,1.0932226317509284,1.3502319696330662,0.43332504329243565,1.0558065991925585,1.897044285990044,1.5525909653379306,1.1740932837754443,0.6313207011343734,0.8578347303074956,0.6773081674816496,-0.7605472197705206,1.3133490616385162,-0.6230732618167173,-0.24788685080252726,0.0722155405510337,1.240394148649354,2.0162642084725544,0.667507568113017,1.4569308835769068,1.438885413387631,1.2184212444422844,-0.5166568983706482,1.644901774898615,-0.25680410412312366,-0.801555475435408,1.2252114896420032,2.6586362309912124,-0.3500153627219509,1.6773737619700488,1.4635637634140253,0.4026988636363636,0.21461843513292356,1.3598244385515794,-0.6704561439404596,1.3520669459533636,1.0614840108326002,1.1488934103930792,1.484203121270617,0.9621541673916829,0.875535539341122,-0.4050570212583993,-0.6934066909219984,-0.13291547267765,0.011834161813505389,0.8093432548146043,0.677927495617234,0.4481170414521811,-0.3404863493313945,1.2312697209979053,1.3397082935663067,0.25483695920280214,0.004197834800997229,0.8778598586699122,0.7601403166145695,1.1516449957285941,0.6563389468690702,0.4068116617217958,0.3523459512434155,0.5462584790293299,1.2983171163490694,-0.3542991248096133
40,0.6526224903548751,1.358352072637787,1.031151111659064,1.8880034153977518,1.0217631999519046,0.6316424990952837,2.2391375887729428,1.1024055984837442,1.168025399613882,0.9807646356033448,1.6200871347080432,0.9308430552091705,0.8309268962240494,1.0634874953233375,2.057911773740047,0.9812729332935174,2.0430001445277397,1.5750066864901426,1.381942139264101,1.1145104807393211,0.897941631276153,0.6963535140450773,1.4527442726463209,1.098496008915041,1.2250536421350675,1.7559826147705728,1.1004866752823728,2.112331800374723,0.8485482877144535,1.4502521221895142,1.2377626707282339,1.7246365895910223,0.6552775028669272,2.4161418173115656,2.125097325001185,1.11301750160314,0.6718069330729918,1.8662046878259744,1.0905863854388358,1.0489960757419896,0.7969206281969821,2.5529688711329412,1.3943589420726996,1.5989114707601497,0.8973346943404784,1.2429735347759256,0.25775386972675085,1.8763591065908667,1.8454407084544069,1.1141965411830097,1.4541107788184304,0.9532295353642817,1.0235884155451527,0.25625934501054093,0.63938259492374,1.1309040542188618,1.7280997537798257,0.24148737419393723,1.4177997527812116,2.1801177519175483,1.2537047303675515,0.08604183427192263,1.3575083163067154,0.7011888546974056,0.3975703039904941,0.6477825921096833,1.9786544813809557,0.9935421615201899,1.550172107414909,-0.1823019751989337,-0.3206080953638387,1.3483431023933454,-0.07950614800894186,1.1118798070335092,1.2745395754252777,0.5677618731807964,0.9873024536282718,1.9371713354820213,1.558708618939699,1.3669544981321575,0.6747708376062981,0.8498031353414333,0.6841602558112975,-0.7616504854368933,1.3324144175312937,-0.6112656976531322,-0.31946962548722224,0.12089300104050014,1.2472213042041362,1.8382979059535374,0.5673652155110277,1.4562596765677158,1.4686507572829466,1.2375665103622535,-0.5333724065174071,1.6323932164112291,-0.2508151244537335,-0.8018497943446621,1.230910423127308,2.637495541649103,-0.40780749700831204,1.5308481861637084,1.4275018717244823,0.36633692841589566,0.23452548311966281,1.294964661944722,-0.6629112904257087,1.3423316123887299,1.0844444136612663,1.106868386780009,1.5924886836143755,1.0397598747172438,0.8334527482489873,-0.5245278715824958,-0.689635282633774,-0.15665798569201186,-0.00034316403907398615,0.6925288718264689,0.730968559253714,0.4629257900051724,-0.34621937384580737,1.0308492435318688,1.3462851479333382,0.24954861624981498,-0.04246756935896227,0.8760201145358656,0.7996242656463107,1.1185163759644297,0.5840325545540798,0.3753034352548856,0.3668014210461842,0.4883084933600837,1.292184095031383,-0.37771710807239567
41,0.6784156857601887,1.3462599176884893,0.9854518555048698,1.8187277643375555,1.0611914650581407,0.5733106885518447,2.282289996921476,1.0966321621227586,1.1350406704912481,0.8339705296694541,1.5759198065314108,0.9604012525286115,0.875041243780438,1.0661256127627328,1.9233907489229658,0.9133678858213442,2.190795468112782,1.6011233303440784,1.3232643055945659,1.0672994912652145,0.9045369673040676,0.44114708074928205,1.5001517849915003,1.1074026078183896,1.2556241290065697,1.7268927051897998,1.1395456095932204,1.5281042411854882,0.8503671039249314,1.431971192347415,1.0975271493492824,1.6890487308880016,0.8622932277675665,2.3687448560871833,2.047508141447925,1.2418161627852413,0.6156707862758585,1.7713091969123727,1.0834392173056762,1.1331961748009296,0.6485036358151862,2.4806498525891683,1.5013879429254973,1.6307720316976648,0.8627651128501758,1.2834319573752997,0.22690314767981154,1.8237121487853267,1.7755638577556385,1.317225678188931,1.5380544761017885,0.9443501033205802,1.1040327636412641,0.39161444505651516,0.6752283449002365,1.0717981776051013,1.7917313530243546,0.27197507099024754,1.5743127906292311,2.2014587177845564,1.2022106014973755,0.09348350764279954,1.402087097482312,0.7147757655248954,0.35632240815922356,0.7085912100801102,1.9752187805225212,1.2218304631828976,1.500217464242665,-0.03754493678555557,-0.21963609843197912,1.318282182475991,-0.028553829908926895,1.1262503996711277,1.3006888795163785,0.708738624221657,0.9858577264810463,1.8972197687137702,1.4990614963224558,1.5057354305930462,0.6633166621964879,0.7973260223676902,0.6342576731277013,-0.7755222124154163,1.26649539744642,-0.5739208435543515,-0.25225888362488436,0.16737902676138744,1.3417143552903932,1.801962131804071,0.5221367305751764,1.4372421446406358,1.4177269159198767,1.240530625136665,-0.5627476263040676,1.584202348975615,-0.2927987839635188,-0.7975085904331638,1.215885962120595,2.6040984403877956,-0.49106940716064557,1.497710537878026,1.4007570085683385,0.3856874319542734,0.25553410688432426,1.3010105880237093,-0.6749319045000576,1.3467850096576583,1.1014136404878825,1.1243025302392926,1.5409420760176369,0.9881677396902734,0.8405883987190922,-0.5680614435091028,-0.694441979471707,-0.17188045815098077,0.0020056771992484177,0.6916441537513626,0.6979538561940957,0.4954373044998892,-0.36411989980022097,0.8370809899362885,1.3399224237084892,0.2021903211484386,-0.04421929741501766,0.8488013359372789,0.7098566584054639,1.0771476426548638,0.5792887215370018,0.3603707427114237,0.3678794560823226,0.5538716919843314,1.263650322092361,-0.42421685086123706
42,0.8001683115293396,1.4406635835207264,1.0582747708872724,1.8593140742849015,1.1214611002840642,0.6402417832048816,2.3647731977367537,1.124332993147689,1.1950628128059435,1.0144563918757463,1.667808155956359,1.0614533396144505,0.9470033918885032,1.0805633100219685,1.9824602855815203,1.0402194232979762,2.084661836507707,1.7027055374626991,1.3464494548425807,1.131217451509648,1.0802491967504602,0.7225244658746648,1.6271452278798675,1.2036867409868173,1.242351848165107,1.7555245059582774,1.184754044016969,2.0033214103219215,0.9254582303289461,1.563969447098524,1.283331475909209,1.7707689990208633,0.9203543993590648,2.381119432170396,2.0860996201786044,1.2198414063844092,0.657236681532761,1.9255778024617571,1.221498681744544,1.1048391925063545,0.6258800726521233,2.7036051992734147,1.4233197305387506,1.587892028631385,0.9093569241238514,1.4392128128957242,0.22130141443764367,1.8189447027523031,1.8603846686038463,1.3537270997669897,1.6179241059436609,1.0268838103811608,1.1545961084387473,0.3199607354238544,0.6295714178958759,1.0617802324163286,1.8479466819606638,0.3032781364218078,1.4413443993172055,2.2232390564782385,1.2739327829305207,0.1327835880933224,1.4746964759122605,0.7995594343271284,0.38927740370333697,0.691453200708295,1.9598072081004012,1.0613865795724462,1.5933542927441497,-0.10999919214767546,-0.3656242533982169,1.368029014551613,-0.059225784554659586,1.0749168157015414,1.4395894840433012,0.5083959691978921,1.0241831271921729,1.9888217504986632,1.551293281240586,1.4001187128139176,0.6742975245728349,0.8052972294016765,0.646231524451227,-0.7728890850250074,1.2783468348932818,-0.6083366894885219,-0.30795907579672255,0.1333513939768331,1.2764867544485223,1.808044424433438,0.5405164336168371,1.4605106542925925,1.5006873523188682,1.2568089603731867,-0.5843629117336772,1.6059277400326544,-0.26475394261827845,-0.8119302169866158,1.2757247637162963,2.6547453065724196,-0.5718449820498722,1.4902466266826884,1.4076615922136262,0.42543038922155685,0.2894993600369291,1.3891739657831197,-0.7263392114988683,1.3685341591105633,1.1155084880765207,1.1154398272397048,1.5112117012055453,0.9964329215242735,0.8678149994882217,-0.6277018431389784,-0.7045582275860028,-0.11499498737613996,0.04693351280035177,0.7209030443780905,0.7286652078774617,0.5211755868082069,-0.39149003330550014,1.0592012351080902,1.339830653647554,0.17034186769276308,-0.13409399362434118,0.8670100855716887,0.7311907276403562,1.146566395135306,0.6277647651802658,0.28891940269229816,0.3896116623790272,0.5636046622719018,1.3115400842964209,-0.3788602687772552
43,0.8710995988939527,1.5396495396495398,1.094398553404841,1.934908211185428,1.1856885918548323,0.7304626056547457,2.5499623146251094,1.13208922583467,1.2556339381296149,1.14500199123855,1.8663534493898726,1.0823288164713056,0.9781836898995632,1.0894369777726616,2.084453685545291,1.1341411034161146,2.338465115402258,1.760130688105389,1.388581058652299,1.3054616241383117,1.238804639908022,0.6494044125810902,1.7911236136970778,1.230659805912124,1.3596788108036364,1.766347326648762,1.3457940782235633,2.5734968489184125,0.9890796789974985,1.5639142177032306,1.424619537625221,1.8266927769827523,0.9805520209874795,2.429917288800426,2.2505534830502163,1.3714359447581208,0.6840844039139987,1.9797071377422428,1.2142323941424984,1.064018200719538,1.0229637188645215,2.6646728950808356,1.485190505898042,1.5649428426327838,0.9369853691731879,1.4956793908936694,0.37085945416052274,1.8492923162098298,1.9838107098381068,1.4674533444494327,1.6417417309861926,1.0560590870961801,1.2011753194630796,0.31432784264348346,0.7827414887436627,1.1201892084952176,1.8157106270209333,0.32539944200424703,1.5494731885337576,2.3580637467203958,1.3337678618698714,0.18797264682220433,1.4866854663041824,0.8394457616573341,0.4403963263689475,0.6687353743317032,2.084277742057396,1.0892963182897861,1.6420041504604024,-0.11893605848850843,-0.3207338388220353,1.4164457174273524,-0.25746214716252996,1.14975633237178,1.5231547870097004,0.525206329906783,1.0505493976290423,1.9760115116666759,1.5865161353113744,1.3725132727521114,0.7127620970922801,0.8587405492886304,0.6984873495914699,-0.77174168873198,1.2666794259782035,-0.5321824772086552,-0.33102957667853944,0.1350424223809336,1.2628324433389575,1.7818984652084962,0.5708339339772236,1.4973822926641547,1.5466702262883378,1.2916008649384092,-0.5417418825460086,1.613762047716859,-0.2511799353980618,-0.7780835424223917,1.2940427642047765,2.6574041049252615,-0.6130615479155211,1.5378886130359062,1.5657183262623742,0.3711639221556888,0.3528399672674628,1.382171405830875,-0.7041522270105756,1.4468828808301963,1.1277332576067158,1.3396287650884395,1.6653071650203293,1.0420654254393598,0.9128807264326132,-0.6367767814614689,-0.6865442068210725,-0.11170057169472121,0.09244439409891125,0.6688310662432659,0.7952064698580878,0.6009457895125737,-0.3649022890280703,1.1755262193668652,1.4277157820032793,0.11953036357357806,-0.258450904270429,0.9264951459058616,0.6992957634359525,1.2110747126050196,0.5726918287476281,0.3358262020940097,0.45444076932500327,0.5559317378427435,1.367563711652306,-0.35956102628933395
44,0.8516454091390976,1.6271797700369133,1.1756051452759624,2.0477871068734883,1.2571805032990488,0.8257713378694557,2.740671542764938,1.1711036594255726,1.3093427758410878,1.1250099561927513,2.0966512211781647,1.1735897506950796,1.0135543560031146,1.1252194434051863,2.2060581716797016,1.1536126712454848,2.5137207095683647,1.8234819045221644,1.4687077088067815,1.284239255862491,1.373652523830108,0.6990499151426712,1.7826742491702425,1.2157169812117194,1.3765346074722942,1.8664441021353593,1.3447371328916584,2.8345256344745358,0.9883001863358651,1.617155354766021,1.4657924390455315,1.868682684341342,1.118792905729142,2.530840128648895,2.413856371994773,1.3954048516508433,0.6443675253500188,2.0667651519850243,1.2179648041675928,1.3867217477915843,1.0772281802953576,3.0157992722828024,1.525541011567145,1.6958346508753266,1.0062152659634795,1.5087407714178769,0.37526670016722835,1.9383871678807425,2.211014252110142,1.2765557194467605,1.7261778979602798,1.0313849049655257,1.2004722370325238,0.4058623503245125,0.7608049504258335,1.2122236353816402,1.9848510318504087,0.3543273031505134,1.6480663959032318,2.4313762412282354,1.2259348606761664,0.18736926790024117,1.5170800898329984,0.8401183810052296,0.4666056045152986,0.6911969846213409,2.107198774927237,1.1467488123515437,1.760056167907248,-0.12575231247727928,-0.3808392118400041,1.3583190713924675,-0.1059879449161864,1.1840841294547957,1.5185997469422186,0.49678991194134314,1.029199540897818,2.033394362325029,1.5759956249507574,1.3564493562656341,0.6994777779530789,0.9395999903379308,0.7915788526558759,-0.7807002059429244,1.3646194105934182,-0.6038516457364624,-0.32752207012049017,0.13614676746116258,1.3760675584004451,1.8171283679708048,0.6003856133775406,1.608265690582518,1.5542410634236923,1.3853835127189678,-0.5479076309928497,1.6684705324695845,-0.27419342580277406,-0.8256160462669324,1.3783425725133776,2.7124606854511852,-0.6365907694298004,1.6688511399668622,1.6431661259462607,0.30922104654327703,0.36537694874000726,1.3552708613148738,-0.7352267931814985,1.507159095028248,1.0817778208742268,1.3043443888271686,1.6527031610506964,1.1502523055507226,0.942944040708301,-0.6517195463956222,-0.6973851569201645,-0.09579649599132095,0.047766435225288825,0.8700412341817148,0.8262377314548222,0.6729575626216103,-0.38098173660731754,1.1417670725590436,1.5047108631280133,0.04385575452617044,-0.34389104567118023,0.952487428415084,0.5660639703658101,1.197285134835164,0.5536423742884251,0.4462643748620748,0.5176773245130466,0.5854889175503961,1.4579496570292694,-0.37443892663934286
45,0.9302818671650437,1.7298570155713016,1.2631405909669993,2.1245197096911914,1.2383932105228883,0.8965362800213548,2.7786223076188143,1.138854060358653,1.322152379383858,1.2172043010752684,1.939273385146486,1.1816720702746144,1.041864086895696,1.1490584319029942,2.2354354212445564,1.1926376202144326,2.557518898572946,1.8092173922164005,1.519980593927942,1.310980443311693,1.48020285114594,0.6598727933129253,1.8041771229660812,1.2078656665386251,1.3879045280598135,1.9825746860523037,1.2176634782149156,3.479645716232328,0.9676621901516672,1.6665856635535699,1.667942097898634,1.8797921217142426,1.1100585952841004,2.6585550931303596,2.3815613976885732,1.3291286735380134,0.6302410378160895,2.087176422163707,1.1809186493440484,1.4299919990856096,0.8952769701754045,2.9919192833739823,1.4737435539351755,1.7335882178208333,1.0239083588522173,1.4824587252411183,0.41489072501256263,1.9838573252064615,2.0949910059499097,1.2868167340045749,1.679438047312906,1.056795629846349,1.159400505047546,0.35992942316692833,0.7190049971916407,1.3223339198912836,1.8991683888894384,0.3514557875220238,1.554653010771676,2.482657326855723,1.229530958909583,0.15293644408688645,1.4968845510882962,0.8509139215389531,0.46849316764036053,0.7651580283887423,2.0937013786976735,1.2110302850356294,1.7824860512221488,-0.13433574342610172,-0.40737108151948404,1.3365936277943795,-0.1164633392624065,1.1691513620440674,1.6161675804864335,0.597214546258428,1.0473790241670748,1.9919804395257286,1.5243663362206803,1.453633695595849,0.636022277266775,0.9298775332737507,0.7851766489135283,-0.7928508384819064,1.3967139865364724,-0.5806941749350126,-0.29753535912421014,0.1456544883862586,1.431684959384947,1.8941444110049999,0.6338564941617414,1.655429169761677,1.4382478692078116,1.4607983673072718,-0.5974211698511311,1.556486016748302,-0.29209956298688955,-0.8151677249884112,1.4825516419589526,2.6087675496903473,-0.6796063908923315,1.7884325257134386,1.6130105648448547,0.3305703933043006,0.3606821376864812,1.4125158322906022,-0.7443701326103914,1.480904764617241,1.0351990247889236,1.2849962343914483,1.69286010393069,1.2441708717591788,0.9559285850063606,-0.6526935581003921,-0.6976070044665306,-0.11134557000491317,0.06305889094713275,0.8537055468663602,0.8283491368830538,0.7263121597990199,-0.4071513073319314,1.257629602751958,1.4150515135942048,-0.05737260125302156,-0.4227977148628603,1.002349211740398,0.31708689122278166,1.1648628105177483,0.41936966318785585,0.42802147953804265,0.5173098125689084,0.5441984331709178,1.5102760729525064,-0.3882577222186732
46,0.9096254522006187,1.8109380966523825,1.2814285127193523,2.2140031307812724,1.2070810558959535,0.9609592501424256,2.8037812762072583,1.1923312436215194,1.2850960262779867,1.1839506172839502,1.9335044028872606,1.1489733144899827,1.025234594623131,1.1695398163870265,2.295765108018493,1.185151702330452,2.5053632359132583,1.8089027338567145,1.5446978014963098,1.4740866354268054,1.3878681467551395,0.7962789664853203,2.0319052052133086,1.2217954183779858,1.4765191231446455,2.0545550331842564,1.2588843461592047,3.7611139499233524,0.9927915488148004,1.6520051031961251,1.9391260200354148,1.9620772764931838,1.1112210754512464,2.776171936562787,2.4943568425399962,1.234152368737976,0.7194376030826808,2.149368773012016,1.1771465328293254,1.32788509162952,1.035222160181245,3.040018787100279,1.6634195479598666,1.819827330132904,1.0152886469320628,1.44622135854286,0.420245322964635,2.0184597560913096,2.1385775563857754,1.354956283802561,1.8130316434161273,1.0669844712236838,1.1049702068820055,0.27377929829066566,0.7345293166165658,1.3288238061222715,1.8915543513729987,0.30267547264792727,1.4731885337571375,2.533875644936542,1.2041085422316786,0.1716814159292034,1.5091774877155062,0.8317779010913251,0.44395484701455595,0.6996521154908247,2.2172884467196416,1.1486416270783844,1.7505498738707386,-0.2481924304237186,-0.4894815597218555,1.3108334589566464,-0.26035335600208676,1.0850710975408366,1.6000281175312807,0.5113665671861758,1.1156423818734904,1.9497475973490406,1.517275419545903,1.4706868855316406,0.5945285013331648,1.012186284692867,0.7882912345179138,-0.7905560458958517,1.4389669374339795,-0.5900303884597079,-0.36654925576639014,0.15065855203104603,1.49686907515959,1.9368784410373072,0.6747603430877902,1.7185226286256365,1.4387260273426763,1.4777083991350615,-0.6036103622084164,1.5433191130773687,-0.29320919627588815,-0.8229671760836453,1.4969840059801793,2.6329561298271784,-0.7009929169766164,1.8253285973669862,1.699775393062141,0.2760700190528035,0.3286577561425966,1.3854622263548806,-0.746480134017059,1.4384939231840757,1.032740218452822,1.1331236243046106,1.7928965341082772,1.221767878893336,0.9089619675678836,-0.6853585847847493,-0.6934954299405448,-0.12327362678246345,0.08691378919732938,0.878477652969335,0.7913035689149933,0.7403204354572549,-0.43972837604324194,1.22575584559726,1.3847368034652372,-0.062187361254994855,-0.4561436732632642,1.068249790080477,0.03833764083404528,1.1716567000531404,0.35514261148007586,0.48083760390358715,0.5513414185961043,0.5702624916403933,1.5519458206287005,-0.43152971713497035
47,0.8662360514552387,1.7874326445755018,1.2093042370443432,2.163227550875196,1.1727128349774305,0.8802334705635756,2.7091962930329823,1.1527919521796184,1.1937361038675853,1.0711668657905213,1.9365042736620577,1.0694432898273618,0.9184626958254696,1.172082002283171,2.300569430333389,1.1261233990157857,2.396464725805742,1.768049590157486,1.5318795802160199,1.359445709870659,1.3467364227432146,0.7710596856313542,2.0250242855986404,1.2029691477102442,1.3980357024354633,2.046309074562935,1.2066135951995467,3.150485436893204,0.9448713094734343,1.6230096706671158,1.6369231150240842,1.907848158469534,1.0880657272570178,2.723755100134837,2.4938152077507936,1.1598213866775104,0.668478703025731,2.179647369934537,1.1776627171944978,1.2550604422818392,0.8801304144123328,2.9436500166933572,1.666910868308541,1.8424890524237978,1.0065328342973798,1.5182978791185164,0.449777990131064,1.9519205630712606,1.963608689636087,1.2910921567369975,1.6983309754481468,0.9453730793624814,1.2335757014712003,0.27361362497359576,0.6506160310293535,1.3305660574594493,1.9593390619901316,0.23758778506882774,1.4250985932073696,2.3780238265607148,1.1835308690071276,0.1435237329042637,1.5164384255585008,0.7763540668247324,0.39184572729973255,0.5936925293082734,2.1391998743515117,1.0127672209026124,1.8279671442595653,-0.33715716766975,-0.4774101877349831,1.16101657340983,-0.17986042584573095,1.2088900913182647,1.4857584704062985,0.4182878302199623,1.0014286746233678,1.980808039448516,1.4262521492892861,1.3353448560136048,0.557830964138649,0.9683446460059421,0.7797780338659273,-0.8110473668726096,1.3976709349017469,-0.6184051550543698,-0.40933095547442727,0.10881422672549619,1.4966516498234506,1.8297668981097497,0.6893559896208734,1.7271588254772279,1.2995023170746287,1.4397094195680165,-0.5889344742703083,1.614947069047243,-0.3202356070682119,-0.8658641571074337,1.4426221015002256,2.507473817321098,-0.7491024936123419,1.7130523161945697,1.6108892770984111,0.19611629014697893,0.3276348643488116,1.3931918280508009,-0.7324773974091741,1.4222856284727439,0.8811600024934375,0.7952174690949637,1.8515616821529812,1.195406298938577,0.8732252262790798,-0.7218008763729704,-0.7164640459076523,-0.12946485625271575,0.03127457121153565,0.7877624531968339,0.8018605960561506,0.7263121597990199,-0.5040596558296766,1.1002885001903182,1.3504148006754277,-0.17896502392580538,-0.497506549253543,1.0701367071410375,-0.08319225605128677,1.1324741193168442,0.19633538899430739,0.4531545006497806,0.47021928212666925,0.4200284226616983,1.581219035854252,-0.45397265156125494
48,0.8419183142616697,1.7473376044804618,1.175851723996219,2.056268677956454,1.0312820949584929,0.8880444869631269,2.5843568539612103,1.1031637264907423,1.1774038593505531,1.0939466348068496,1.7713729254739796,0.9888972021318849,0.850690915809896,1.065502057731603,2.1970796021076016,1.109351670423261,2.320744757727521,1.691272950394109,1.4271378597145263,1.173913043478261,1.4282868614667494,0.4533601916030896,1.8728851291184332,1.0703410256518489,1.3221182560222973,1.9524540316438652,1.1573215083570747,3.5077499574178166,0.8927195385403447,1.5810353302441693,1.6998278786978216,1.780560367552911,1.0891967890412677,2.569539864229888,2.35475047562305,1.2067816757120287,0.6002869673907417,2.0737004730678366,1.0017232616498837,1.231656406990731,0.8238442728690527,2.8784044545799214,1.4810696031914101,1.7248205747357725,0.9674719292276283,1.4430356559759798,0.36818215518448655,1.90932112593747,1.9096443890964436,1.2113020799931593,1.5807650292795612,0.8478220840067924,1.0224752016967724,0.1917710063411461,0.6558952638772708,1.2310399498231617,1.8339052101771005,0.16675706623274866,1.358996998057567,2.4068968980278433,1.0693547500961458,0.14710378117457748,1.4389996791678625,0.6376599572886715,0.3258119615803546,0.580710914235935,2.1000819660061945,1.0322891923990496,1.6868639170902038,-0.34675041402431633,-0.5170193770669081,0.9690345922267248,-0.22490462153447766,1.1348587008843714,1.3705890622803318,0.38968718912346606,0.9730558387042406,1.9231327175839539,1.3363875255481554,1.1924655049769877,0.47796727829228636,1.0388777506703062,0.7180400258856667,-0.8270373639305678,1.364656216299775,-0.6283820891150733,-0.41797621811750635,0.08834933195750357,1.2749212920283175,1.7805556213812332,0.6797156551823553,1.652475858921236,1.1525085371150332,1.3990864695449352,-0.6298206540851014,1.4685969347448258,-0.36744822344670336,-0.7995688227979427,1.4417709620835892,2.342368924483641,-0.6989715061936027,1.7849917155879285,1.6434572830879293,0.16921696379967338,0.2473509725340441,1.160385408654858,-0.7767874269491937,1.3818425672281747,0.8107203956254027,0.7065072212305424,1.775309551825068,1.1338089437967638,0.8428402228428548,-0.7289396694774427,-0.7539858609163782,-0.24340619861350543,-0.008039367245492231,0.8076686098867246,0.7542580009469333,0.6722802394029704,-0.5604456381126075,0.9561806985902271,1.33820938257103,-0.23538059296531988,-0.535318625130196,1.0226807430679385,-0.21743237577680966,1.1238640414898127,-0.0613140417457306,0.4663707917514651,0.45444076932500327,0.24199866246297863,1.5992701269665903,-0.48668722114443835
49,0.841098615255145,1.5851754423182998,1.1878518883820324,1.9666144869787965,0.9662530122292753,0.8029474046285647,2.5093045721382996,1.0464207610438843,1.1850438728921338,1.0328952608522495,1.8784913880632836,0.9631261488439975,0.82294210033127,1.0752391093715525,2.143680740968268,1.0904937024204466,2.221963189413029,1.7026006513428038,1.3599315680616904,1.036193419560702,1.3616650549685612,0.7187177819721793,1.6796122399417148,1.0160994162167636,1.3566261862101001,1.858083616310964,1.160300172474261,3.1649633793220917,0.8523343949281013,1.5987087367380417,1.5153856631623264,1.7131505611207352,1.0054982170067706,2.4457941033977555,2.1633502819886123,1.2718848241237461,0.5374943604990866,2.010211273561767,0.9978320256662746,1.2392763254576036,0.7839882935094441,2.7118104087326063,1.4812985422306675,1.6782993647052056,0.9358511965521149,1.3671362923200676,0.3555782553896087,1.83170915503427,1.9246575342465753,1.129588063019731,1.503357747891334,0.7952001964113999,0.9084586675416139,0.14119922630560924,0.5971246260543396,1.1466278725368924,1.7887648449010667,0.13173166572722012,1.2821825887338867,2.3341493114400134,1.032145122542042,0.0811745776347545,1.340250924503132,0.5192453210916613,0.27871571442717114,0.5139239209032471,1.9585310906386968,1.0921169833729214,1.6479067513327448,-0.4063295229632024,-0.5233065499767374,0.9318353122699984,-0.23969587835134054,1.089006320952605,1.333361450864614,0.35201355882244556,0.9272258830894688,1.786197698836549,1.2454569470127774,1.1282098390310775,0.4255873025890222,0.9045749897340515,0.6699715880579863,-0.8334510150044131,1.293105923142324,-0.6552008201222861,-0.3840126863054099,0.044037485613317065,1.2100850567914978,1.7179948971934562,0.5826365864206429,1.4859717735079065,1.0666393053956162,1.2708520615175292,-0.62843746336889,1.3518064991836523,-0.40715181455443655,-0.8149469858064705,1.2984094794727372,2.1194189552867937,-0.7157896439082765,1.682402638307333,1.561517344646868,0.0940051714752314,0.14262258964728605,1.1089185062736049,-0.780368035396872,1.3454904174283187,0.7721413779012184,0.6052310752164703,1.7964558043322596,1.1025317556986254,0.7826843498223398,-0.7685653163934485,-0.7787440470908391,-0.2838905913192146,-0.031111318416248007,0.8041929317345213,0.7303287394269774,0.6601807837245388,-0.6434598330813052,1.0836401538193372,1.2368646452781242,-0.2514429480538701,-0.587586402802765,0.9475814440576263,-0.24946001454113179,1.092450710667752,-0.19532732447817838,0.43812372802393146,0.379762342276124,-0.1261524314512278,1.5548165965646386,-0.5568234926249324
50,0.7096188946085663,1.4943357800500658,1.1341388238195043,1.8507186566102183,0.903378205738391,0.7002576202197833,2.523582552202205,0.9888613500510279,1.0587777808276835,1.0272003185981675,1.7442356329265816,0.8555620214112193,0.7037970674022358,1.0209898216632614,2.0052217470406166,1.029951852866943,2.2207692646051567,1.6058956487993157,1.2115772540408036,1.0231489378781646,1.3039113016430408,0.7225244658746648,1.655073666315875,0.9871846283077883,1.2530581547105535,1.7434991496355168,0.9147045117152782,3.605688979730881,0.7670356265265067,1.6132892970954864,1.4870289881991652,1.4725088498907888,0.9615124809526051,2.33541521956117,2.045273897942465,0.997434975053568,0.45976169872861616,1.7870969197025142,0.9672580286522025,1.0178632660059108,0.718363915256304,2.6059349128833107,1.495492762664621,1.5663322505533674,0.9390268798911192,1.2446460286235375,0.2541292188053481,1.7925955924192487,1.7590286425902861,1.2835567241711026,1.339231030962912,0.7768684657405324,0.7930945587278898,0.07724932591669119,0.5501900764886107,1.0660487481924146,1.627238477588031,0.047571442245312415,1.2284419330154808,2.2201006791448545,0.9259603330386531,-0.000764279967819912,1.3303557859543067,0.425448553027628,0.24136671947717603,0.3828266897450933,1.8806388440339057,1.0557452494061756,1.6129260745840217,-0.4449044714626167,-0.5607781005193205,0.8541114293568378,-0.33376491958039756,0.9961420756195342,1.1876564037677493,0.3218239932205886,0.878787392347762,1.5940441163567443,1.1117491391256387,1.2006152338689544,0.3433254973731126,0.7455735645788547,0.6117980502694114,-0.8315681082671375,1.21161808926856,-0.6089774100245304,-0.464957045395039,0.0639674632330739,1.203040475900576,1.6882943513669355,0.5137577483061843,1.4539775727364663,0.9251443439869624,1.2312495444495732,-0.6382135740241471,1.1340259124664245,-0.437856735702071,-0.8151677249884112,1.1730329427960298,1.902370221458448,-0.7351749733173777,1.609986819050442,1.4692205307378752,0.036676646706586914,0.07595102708827313,1.0196071678662855,-0.7918771339786954,1.243114063932143,0.719398250438083,0.4763265968468747,1.624522115630221,1.0381068383504437,0.7356592434455833,-0.7981301350906721,-0.801328127310912,-0.33760944702096785,-0.11628596559030872,0.7296238368327094,0.6539342521146045,0.570219945321544,-0.6883123189881819,0.9200381346737392,1.1786518366248195,-0.3036357357801786,-0.6382602657576619,0.9690922985480173,-0.23353906735091368,0.9463484525403092,-0.33641929554079697,0.35708505995145023,0.31819184123484023,-0.3656252985573709,1.403709390482073,-0.5910678802102071
51,0.6762298217427893,1.4000169714455433,1.0432745654050055,1.7918599686921877,0.829782117503244,0.6689777242711212,2.3395080731627047,0.9215629100451963,1.0493078239228495,1.061449621664675,1.665177500046152,0.7516926686433711,0.7142234950969393,0.9463550810141884,1.873536059983146,0.9843818390814001,2.0179277235624205,1.578520371506636,1.1208794014758825,0.9503506958729268,1.1855517577907408,0.3263121163576378,1.587984700072857,0.9522758259709667,1.2412015838255135,1.6354999971368196,0.8054547987720219,3.143672287514904,0.719635048959563,1.5006213306970504,1.5375509243780725,1.374971755667696,0.8292096705782552,2.1626964901733032,1.9420247662507362,0.9350297949544079,0.3500040678367245,1.640891329720952,0.9648756392744827,0.9145045148016918,0.6908305575344486,2.4752740257021113,1.3323736971937798,1.4731940092563311,0.8367698763751843,1.1207221987719118,0.25033981102388153,1.6696159899114695,1.6535215165352148,0.9702751234528316,1.3065041815153735,0.8202426499171387,0.757823256794999,0.07194777977045955,0.4553808400006745,0.9857309615485131,1.4941905882585604,0.04111939478376777,1.1727588439578551,2.0515698163421585,0.8539884225615209,-0.07731295253419158,1.1394775501933436,0.31211219290722897,0.21385780770373308,0.17924877443305073,1.8027956788699493,0.9440320665083134,1.530165397089707,-0.38017530395443716,-0.5566285663988331,0.7488095343661046,-0.33537813030971547,0.8753447712475712,1.2464220441445242,0.2925325153826312,0.7166970326909651,1.4383324461706744,0.975909421650005,1.0627293583383977,0.30183172143950265,0.6804753738012996,0.5622761391596847,-0.8421300382465431,1.1018634729128405,-0.704261706879508,-0.4613260350849458,0.00914708323483389,1.0526256283592215,1.5296018073098097,0.40433544759982704,1.3910631024082905,0.8419448285205391,1.1323161398479065,-0.633548235845739,1.040343392847738,-0.45003230096902896,-0.8209069437188666,1.1197442141022695,1.6521837813300475,-0.6568857336912578,1.5893419582973813,1.3337076782297645,0.01717729314099073,0.021737762017667292,0.9361886941182324,-0.8093326001611273,1.156065682431348,0.698965916095831,0.31076464738508625,1.3956819771117985,0.9710283626239781,0.6008422407112254,-0.7965028228522151,-0.802703582098382,-0.32257157544069903,-0.1298126257712861,0.5655718280487226,0.6358273510179533,0.5524248171227311,-0.7342439624507129,0.8725832328385079,1.0982612632454787,-0.2729909723249963,-0.6773506296752203,0.9046540809298728,-0.24136686638610427,0.8445410088589629,-0.5248754743833016,0.2998798518990755,0.230160480215607,-0.48403315181045203,1.2649117236399703,-0.6280693024366134
52,0.5458976797053456,1.1922864780007638,0.8652858258332305,1.6511455813291593,0.7258257641418216,0.5771803664011638,2.1484803770660603,0.8181075958594549,0.9202968168135196,0.894982078853046,1.5572744558695935,0.6160020690738126,0.6056038749356598,0.8132500647537918,1.844867644858194,0.8770836827443456,1.855742464135127,1.3679614858167741,0.9687460102647903,0.8116778213708747,1.2551147276527292,0.34677304233349704,1.4769286812919942,0.7699227109829759,1.1030813812020264,1.4787695197301733,0.7383868131656955,2.6978368250723896,0.5562385396019391,1.296935320855172,1.2951570761667717,1.240717029449424,0.7653046797681321,2.0543605788032857,1.7686339293572824,0.759583652658085,0.2691650580221438,1.595219703078042,0.8261808710015563,0.698479826265859,0.6570075283516567,2.1534034642960216,1.10967324675622,1.3413439886547656,0.6609731201088803,0.9774452258264907,0.14263001375719786,1.6050760484536561,1.4634703196347032,0.8558541225763698,1.3902240289393095,0.6548069644208934,0.6306825172694626,-0.03938468930040305,0.39137918150195344,0.8180392703451401,1.500370813515411,-0.034674437484268766,1.0308434869621523,1.9028107307397781,0.6554038867828406,-0.15691874497184244,1.1736883875652215,0.2821806319258775,0.10840182196257048,-0.05797885363229004,1.6087767432500748,0.800066805225653,1.3739639382153017,-0.42859595265985384,-0.6008902636840319,0.6395615894157184,-0.459679159621964,0.7846940890836199,1.0862083509067904,0.14310452820456124,0.5895610437351013,1.1683230285978343,0.778290671968633,0.9060001790113862,0.17889654954798606,0.6060774414840939,0.5145883729058734,-0.8564724919093851,0.9970776269152768,-0.7347416980924834,-0.5526941108470874,-0.08924316125681363,0.9612635021133743,1.3424725704400575,0.45424895487963085,1.296512408380243,0.7093754856293559,1.0893121795962,-0.662970343453288,0.7778611681676936,-0.476952308569257,-0.8680715489268397,1.0585731942892243,1.2213287506890176,-0.7438266114686762,1.398403464101763,1.2595042009816153,-0.09716079205225904,-0.009185043748295124,0.8247217152062694,-0.7963528945382933,1.1349897209376991,0.5834712804493727,0.18161051540986856,1.309715132760779,0.9398816773969029,0.45690096360525817,-0.8378389293473291,-0.816295441772414,-0.4178824291203626,-0.1707757506296893,0.42243708232617666,0.588608647804778,0.47213122829486964,-0.7658362998924889,0.7960292982437421,0.925091158260529,-0.3038330620097677,-0.6931161821797178,0.7666260979498647,-0.3160626436202112,0.7276995620968231,-0.5280627371916508,0.31081578108525604,0.1309567560945732,-0.5569408617559951,1.1703501041743696,-0.6584134946758972
53,0.37261330972600193,1.0327973185116046,0.6461184399786297,1.3353920592002277,0.5656578307941265,0.41175163834277473,1.8762433519814012,0.6146377022889636,0.718179572342236,0.6507367582636396,1.2745481733094575,0.41810070108349273,0.4547836186303107,0.6366400936291865,1.5658231536831826,0.6896902957142096,1.5498463607286712,1.1039106789802968,0.7964915864463905,0.5099489258371046,1.144821101510243,0.1494599267213347,1.2738909576621065,0.5651553589443779,0.9170482447408587,1.2375752300565186,0.6356229011227642,3.252256855731562,0.31292547307780844,1.0561351573761621,1.369949354235546,1.0155155532123223,0.6781500856150933,1.7953700406843378,1.4434499427898257,0.7588798348374178,0.11421745915522137,1.3554154708406398,0.6410295098630917,0.5036276254701217,0.4575671807510379,1.942557875020513,0.885198518764416,1.1214821628769367,0.7882726550981056,0.9142886724380979,0.04715341335024845,1.3621413522117365,1.1861076518610763,0.655229910857436,0.914363997779409,0.4334758679951715,0.44342822993139114,-0.18509437166323592,0.20253210328011484,0.6369322438454973,1.142807701055088,-0.15187481609892203,0.9022308552592858,1.5401398460939755,0.4598660453408054,-0.2584070796460177,0.9543405210989343,0.13491062570414844,-0.07661030795128226,-0.251706683823655,1.3283744717609933,0.5228622327790973,1.090328433139065,-0.5293250393828008,-0.6305657198184264,0.43414530331379503,-0.4641835791908387,0.6315365993345257,0.895627723885843,-0.08844091964187042,0.4205279675096918,0.8286469697058323,0.5346504826921383,0.7258110864577887,0.013773409273779973,0.5427305007367328,0.29078809397742955,-0.8546631362165343,0.7578773413029957,-0.7069161205286859,-0.6078508865099321,-0.2127400009317911,0.6793063262075802,1.134726731281152,0.3432499639613666,1.0973876623202283,0.4693002554161373,0.885322772662115,-0.7061071386707303,0.5321667456680889,-0.5322667680030401,-0.8621851707417573,0.9052940871714783,0.7992931487305859,-0.7554295093631748,1.169351380823571,0.9824473837451125,-0.15236288786064228,-0.09481944648439947,0.6297214664814622,-0.8194989705750713,0.8794372148660616,0.3681352551271307,-0.0923427078262246,1.227893791376516,0.8087262919784236,0.25727821725716116,-0.8556680948212273,-0.8445144496701866,-0.500427422034529,-0.23146247851060145,0.22960013902712603,0.5056879982596899,0.32995492721854147,-0.7879725192528453,0.6975621556051217,0.6793921151163643,-0.41285580385772774,-0.7199128870372125,0.6638834640023396,-0.41517053987931934,0.5013486879721251,-0.5415900735294118,0.18139911237525433,0.0030871003307608265,-0.662421180854113,1.0253324228044005,-0.6822853799832561
54,0.2040285473840672,0.7418218846790277,0.46956807627501745,1.051401736160524,0.3729252566344195,0.2514466503996875,1.4900478763495075,0.4408514360693979,0.576130218769729,0.4858622062923136,0.9796839520759109,0.2303137787384192,0.31501669548232136,0.47226139426904984,1.199749545164568,0.5445943900613189,1.2624875109181282,0.8967081491270849,0.5897658504200392,0.3057526164219991,0.8334142895976402,0.03795581074436512,0.9808953290698619,0.36372270507338433,0.7159731899927001,1.0322279549449977,0.43634066308906705,2.757026060296372,0.18159951894167195,0.9196080922109985,1.189841128323241,0.7863598704526624,0.540631823680035,1.493301968841752,1.215963331324771,0.5408527143907281,-0.04080410037941812,1.0799197081526675,0.48684921063498593,0.3756674232157146,0.2408623267933585,1.5504620381740295,0.6742884288486084,0.9447398932551428,0.6200975388454122,0.7404289548506303,-0.08300450610012276,1.1237177876999895,0.9804206448042062,0.4510784753842536,0.7823821206640281,0.28506250383616005,0.27562588983870134,-0.23086162550375042,-0.006371238546596106,0.5234245692283569,0.8739431814810786,-0.25882991055760585,0.7145800223674145,1.2500282453960003,0.2814596163162969,-0.3502413515687852,0.7808547643572381,0.0336477828784745,-0.16418085949103867,-0.2889434217943097,1.1477547694890131,0.4802924584323038,0.7850086364370658,-0.6126348103566668,-0.6436430394708715,0.3197541921238614,-0.5321898392865,0.40227469967569546,0.7483480950372557,-0.11487693894845455,0.2971643216604732,0.6018063021695512,0.3516306791058955,0.6208538843115364,-0.06596405976365914,0.30027295345298194,0.1947550378422148,-0.8707855251544572,0.5151437078804697,-0.7487460183795263,-0.6408016875552679,-0.27401389749261895,0.5339357464646641,0.8570740222912073,0.1552634424102637,0.852352356831545,0.3020644477472777,0.7475643237202069,-0.7288711757121088,0.3438800231737506,-0.5611172335170055,-0.8592419816492161,0.7961632115340492,0.3845854544275477,-0.7735211358711472,0.9546448289917367,0.8437318026786458,-0.26246937942297216,-0.21483875028850785,0.4557671629683199,-0.8184120001534546,0.6065371729212733,0.22642489558730844,-0.08868112161043239,0.8941598656689542,0.6693927266399863,0.11901036716430999,-0.8472345788409023,-0.8481231697577425,-0.5281459539747408,-0.3318796060610099,0.2239758598353792,0.3877052222094258,0.22934164183148198,-0.8341874415737355,0.39817650804492244,0.4741330788243642,-0.48924078733165605,-0.7712811286809962,0.5793495796892246,-0.5181790682000308,0.2957830798517452,-0.5945875830170777,-0.061201971409656025,-0.041234840132304273,-0.6437314894430115,0.8651344262580309,-0.7351565625830052
55,0.08582795064319051,0.6553947982519412,0.32716886532692213,0.937384374555287,0.30058165458435,0.1625515509167195,1.3946136452903892,0.3127278028867182,0.4126247792630817,0.4063719633612104,0.968422898705902,0.1778017938130999,0.25054441790178045,0.29450024462543545,1.040655593097528,0.3994575777533246,1.0659926228014502,0.7574718249660428,0.4718484283635062,0.14761336156292962,0.7841275217133616,0.11757894903801906,0.8333097223346556,0.19884509693840927,0.5835600681310416,0.8899279051256647,0.3464042239378902,2.2945835462442514,0.032159640097102704,0.772697900730685,0.9385316443156629,0.6786548166001357,0.3685847589424571,1.3175479660749834,1.0253078855254874,0.5274019738179768,-0.1856930484368412,0.966022565166645,0.29534481115593514,0.2341546516880841,0.20042872454448007,1.392469315346005,0.44609344146887286,0.8342100976418393,0.2742202563230123,0.7043508732807162,-0.15088433244639224,0.9718771946912186,0.8700705687007055,0.3827251544496463,0.7832327501298326,0.11279333838001507,0.125107659497179,-0.29613691242922646,-0.12294827074991638,0.4077826367231737,0.8589128736564189,-0.32214505762529205,0.6115133321561012,1.0846357599266874,0.11389142780083623,-0.3778761061946903,0.6525894530656355,-0.10888025694059081,-0.2365580750569363,-0.3634738346438312,0.9922647649244393,0.39448485748218515,0.6962210927888856,-0.6678212222805672,-0.6670313226954369,0.15805481905809107,-0.566591034319487,0.2639797054906907,0.5820047799803179,-0.1566034781327145,0.16842308031880315,0.4209421082494426,0.18228290440239328,0.5592833891566208,-0.13683479797422032,0.1886156670450977,0.15108162636738945,-0.8766107678729038,0.43417115389569993,-0.7741002453044339,-0.6556715393013638,-0.31594449975756167,0.4024803882346801,0.6991713863677652,0.04025515352457828,0.7018229982369629,0.1655104537322236,0.6503316407104155,-0.7619505333489626,0.23189550745246762,-0.5941174235227057,-0.872559912292965,0.6377772679164846,0.1473039136214778,-0.7840931142663087,0.8125129030379704,0.7350054072040596,-0.30799622346216654,-0.3023091126544828,0.3085220771965271,-0.8365708001381091,0.43451175748662685,0.1287306325712188,-0.18005434126815728,0.8090304966647542,0.5289281364190014,-0.017356592434455847,-0.8559769278007885,-0.8654124885378768,-0.5760285818960498,-0.38783533456827957,0.10807779199646117,0.27899983364684494,0.09692495258737477,-0.8674659626962211,0.36761896630844304,0.2614100775762915,-0.5144393468501801,-0.7929489000410315,0.48830583151717566,-0.543811793176282,0.16908712995163558,-0.6840162476280834,-0.042223475467719394,-0.1394340316060271,-0.6560917645934844,0.7269892084922773,-0.7769996066182281
56,-0.005650458484977585,0.5728711442997159,0.26281181933999087,0.8224562402163088,0.20048295867296603,0.11367895289383821,1.3894120019957321,0.19498469164601268,0.35104718508962135,0.39689366786140956,0.8088759253447545,0.07300874737901919,0.17897821008591902,0.25296188639786665,0.8880986697540346,0.3589190825455392,1.1347375564757853,0.6564664915068461,0.3768097438909173,0.0596132812891962,0.8030668312529802,0.1026694370866178,0.8464644215979926,0.0812442223188393,0.46198597562324417,0.8446896599114703,0.29706409412578627,2.5734968489184125,-0.07448237975397717,0.7002369341058086,0.9797045457359732,0.5508021390374331,0.32409632876195843,1.213648223489514,0.9404743366666443,0.42182930071789393,-0.2996664373885967,0.8990375127570439,0.16435310187096963,0.1464167333409534,0.006058622305228749,1.2685423586864872,0.27164189355479373,0.7778672109312863,0.04888283996824302,0.5036516115672862,-0.19186760138725278,0.8639688731910621,0.794243807942438,0.2421706321212511,0.7078848874482906,-0.014996828774270136,-0.007189017852434516,-0.3341175203674634,-0.3116989246275009,0.3406188476749656,0.7435651494625674,-0.35596513058305945,0.48725646006239337,0.9228210246174319,0.006108372415928694,-0.39493161705551094,0.5651880245183296,-0.2004237501891741,-0.28291167442321014,-0.48084927092289037,0.9534413452241305,0.25924138954869347,0.670311781591341,-0.6730217716201479,-0.6811145900134545,0.010188789671103192,-0.569398440004274,0.21370019922068514,0.4996766483902713,-0.1985833241221769,0.060469857373325664,0.3503395590704093,0.09343788959489074,0.4720388925790359,-0.20647492229777714,0.14253967487137373,0.11751331485345855,-0.8792291850544277,0.40321755484970373,-0.7908505107457987,-0.6660211537226501,-0.35758176036056866,0.28954966864378767,0.593481678080839,-0.005288669453654355,0.6545700247899121,0.051111119965891495,0.5003765883524864,-0.7843629117336771,0.133933744140728,-0.608846665399962,-0.8948545696689648,0.5527743444376187,0.009370642975260099,-0.8282609398751577,0.7156408641197612,0.5973296730721238,-0.369939099074578,-0.3219538806940976,0.2190194120145561,-0.8403432268954846,0.2403229230856865,-0.01332603772016707,-0.14501961861250862,0.7639324492385253,0.46363319993039864,-0.1101785374840984,-0.8833324028749975,-0.884506167361789,-0.5965334794993624,-0.478690512680411,0.07793418329462683,0.2258308060450177,-0.01218566045171285,-0.8919628392095711,0.3079268184227474,0.13519565376991402,-0.547886142765527,-0.8255373544171953,0.43490607870331055,-0.5954752668085401,-0.009538351842758459,-0.6092267552182162,-0.10494568815437817,-0.2519171873085875,-0.6881568262157256,0.6271210032057,-0.8079994351441223
57,0.009049477032033756,0.5645551359837075,0.18744092384827185,0.86765333712822,0.14176640631653845,0.08565961883673176,1.235538900860925,0.11946347864120137,0.2671442818844756,0.39769016328156087,0.7314792593549817,0.031627271131801825,0.1187292956222203,0.21506892681382572,0.8758122061290553,0.27526497285843426,1.0568810913729507,0.6154560186277745,0.3226259479610855,-0.02708235081628349,0.7578798668455133,0.01210208257331826,0.7773010604711409,0.03130817254319269,0.39730572698918315,0.8352411656578725,0.285773996262257,2.7416964741951966,-0.11505311685708548,0.6090532024764862,1.0700991864482334,0.43669503652933656,0.2658780652559811,1.143078117430058,0.9638323369510025,0.351447518651172,-0.3209671096910662,0.819929744633584,0.1312775960102918,0.1438586178556461,-0.030588341002881828,1.1704759587362845,0.2170971674517367,0.6963233391784287,-0.03790404899625735,0.5103415869577339,-0.18832532889588185,0.8573047013169431,0.656288916562889,0.16585433634750638,0.574022671513762,-0.08136751437281349,-0.007481968865166158,-0.3244670496481513,-0.4279866837980586,0.3479798595745423,0.7061871471091378,-0.3836522133713366,0.39496144564129737,0.7610062893081762,-0.0658635380612035,-0.4372485921158488,0.43138413738369835,-0.238628529149641,-0.30348920685216363,-0.5631515717433512,0.9861786662609269,0.1436312351543942,0.7556820299976387,-0.6579250313042776,-0.6988444176191734,-0.047849181083789376,-0.5706764381145129,0.23509797652217607,0.48005061155630535,-0.2672294683320438,-0.019311186201250333,0.27540843603947174,0.07007957584268351,0.42036113191725916,-0.17968540460375823,0.09585980337689329,0.11509085938338111,-0.8754045307443366,0.39743905895169973,-0.8226119430307912,-0.6790137484376775,-0.3854664736363495,0.23319302151641128,0.47388958664107345,-0.11286399019749174,0.5501302141597831,0.06645202679279433,0.5069851065380596,-0.7898722306880788,0.027742666034655333,-0.6067338020140604,-0.9005937883994202,0.5677247933211457,-0.12441230829091149,-0.8321016203628837,0.5513289467415526,0.49733799184759997,-0.3785936649428415,-0.362502360519524,0.2028714322339696,-0.8099719945267843,0.12986831407843163,-0.08975682059025213,-0.2665177066819789,0.791317893079522,0.49160431529493676,-0.1758616151720306,-0.8969923231248197,-0.8784571242642056,-0.625601017860845,-0.5201367325452777,-0.03534132739308341,0.1617208594059912,-0.07348341173862696,-0.8962524904932965,0.22881159977090768,0.09760051880674446,-0.5974939568842189,-0.8317078559479848,0.4336324096874321,-0.5785459929629414,-0.17629134350847217,-0.6473256641366223,-0.14214255939974998,-0.34854832782065415,-0.713802904366103,0.5260783895816934,-0.8215156293604016
58,0.05752101161786719,0.5757562900420046,0.15982410717955034,0.8179023765476022,0.0676693236073607,0.05864353459241178,1.1974819800214431,0.05922146085435206,0.24001537152425137,0.35368379131819966,0.6752662962210859,-0.06549911787254875,0.027333078171811666,0.1875845396724898,0.8540746166387073,0.22216813453380724,0.9618698119254238,0.5051158204978942,0.2966830937364348,-0.1502021894660793,0.6443776988516094,-0.03215061779307516,0.7807921152756419,-0.022046998138478657,0.31223040679540776,0.8978875457393013,0.24541790177134426,2.5138817918582865,-0.14129603646540892,0.4856707333911402,0.899525737706948,0.47454244181667543,0.24746689287902332,1.1800267337539914,0.9505622846155409,0.30249307912476325,-0.32577455309266523,0.8216776710853496,0.05508084241288379,0.13623869938877378,-0.10853534089377515,1.0291765930838572,0.05472215385848132,0.7071990494533397,-0.07846206192582522,0.46645853409896376,-0.23602243988434066,0.9237926314764219,0.5467690604676905,0.12849783022296338,0.6638312351139841,-0.13022485013400992,-0.024414537401055703,-0.32372151972133745,-0.4865885790185449,0.3820844294997998,0.7143944862502347,-0.3397995611189694,0.35069751015362893,0.7562987233081008,-0.08938801400480478,-0.4507240547063556,0.39592374326674645,-0.22843834602902344,-0.28257129418754334,-0.561898959762687,1.009099699130768,0.13145783847980982,0.7306425757707552,-0.6045057963404291,-0.6982157003281904,-0.047627492883808874,-0.5820946179518928,0.2208679275778347,0.4266273021228737,-0.30522548911241304,0.058543554510357976,0.27950303292640827,0.05663927626304053,0.3098451551510527,-0.15696637899752308,0.10207976038068549,0.14118416544678708,-0.8713886437187408,0.3993161499758921,-0.8280123018342913,-0.6949951339521694,-0.4301234278181074,0.0874745612356717,0.33225905827152286,-0.18854512036903565,0.501445332426458,0.11347091005447027,0.5178697247260623,-0.8042433477904115,0.08337283404434613,-0.5976287288618658,-0.8757238405674469,0.5785675693678625,-0.14568269511364745,-0.8362252983602316,0.5664685112937976,0.44430579818650684,-0.43568828252585734,-0.36793155542499834,0.1275652137311399,-0.8351641325336641,0.1361859241576088,-0.13076001357538156,-0.2565315624570909,0.8081930213179346,0.48042456934052546,-0.28058605916156104,-0.8979307002550249,-0.869686751264531,-0.606090124988995,-0.5687794021616003,-0.04264025151270993,0.14137458891576127,-0.13524297431097745,-0.9070710449887295,0.13696110761306135,0.07539216406039691,-0.625612944600661,-0.8425338509610832,0.4808996820544752,-0.5934055436738117,-0.27819968653935406,-0.6852392670777988,-0.18492999534119614,-0.381575401200539,-0.7192665042514571,0.5062439376606658,-0.8288116844472987
59,0.00571603440549956,0.4794009079723367,0.080918916697489,0.7319481998007688,-0.04655741647169621,-0.013877094731863606,1.1371853801976624,-0.042892549934392614,0.08378395688653432,0.33671843886897623,0.5612250549207111,-0.1255853908609748,-0.08056065145376073,0.08148425283717556,0.7581456891052148,0.11302917871708541,0.9099655018568673,0.2978608475847346,0.19515869570768318,-0.1894861477638748,0.5348862081719781,-0.07465858803749593,0.7585809115194692,-0.09481939865683424,0.13531090317871125,0.7676128522427286,0.16657938860516852,2.1676886390734116,-0.23613431029746915,0.2664100340765369,0.7607142414899015,0.36947352564585373,0.1778751747647548,1.0838319158995795,0.8766968402380486,0.16771196646699063,-0.34648354005339954,0.6824074021865995,-0.02993075188208772,0.06640758943879309,-0.24280057248846362,0.907230204224834,-0.004916465868051076,0.6257989095543353,-0.11711466485199054,0.15067576715699937,-0.307444538721981,0.7777447417120772,0.41324200913242004,0.02006242117189342,0.4499650794219301,-0.21099903840252074,0.005642236505211647,-0.36783204039115475,-0.552783891349049,0.2885690889767758,0.5733370249878866,-0.3816669679985536,0.29307198775678406,0.6093598965590832,-0.10422191921764874,-0.4740949316170555,0.2721838537005452,-0.2227210815719114,-0.3337211605109417,-0.6131706456076021,0.8723588049650786,0.040120249406175625,0.6347719110757643,-0.6274790968211011,-0.7046286166962165,-0.12167135167729307,-0.629254843298576,0.11841157517857824,0.26652607901026293,-0.37097011900814275,-0.3214999478292974,0.26359259930859796,0.013676663468802204,0.22533293762395365,-0.16832589180064067,-0.07111282881229002,0.018677131674297277,-0.8766548984995587,0.3035477020357235,-0.7921319518178157,-0.7191771686023821,-0.4672570311408057,-0.05076446748186674,0.2381020087363838,-0.21142965258757393,0.4600989806602887,0.08358602662543897,0.39119026215408537,-0.809213456804595,-0.029072523305419436,-0.6269960098802962,-0.8782255512961069,0.4194785105800328,-0.0991212995687559,-0.8617557165496944,0.40527979079874427,0.34888944347392065,-0.47813180457267285,-0.3943431461004216,0.10594528819552065,-0.8507653550556913,0.02246894273241827,-0.14662104599699408,-0.3146592436327929,0.6520876166707839,0.3597529145641205,-0.2684788489376947,-0.9006745624965108,-0.8781909072085663,-0.6278304284728395,-0.5553526926716154,-0.09167891053288457,0.0926203181184178,-0.19256914854313928,-0.9121970433780868,0.11387397770971437,-0.009158652081345042,-0.6460756746090474,-0.8518921819272166,0.3312671591520193,-0.6124310755661224,-0.3392101598918359,-0.6814960863377609,-0.23882500061300055,-0.43657968883988724,-0.7662892901499954,0.42955942288704396,-0.8281896705343604
60,-0.08674601353049835,0.37752980610123477,0.027616816668721372,0.5210473886438026,-0.15356983612470748,-0.08460620653330606,1.0032165263638388,-0.15252952325411864,-0.018738620039709768,0.1911190760653123,0.5104580110395245,-0.21486038370234897,-0.21306866924467788,-0.054978367436996814,0.7864203073191096,0.013012406988492898,0.7969196739956893,0.08415537829801276,0.0957791793274262,-0.2494405924201527,0.4773107071715368,-0.13175884657477768,0.6482332226989396,-0.17590743890959593,0.00785276616453206,0.6434653641106102,0.09177648488808395,1.6605348322261966,-0.30421000274678356,0.10900625749048684,0.5905741917109353,0.31901031859606843,0.14670813893208906,0.956350433985723,0.7737185259409212,0.06726152306176374,-0.4117908096474294,0.6573161998951244,-0.1514723166354311,-0.044571080232298575,-0.24668348191077655,0.7795118749186551,0.006072608016300358,0.5664376539128602,-0.12505387319950106,-0.005105088363424916,-0.34575050868680546,0.6628134083138109,0.230109312301093,-0.012003249321276555,0.3524560806575812,-0.24872639482783318,-0.06478318695547713,-0.3957894126466727,-0.595596300197911,0.23429795982368415,0.466987708768009,-0.41243827127669,0.13443993172052512,0.427020173489499,-0.08858888106404542,-0.5290828640386163,0.1561439354283108,-0.2888059325026484,-0.36212743836023364,-0.6703922383606725,0.6808921042686129,-0.0809827790973872,0.5329365128676696,-0.6612069313729451,-0.6970840092044212,-0.14215534135549046,-0.649199994133779,0.07716200120164848,0.1438211725010545,-0.4555745919457648,-0.453933269658322,0.296115397439122,-0.004351876312167321,0.11571201778807892,-0.20142624994083597,-0.13162153675209545,-0.017971158937303548,-0.8798617240364813,0.12754281423791933,-0.7378537692673818,-0.7361712848836347,-0.5211456199776024,-0.23114052634325374,0.09583955385988603,-0.22552976791120088,0.3334645915929084,0.03170586899264051,0.298671007556063,-0.7844097995545657,-0.074564175488492,-0.6374539236177084,-0.9022861221276314,0.32252262920666397,-0.13316688823319606,-0.8774620783337107,0.3221180568421832,0.20006655020381003,-0.5189167120304844,-0.4517037705365198,-0.010419656147520703,-0.8664944564508498,-0.037393001952245146,-0.21754548791721784,-0.36238469124090333,0.4786464723444701,0.2788846354619802,-0.2716957405430699,-0.9080984321975011,-0.8704410329221759,-0.6345186603088231,-0.5810566787051721,-0.10889931592334558,0.014754245204550293,-0.21624467377650794,-0.9138967165282421,-0.03389788302757987,-0.03332476812764609,-0.6848897439692171,-0.860698166209008,0.21102336946779507,-0.6086631180644375,-0.4069136234301743,-0.693540974857685,-0.3150332246279087,-0.4752664461595002,-0.7722902933027611,0.3235146996776902,-0.8407644382878142
61,-0.1400264489546106,0.3071407357121643,-0.003452102083590304,0.46657179450690206,-0.22250667575136637,-0.10219890860752516,0.8640991072281607,-0.23347426738591623,-0.13416229767688698,0.1129032258064514,0.44404548727131754,-0.28021171058830047,-0.28288614076997187,-0.11181780681305808,0.6310280462160057,0.001231290318621877,0.7482829476118362,0.03281362260925179,0.09526849322064183,-0.2802958087076932,0.38141095627916105,-0.1863213158437357,0.4441835991257186,-0.22402839980920472,-0.08124847921782025,0.5322594499258433,-0.01809778666038899,1.6814001021972407,-0.32907953052270544,0.06222695967701856,0.5159057419171094,0.29415530616856217,0.07890726864288283,0.930959204758375,0.6752764030033649,-0.03174218371209182,-0.44403766077200135,0.6269248335241017,-0.23557066166894328,-0.12115126082436632,-0.2942410997939812,0.693668407680076,-0.047899770488613165,0.5421469706116266,-0.13517069297947149,-0.11612682281918747,-0.3746653376279955,0.5839198658963569,0.1604400166044002,-0.03610594497530946,0.2916584588384877,-0.27372792929189604,-0.17411250490692937,-0.44830785415777896,-0.6200880836384762,0.16260431729881353,0.35544700333237744,-0.4568226856824813,0.02319147683795404,0.32753361202124054,-0.09702972275081535,-0.5592115848753018,-0.009506762803735257,-0.2794565235669003,-0.4048606297653233,-0.7145183422249805,0.5814040236965198,-0.194143408551069,0.4878282156748224,-0.682009128731268,-0.6797314119732921,-0.14858429915492471,-0.6558413941492828,0.009033445885407656,0.05333895683958946,-0.5249115728970931,-0.5658193609490252,0.3254210123013388,-0.019367935152871867,-0.02184409992603995,-0.18549137781424044,-0.17002826155221137,-0.06212906150614449,-0.8837157987643425,0.09081071929391932,-0.7531395306264416,-0.7217213458944882,-0.5503244876442765,-0.3257205475639665,-0.003688870984304715,-0.3020668156263515,0.2501901753192708,-0.017823344477074267,0.25095361889258716,-0.7853241120618919,-0.06218728603781533,-0.665209956298689,-0.8834497119353676,0.21853559613064605,-0.1596900230213029,-0.8783919272938969,0.20078979826265558,0.04250894268363699,-0.54866545318454,-0.4483990432027528,-0.08725648884756228,-0.8349723142239671,-0.018025902201324547,-0.2591720402551617,-0.3674193722876177,0.32057300063229366,0.16325909170001754,-0.30924563891853957,-0.9186581444601896,-0.8823172715709764,-0.6234284075192198,-0.6265009262097365,-0.2480844273820244,-0.006231845112416426,-0.30389645575232127,-0.9116439751308142,-0.12987488838848965,-0.07098108313143923,-0.6676828967490503,-0.8633020862923334,0.04256884888624722,-0.6477755783284067,-0.4055010325366769,-0.7208921370967741,-0.41394698771546967,-0.5132671811833884,-0.7973989681857266,0.23791338086062397,-0.850632604960645
62,-0.17702219744909664,0.2604268318554034,-0.0006575432540172828,0.4905934253593285,-0.290742123114382,-0.14426374004364143,0.8688761265803969,-0.26473246828983815,-0.1920800051238414,0.11831939466348046,0.4101700234451439,-0.30090244871190913,-0.2687642703480315,-0.18151207298471805,0.6678086777087322,-0.02940779435406352,0.7213253822130339,-0.04857800642951925,0.06421877792814629,-0.24191492991099647,0.4125605500866754,-0.3043285168207846,0.37643689791953394,-0.20942326606248132,-0.07784192713517829,0.5180580767446786,-0.04288795899052103,1.869187531936638,-0.3269266460286704,0.013183256656522936,0.6064242109043176,0.2984861037885064,0.11029423315581946,0.9806909916588354,0.6760211508385184,-0.06513442920374762,-0.5253943952606004,0.6273195265938553,-0.26137987992757544,-0.207582907434319,-0.321004293663477,0.6627149623409179,-0.07314029956673296,0.5431051829706498,-0.14646705228535786,-0.21185718495392672,-0.4020561656135957,0.4869817965582118,0.1758682717586827,-0.05732273028495693,0.19500008953994366,-0.2751191767088815,-0.22022299431089123,-0.4900575300593525,-0.6154115029421479,0.1986689199783961,0.5265650802440446,-0.4966693963790543,0.008181764671257948,0.237022809726459,-0.14133165515415766,-0.581053901850362,-0.0837371878218876,-0.2920008744051522,-0.4087904743043866,-0.6959569101478652,1.0031608447897598,-0.19696407363420435,0.6223453829234649,-0.6955406551682354,-0.7128019414789946,-0.11666119835773389,-0.6311194634922032,-0.09187692588779696,0.1114860115281879,-0.5499889466121367,-0.32900450273294213,0.2956474435091863,-0.026319814245790694,-0.08807831277057804,-0.2348421501033401,-0.18995627913717716,-0.1568816768928896,-0.8903795233892322,0.650772735804959,-0.7751070918610187,-0.7413337417190735,-0.5580031370302434,-0.4129515924231619,-0.21656911301215676,-0.3821176300994667,-0.13454568234904551,-0.07093874395827265,0.06105590514832707,-0.8239596764740359,-0.08358350450308102,-0.6689796693900816,-0.8970619614883707,0.0951573867799544,-0.1786258551927629,-0.8816059704388887,0.242820617334272,-0.1301056484485484,-0.5944474686989657,-0.46767661931639354,-0.11633815859459011,-0.853067174772056,-0.061058147904573055,-0.29449573691464825,-0.4465595652698548,0.27363250744306206,0.13607099356185848,-0.3519718083317493,-0.9323299429015333,-0.8893424438725708,-0.6425132983633002,-0.62909964417554,-0.3597484872900769,0.014562299256529335,-0.22249451983941282,-0.9120351697447387,-0.0740602399780866,-0.11570369282725212,-0.7229539736569484,-0.8771265347347158,-0.07239157302840762,-0.6730898843608536,-0.4376879250385099,-0.7030286408918406,-0.4231419954392762,-0.49726816121523953,-0.7980856501385306,0.19967986498653797,-0.8472031228460667
63,-0.2607954359159317,0.26106326106326105,-0.04738421074261301,0.5507613490821119,-0.3100805098119767,-0.15232556889638937,0.8115518943535628,-0.2861350051027846,-0.195556897514022,0.07487056949422526,0.41764662445310047,-0.2993321694793139,-0.3012313743087542,-0.21283372185608346,0.6560735297592329,-0.06642831722292905,0.6848164183512527,-0.0922630753659216,0.07785409697929152,-0.2662479053572683,0.3033810009759317,-0.3141624502355386,0.40163320650854056,-0.2051177064030427,-0.12438339195257372,0.5240134913045218,-0.015023036603938557,1.2619655935956398,-0.3105201814361966,0.022517024461099183,0.3821712049729435,0.28116291330872933,0.04233627095213396,0.96884175135274,0.5803549061956249,-0.08652267075402365,-0.5277611366275414,0.5640558659847873,-0.227907309170611,-0.2577110853485296,-0.35980129772609126,0.5519163408161071,-0.07531522043967742,0.5157482201205428,-0.11951911080866522,-0.2726244614171597,-0.42347455742188467,0.5210715988373587,0.134149716341497,-0.1573676222236474,0.2835550939274009,-0.25429138449577515,-0.22573047335024626,-0.5521850239605035,-0.6428924410545932,0.1315922434970469,0.33369261042826476,-0.5209886521956459,-0.04220377891576887,0.30261489599417524,-0.11266276090441868,-0.638294448913918,-0.2718123638574155,-0.28258420353461466,-0.4241694722249728,-0.6859075458484454,0.6131106344757856,-0.18727731591448946,0.4583773439538726,-0.7084158015914691,-0.745872470984697,-0.1462344042351315,-0.673649564537857,0.003903601080780918,-0.04355405595388732,-0.5632299841568108,-0.4127184146527438,0.2696175061565188,-0.07400970482321373,-0.15379433476071352,-0.2456652414685326,-0.27449938404309276,-0.029598945193675417,-0.8818770226537217,0.11278372598887719,-0.7655878153260353,-0.7824357903993123,-0.6009518074160223,-0.4595240994242577,-0.3414535889476054,-0.3885595358224016,0.12078146394723419,-0.12206181787753557,0.14857017906168754,-0.8198804360567343,-0.068112392689735,-0.652791183735512,-0.9148682554982451,0.33850924781479186,-0.21623812457443017,-0.9063884666386365,0.13149717588891993,-0.03959737126694956,-0.634977204681546,-0.498310917140519,-0.13948869832742136,-0.8054962339671862,-0.014608178715868045,-0.3343561044196178,-0.3956718386571965,0.21902911483043197,0.12358621889681587,-0.36326017341970207,-0.9326150194980515,-0.881000976129204,-0.6728162426053148,-0.6642989458533789,-0.2975022512915304,0.0041332360807196525,-0.30814511957833546,-0.9131413062392844,-0.16434550298994316,-0.1358013361720872,-0.7214542943120714,-0.8807562415175331,-0.14885888690762603,-0.665182480589712,-0.4446836132729731,-0.7226340132827325,-0.45739646421303,-0.5719220874678427,-0.8099682334957485,0.174147357798724,-0.8572898349477677
64,-0.26281736013202617,0.30926216640502363,-0.06057617227633262,0.5694321901238082,-0.2739588082343451,-0.12785343953449207,0.8211059330580353,-0.2528356903338678,-0.20493535725069306,0.07789725209080021,0.40915468256752013,-0.2544406573004129,-0.2951602898282939,-0.20232921787012786,0.6793075475115976,-0.05681525327355513,0.8198555979363953,-0.024559084973490304,0.08428874192477577,-0.23709850590513648,0.37677639582711314,-0.28910178121084273,0.4035052214037078,-0.1917789137326249,-0.13022319552281733,0.5545349909237189,-0.05475457248963474,1.3982285811616422,-0.29348269897478146,0.037484190585597314,0.4359126763005063,0.33576862242976574,0.13932481895156837,0.9818584044968746,0.5851619149497973,-0.11401066675008235,-0.5410000961488679,0.6073029494849256,-0.21397033131094964,-0.2686511111473964,-0.32331478522055573,0.5614796539099237,-0.10645092977867326,0.5640421230153023,-0.07687422025632308,-0.29094225117671885,-0.4405268924384839,0.6225207999056765,0.26165767261657663,-0.12059898672481231,0.22853279848140232,-0.23555046340814698,-0.19731422511527608,-0.5375643537290993,-0.6482198860746373,0.1410004007178076,0.3207883000919617,-0.4614667418223844,0.09559126493613526,0.39463211940898074,-0.028554018889504786,-0.6758246178600161,-0.39798382330592186,-0.2821806319258773,-0.3686874938112685,-0.7090523990366275,0.560200841255896,-0.23333580760095024,0.4829818696954256,-0.686502807286828,-0.6477925735913589,-0.10101001143911116,-0.6615190578849341,-0.03425401164404504,0.004358217348516853,-0.5871099075199883,-0.4876034384506103,0.35238685751387766,-0.06974588564622353,-0.16015394979201694,-0.2141741476421123,-0.29086451363559507,-0.015963981547810792,-0.8867755222124155,0.098171860565262,-0.6437593819792773,-0.7776685455704144,-0.5723768784650983,-0.43973839383555685,-0.38829514127506976,-0.3893253567824708,0.1447659277423281,-0.10126193901092981,0.1855487256736072,-0.7684444965420233,-0.01531310896929471,-0.6384419532585978,-0.8955167872147866,0.33961942966257863,-0.17428098959177718,-0.9077630259710858,0.1752748677934879,-0.017885367273937317,-0.6452265922700055,-0.46851591514719143,-0.1191315295045019,-0.8008925945344569,0.05612834069524788,-0.3384079402129118,-0.41268989277377643,0.2323868466122027,0.138072037584827,-0.29669976165757656,-0.9395281269636134,-0.8884550536871062,-0.6743214497701009,-0.6490398070285325,-0.31247926442011464,-0.0004734666717852229,-0.3163345730400729,-0.91733653123689,-0.12087482079904922,-0.10013337248855936,-0.702274184796014,-0.8883470630937726,-0.23141150830715235,-0.6653151551496305,-0.4415893665538836,-0.7475020754269449,-0.4537429811441042,-0.5557270611294867,-0.8324496035158117,0.19707006868113966,-0.8399743125065143
65,-0.276096484037728,0.330179473036616,-0.08839847121193448,0.5302689625729332,-0.25542201269519993,-0.1320814208883777,0.8433456120423347,-0.2828692229187928,-0.1994455271609344,0.08247710075667045,0.3613875094611309,-0.24229408558945506,-0.3139014636592801,-0.20031465546186228,0.6993124305932946,-0.026094355290662296,0.7366578902720263,0.013829234908198155,0.06973418788141855,-0.22380316880562717,0.35814902785638214,-0.2930670769425985,0.3001396421921801,-0.2031759834193742,-0.08943305240338896,0.5219520016491914,-0.018001700721124985,1.4974450689831373,-0.27421809462298524,0.03113281012686192,0.4248300456926334,0.31543270317089706,0.11173947876902765,0.9227873148921023,0.6119051326666712,-0.13801867463284193,-0.5194035811755309,0.5442084430486093,-0.1968965407706237,-0.3430541721775005,-0.35354371642566956,0.5759660926792555,-0.13192039789605023,0.48058182654439857,-0.045389588295338686,-0.3466920460971161,-0.4414330551688345,0.5548025610925144,0.24048706240487064,-0.10435238034160627,0.19500008953994366,-0.243938866951736,-0.21600449972755545,-0.5499898525093295,-0.6503412216482296,0.07475129362161796,0.2911726606611357,-0.4835880474048235,0.04597092236152813,0.4332341606095985,-0.08943795981360224,-0.7236122284794851,-0.48447341314736336,-0.29401873244883886,-0.38972918110704025,-0.7066895173458291,0.48996529942132977,-0.23070071258907376,0.41426316901320925,-0.7173021771620148,-0.631320180567606,-0.0847824352005392,-0.6746761531837866,-0.11661261590462711,-0.03523126669478422,-0.6183357282340372,-0.5097157900650929,0.31787525518112725,-0.03378149780552358,-0.21437555646631523,-0.2345266080810313,-0.3671948597792217,-0.05157407695794978,-0.889997057958223,0.05779600069194725,-0.6187712810749461,-0.7902165267780835,-0.600641210362208,-0.5380146457706424,-0.48016145722252507,-0.43932896064581234,0.11505383080213713,-0.013041763128429234,0.1516800699725454,-0.7591138201852069,-0.009322167799020278,-0.6498574957248717,-0.8860985821186547,0.22726902666656784,-0.23523880548620346,-0.9110781396552281,-0.03016796446966541,-0.14670160552366693,-0.661174809471965,-0.525247067710191,-0.20331531035116124,-0.8535786902645813,0.055299801668470545,-0.3795842885738231,-0.4780575285125223,0.14168826655165317,0.04428397424743348,-0.37387591571744,-0.9437092503792112,-0.8795811518324608,-0.68196108613477,-0.6639824353319029,-0.3468884781269254,-0.03591948507300348,-0.29863180709834725,-0.9102815387168007,-0.1244677331568891,-0.13497540562366936,-0.7262690543140448,-0.880566865511473,-0.2873114262262603,-0.6964140719945232,-0.429985941357298,-0.7114044710626186,-0.4729666772920089,-0.5313977704275389,-0.8030417024935512,0.0683201176148203,-0.8403609698037462
66,-0.2481720712154497,0.3195298909584624,-0.11391936875847619,0.4765902945780562,-0.1924971067569124,-0.144299570394098,0.7973269922824594,-0.29908149876075224,-0.2040203855690667,0.13233771405814398,0.29349812623456223,-0.188996961047838,-0.3210613839433013,-0.2036242937040128,0.5916483551103028,-0.02184006315987554,0.603629531415932,-0.00478805137322176,0.04956208666343211,-0.22264923388755653,0.2569017072116435,-0.2676891842593621,0.2835444831215091,-0.17548532521749421,-0.05271307540867569,0.42380218861485053,-0.08266753784584935,1.775932549821155,-0.25268924968263506,0.02378730055284639,0.4269351263667544,0.23182947955110347,0.08462541432992433,0.8793595573170521,0.5573354276545183,-0.1453696607598106,-0.5404823714748496,0.4365700044543932,-0.15373558654426495,-0.22391130414904556,-0.33541277573470424,0.48253988014735416,-0.15235320714976627,0.4113030729870352,-0.010003402517863311,-0.33171924403278086,-0.46791772042408414,0.46217057204226125,0.30787325307873253,-0.11023108659868736,0.14754391934241842,-0.22703930273952985,-0.1478055039636271,-0.5509838924117478,-0.6548249536560496,0.015209854173563074,0.22467343689742794,-0.4673515763202768,0.08158220024721893,0.509810567544157,-0.055724538875320265,-0.7499597747385358,-0.4966988061667314,-0.23829221947569312,-0.3795487176948213,-0.7252794178770504,0.4016187059187311,-0.22828830166270794,0.38338324655474487,-0.6865532980571152,-0.6119556880053315,-0.07108210444174481,-0.6790339172318142,-0.16826242318408766,-0.07318993392380152,-0.6214675214619948,-0.5502082814970584,0.35279631720257115,0.0013023186834067372,-0.2514026484263485,-0.19426344603442575,-0.42818667117563225,-0.07347999570879336,-0.8862900853192115,0.015911106858007222,-0.584996155676784,-0.7771745305622385,-0.5949469310422775,-0.555930493468543,-0.5245542943355688,-0.47482701455960796,0.16794494312639272,-0.03045468853974474,0.0575086858281299,-0.7734614933770952,0.011284036445989432,-0.6466806004180125,-0.8823460160256645,0.21753643246763804,-0.240426704711261,-0.9093599404896666,0.081420154677649,-0.08709757923633651,-0.6698931682090364,-0.4971568853731718,-0.1698713901420793,-0.7828616734229338,0.07513295462195328,-0.35395729295811723,-0.463952099794868,0.3037397461612223,0.006090133982947719,-0.394054599423884,-0.9455860046396216,-0.8117105924808472,-0.6722624399692142,-0.6674640510681397,-0.2854005719070414,-0.06842233227123246,-0.3379781286175217,-0.9023632201521882,-0.12564165501638133,-0.16369943469642464,-0.7432391100587046,-0.8814348388725816,-0.333493721283481,-0.69179699730936,-0.42783342190054013,-0.7502816650853891,-0.484368486869529,-0.5297807178733309,-0.8424811311741666,0.04809419624798301,-0.8424119345977586
67,2.100101642676809,2.918112775255633,1.6287346402005507,3.516009676960296,1.9892837282004785,1.7450706395359252,3.786891858897463,1.9827088496865435,1.6311840648531926,2.444683393070489,2.9759825730583915,2.090124791014308,1.2804511079729175,1.6575915426751473,3.4614039647473014,1.9458518606392072,3.698282633421097,2.5151534221718763,2.5462043255113236,2.1772343691989686,2.4061791168488558,5.473741811664314,2.650530235570307,2.060788592799584,1.9424646625522592,3.1568793627706415,1.6265571927531983,14.805654913983991,1.9599192297127757,2.981928941860016,2.3998291169805714,2.9419673118927467,1.70493425703379,3.673562185163351,3.8559589982464573,1.473802336675164,2.406184591034488,2.729680354998224,1.7285902607922237,2.9293742414099024,0.7863629653875527,3.1264847185047278,1.9455296790847019,2.491965389369591,2.551684246342293,3.660045714831835,0.9917044920957897,2.4770060438912616,3.2759097827590975,1.9743581521622955,2.150776311312476,1.9092211060416961,2.569608090135168,1.1136601791756924,0.2839624620027816,1.8935310207850584,2.228895766792908,1.1900801542819262,2.066454764847843,3.2542587780414016,2.773805421118087,0.7648028962188252,0.9458975701187077,1.4146025660428125,1.19486459055352,0.2559997267028405,3.3734508670236525,0.995175178147268,2.826625079219117,1.8082966433735912,5.333949476278496,2.2079169289977028,0.06004705547140317,1.4152785048961911,2.2671446646984394,0.19210788106554635,1.0887544044112338,3.0371555420368868,2.091407940899759,1.152140834852575,1.4970417935408549,0.8711804632962148,1.5854175102002674,-0.1264930862018241,2.487561511536748,4.228554168344744,0.12158697381226455,0.11852901235313518,1.3099267711467881,2.1087624509269567,0.5289840709240304,1.9765346029586806,1.9311093667193973,2.3421608882625913,0.42907044895088503,2.533272765576447,0.12127683830514926,0.6819589866599957,2.304271239629051,2.4308226062708727,-0.20603027264788645,2.1751795838207815,1.9354047084269197,0.1751497005988025,0.8221112486623726,1.527924142760386,1.7587948694996103,2.7890125368311494,1.6553376876138497,1.378657945434043,2.1974390003894255,1.8354358795893515,1.0444808375615962,-0.36739127594345505,-0.1545242109622267,-0.015821715311364982,0.16292628969708273,1.035831082041803,1.7649813812430417,0.9360360582251671,-0.37329273902328153,1.0896164832858435,1.5897817096150548,0.5090720734053573,-0.10298898462898097,1.4661062522996804,0.8593808874335961,1.3029603869153725,0.5192495849146112,0.53990633352132,0.4528972191596226,0.3413585554600168,1.9042248252523892,-0.22744190894388763
68,-0.28926631474255987,0.2483771055199628,-0.12008383676488724,0.3940515155827525,-0.24364864255547256,-0.15039072997172984,0.663941996369465,-0.30018953200174947,-0.251141427172829,0.028753484667462945,0.25611512119477936,-0.21171982523715827,-0.3317847668571579,-0.2416611506029297,0.43436586883412515,0.011744300680277615,0.5765462897215642,-0.02482130027322848,0.02116793912621594,-0.230074554229924,0.1851551463674406,-0.3923580820657605,0.31713956124018466,-0.18624922436609084,-0.049571968942862865,0.28488069128619753,-0.12710728475548533,1.0822687787429741,-0.11924752975063642,0.1030414827988049,0.19964832769914673,0.14822625593130972,0.07287493912688303,0.7624431615874483,0.41563022592941146,-0.19557533196740556,-0.5460294215536178,0.2923942645458493,-0.16838728121724222,-0.3245486559008104,-0.3979564985784059,0.41355953303870024,-0.23150887997298528,0.24543651364015281,0.049018940682771774,-0.3839647661296103,-0.5128963432214909,0.31258554489857665,0.37166182371661804,-0.10942944483635822,0.16160169051413814,-0.18039159522883982,-0.20276311395208485,-0.5821718943501257,-0.696769543406624,-0.008658989145774126,0.10052507193782195,-0.5087581226668936,0.014597680852316301,0.44120563903639265,-0.013570276250268352,-0.7832260659694288,-0.5470863376167239,-0.25157645159663017,-0.40603648876126347,-0.7723377725142769,0.30998365588020216,-0.3120175178147269,0.2854622047146245,-0.7031647614816012,-0.6227696254102381,-0.062258914082521384,-0.6649549872304944,-0.24429656124718482,-0.10333192745676936,-0.6729578865922405,-0.5171400823494473,0.33986908988810044,0.029480601940037616,-0.25616058263495334,-0.17157597463042149,-0.46629145631536995,-0.1415163879112552,-0.8964548396587232,-0.05173778142563236,-0.6224325412807088,-0.7963176121290565,-0.6080782842618747,-0.5870223165365014,-0.5909855683783977,-0.509604295805103,0.05710629234197555,-0.22976693775576465,-0.045457858548555656,-0.7057789239245106,0.09963396007794813,-0.6939692190765724,-0.8710147380193809,0.10059727783410914,-0.25657404104925263,-0.9125941977424884,-0.039484619578739055,-0.14695116878795444,-0.6899666575939031,-0.47662036551333425,-0.25872354429023514,-0.7979513804524355,0.09698567145320568,-0.3777142105153797,-0.5371838241107131,0.026409785061952122,-0.083956847050635,-0.38209361154571647,-0.9464412344291757,-0.8913686514627148,-0.6909923291234866,-0.7183556112317923,-0.5707853452770274,-0.15703737827427797,-0.4305558976379891,-0.9256730233543186,-0.24822755585911493,-0.18407238822406585,-0.7362142962853337,-0.8723605719155384,-0.44538790297472475,-0.7392944897601775,-0.4542354183623363,-0.7677745493358634,-0.513498271338548,-0.5202989097145657,-0.8002054074710997,-0.021587365106153396,-0.8442107315892288
69,2.0733248084636653,2.8545122830837117,1.5503226071590024,3.430966272947204,1.9870793525147419,1.7439240683213126,3.5464485515015753,2.0134421927394666,1.5192830281902772,2.3449223416965346,2.826635160331555,2.043524445552877,1.2564967202945796,1.6414270776373983,3.3814631918027236,1.9346434371407883,3.500091115314285,2.5380185963090565,2.518933687409034,2.1667987838529386,2.2415185315573463,5.425365203736894,2.6047923581316286,2.0406115583171167,1.8763687039617758,3.040061615635253,1.6465911110897589,14.384942939873957,2.034453575644195,2.9466373582675645,2.218173037631413,2.902425246667169,1.5673845767158363,3.488643991617977,3.7674017102118467,1.4527660040352217,2.4555163564016658,2.6571132148878225,1.6699040691210567,2.8373909399169435,0.731360430264872,3.069670716456255,1.9137643873877483,2.3414302277670775,2.5621186344561644,3.5623242885927957,0.9758878335296687,2.3174247589363985,3.3005396430053966,1.9867034353021655,2.0597589584713742,1.9173230762935534,2.448853682687181,1.1311801324558168,0.25561370479204854,1.8399132358834085,2.1739164829079693,1.2050758470084835,2.0351992465713113,3.2353657464944328,2.829445052118452,0.7246178600160899,0.9133753229428749,1.3543358724713719,1.1586605109416774,0.2422494633696401,3.234403145138729,1.0119135985748218,2.834888720440396,1.831724360786848,5.326404868786701,2.115517287245834,0.050367791095495856,1.3835507661388082,2.257191058625053,0.20288493423234205,1.0749893652029443,3.0582134688839884,2.152584476917444,1.1217088992213005,1.6855465976681443,0.8321698591753426,1.5297356408952005,-0.13049426301853484,2.404859089353213,4.249697946033025,0.13327042875562578,0.10137715282582925,1.2907063714320501,2.043516039084654,0.5241188554130027,1.9106220746561184,1.8346808095217224,2.300323137102456,0.39847614582112295,2.559738241955022,0.0936424092722783,0.6963806132134476,2.1424437322833474,2.422003177588275,-0.200936317474692,2.0976290171458216,1.8898594126944512,0.17833934403919435,0.8721804905684134,1.4994929840471733,1.747285770917787,2.7091103044363085,1.6431821802339677,1.3482834234166756,2.0377743255182925,1.7538715851748743,1.0767959759610464,-0.3697194014816856,-0.24108912355429343,0.012280218453839753,0.1644422085104682,0.8425833767793102,1.7109805878664563,0.8676264131425336,-0.378121969084834,1.0892607493890276,1.611041773731738,0.5173203098021804,-0.11059558753905885,1.304114422650552,0.8568335358831612,1.2943839422048524,0.5109478771347249,0.5392442929652058,0.4327820654171262,0.3722592433361992,1.7997894764313647,-0.23811701258485446
70,2.114746931593386,2.8274003988289707,1.5475280483294294,3.46813718514302,1.9877306453309824,1.7339632308943616,3.5096124244965545,1.9995043009185016,1.6001665248460557,2.337156511350059,2.809743580276542,2.064168998993174,1.2813749686547269,1.6525551366544833,3.293646480637006,1.9398794889940643,3.518628368910198,2.5254847049815656,2.5367566325358113,2.1219458352983676,2.2414739684760767,5.4813551794692845,2.702896057637821,2.0698218258105636,1.9429513128497797,3.0590158677439856,1.6740716897192849,14.416879577584739,2.028997127012762,2.9262577114043182,2.2442388895080305,2.9496874293891695,1.5843819218624817,3.525767719867616,3.851964441676089,1.465630229757417,2.543085786978485,2.7541513253229435,1.7075061147994022,2.8478411138143676,0.718460185737849,3.0807618961390246,1.9135926831083054,2.2939987159954383,2.5364863332199157,3.529591194718105,0.9905511940753432,2.309991644153727,3.3434343434343434,1.9847794950725755,2.1111996561666158,1.9232563373365796,2.4747505522126594,1.1635692659429504,0.260073330713805,1.797620084673415,2.2160903400607146,1.1828836398055877,2.042910118311849,3.1749205990534657,2.7969802764001064,0.703057119871279,0.9296871042366727,1.3829221947569326,1.184096197643331,0.23493307066439667,3.2643428240479424,0.9659664489311159,2.818734233842406,1.8147089712000648,5.309303758471966,2.1666385861613358,0.03375381566239064,1.3996781549423947,2.2945311401658937,0.20247043218746527,1.0791228900963958,3.1544949899682373,2.1955934355723015,1.1871422716544893,1.792389126421911,0.8322906350394939,1.53454594532864,-0.11421006178287732,2.425580702032043,4.174550580309743,0.1063466108100365,0.0993582719760357,1.3371049381642344,2.0108138423501343,0.5250648695401471,1.8988535784283014,1.9327032271689453,2.2995942564202236,0.37784550463017225,2.66105756570285,0.09160554816644526,0.6946882794852364,2.16002161153997,2.3955448915404816,-0.21051780458617678,2.1174798447929954,1.9000499126528574,0.16032849074578115,0.8778981934157243,1.5510746824932176,1.7304057596644462,2.688345045077702,1.6320656051087763,1.4095317746626552,2.0221972840674503,1.7611797459544114,1.0926464782348038,-0.3693274211614733,-0.24696068861478385,0.03306911740899884,0.14092047923024636,0.8062783386258432,1.7059260112352361,0.8714440531021405,-0.3759366750346343,1.0954149458039413,1.5252367667572133,0.5305411671846479,-0.1139727929804628,1.256611285650939,0.8273797835812576,1.2680828450925923,0.5582009013282733,0.5150185126155504,0.4204091632978073,0.3653028565969233,1.7993980069855553,-0.22486979735795387
71,2.120812704241669,2.7985913700199414,1.5484321703037027,3.3822968549879047,2.024052744698226,1.7216017599868145,3.4635938047366794,1.9634057442775916,1.5356152727073098,2.25710872162485,2.776421938747254,2.039783486204635,1.2913064709841757,1.614566245527192,3.26584441871638,1.9235168269525766,3.497263398664061,2.5903567701368235,2.501927840053111,2.1045364693605193,2.2833632648695863,5.412834869224546,2.6560450902614754,2.0967104679974504,1.936226690556772,3.058672286134764,1.6563918768946948,14.433486629194347,2.069048202341448,2.950337727752219,2.192726327129537,2.9604202756646836,1.5615407574972113,3.3951342232910537,3.814117710780563,1.4463534416691424,2.523782052704372,2.7830766888634533,1.7052825513801972,2.8316760010667883,0.7350828888846102,3.0897027450669716,1.9167405948980936,2.2370329912515206,2.51647952818419,3.529511552153933,0.9800479442462786,2.351309509773265,3.388058668880586,1.9939182111631288,2.095664475922709,1.9633979172207785,2.4962531565471626,1.1778171712109478,0.24006527928105975,1.7603794623412372,2.207883000919617,1.2006090449197215,1.9979987050444405,3.2466639048946138,2.8211041020492766,0.6991150442477875,0.9541041184714881,1.3817787418655099,1.181404099415784,0.21739650293509763,3.2606126345444992,0.9244729809976243,2.732183465261641,1.8078422264410063,5.296226438819521,2.149834620602814,0.04010190463620008,1.3971835043867202,2.305440742302826,0.13674883018311756,1.082213000939073,3.252765315254713,2.248752137702821,1.1465349519731296,1.9001782812426045,0.8595859803376895,1.5180040351186825,-0.12081494557222712,2.445308560639241,4.195602826492879,0.08698122248953938,0.09444048529064117,1.3231462315840739,2.0371967740151815,0.5484449329681417,1.8763010229194819,2.059733904997948,2.262226973444447,0.3626069628414019,2.6411755411597406,0.11133574007220226,0.7679736878895128,2.1643513207463383,2.460328783113388,-0.19078883534396332,2.096358564176402,1.9503369104067882,0.14348717338051178,0.8609024528420657,1.5067634014839304,1.7258660596682827,2.756026326827576,1.666281107363259,1.3419172564733095,1.8922629840084082,1.7563076387680534,1.2885551770021495,-0.3644929972121885,-0.2376135119945573,0.04413097006341743,0.13908804989538492,0.8091536723699387,1.7011273625347103,0.8354227728381075,-0.38117058917955704,1.084387195002651,1.5107065071091208,0.5124858171772484,-0.10777072878199677,1.2071268857377375,0.8454765935541391,1.2862447280089866,0.5477867054079697,0.5196773165289458,0.42045816489035903,0.3747074137766311,1.7968317072852467,-0.22540775533671126
72,2.1073149939342275,2.7662183376469094,1.5147330785353221,3.366187562259855,1.9721998166360226,1.696090550461674,3.4622137769238113,1.9792097973465521,1.5541891978443265,2.3033054559936277,2.7456386494120255,2.004729311571111,1.234687009199013,1.6255504072294014,3.2202427364159765,1.8800739592324274,3.4786004687725827,2.563610809563516,2.480632229400199,2.1835057546232655,2.226277957763112,5.538138214348026,2.6865538735529837,2.1566506122759104,1.9192381710796997,3.027921732109419,1.6789240296521206,14.085590189064897,2.1019724876209143,2.8871000701413325,2.0654927746201563,2.958537320177751,1.5206026045839416,3.355091962946317,3.832262476218847,1.5152884871044932,2.619635078065485,2.763342035375776,1.7661128934913117,2.8018494630678883,0.7502294446476819,3.1144315487474326,1.9022029659052535,2.2065139276166383,2.5226947941476694,3.5197155167607774,0.9781944295705614,2.303583786582459,3.406531064065311,1.9721669980119283,2.0517451335040557,1.9274709986292116,2.4820157373284046,1.172888390028123,0.22668640151579045,1.7225290520410472,2.200318405205233,1.2225530964510192,2.0190123020778152,3.2077480259606577,2.8633582562919235,0.6787208366854383,0.9489370324715893,1.4133918512166006,1.1880569858401824,0.21719722375635558,3.239605777867215,0.9245843230403796,2.70602562350105,1.8172840004847115,5.276987689715442,2.2009559195183157,0.04510914313369322,1.4143649708898876,2.346492337972726,0.16931026859732487,0.9854162820749495,3.2383757319091937,2.2191834786276066,1.1802644657687833,1.7826388779325684,0.8781854634169907,1.4816672030675204,-0.11082671373933504,2.4274945987625918,4.16255995313587,0.0893277937783751,0.08783167020114613,1.2912281922387852,1.9564681627526717,0.5710591754360674,1.8985850956246255,1.9496778409566353,2.186180422264875,0.3706716680342281,2.67165692315795,0.11033250997529943,0.6919658295746358,2.1065848585998386,2.4845173632502187,-0.20693990750024263,2.086618424744189,1.9275434656018633,0.12972917800762118,0.805666295977675,1.4965465517175405,1.7969027736927583,2.671204643961245,1.6620561161941834,1.3474928536655386,1.9539849170690036,1.7406472942404736,1.2306218836362572,-0.3642316769987136,-0.1337297009495075,0.04769518702909035,0.12529485453842779,0.8143039954500213,1.6938334165099107,0.8597448338710869,-0.3691244929645673,1.0579917398589165,1.4628025353008836,0.5039810566819594,-0.11323107029006103,1.1493400507580689,0.8504120871831067,1.2504590920403864,0.5530123339658445,0.5085942672191843,0.443562415778513,0.3756926531002195,1.7858705628025737,-0.21673318292924845
73,2.09693213985158,2.7419915991344563,1.496034192249209,3.347061334851288,1.9616789326813728,1.693689916981078,3.420335240602541,1.9837585653885408,1.5452682239484685,2.2459577857427315,2.7185013568646275,2.0375666214056776,1.2467301930868824,1.5927418194376495,3.2574959242019714,1.8650203101542588,3.417396112832178,2.5246980590823505,2.481347189949697,2.176883171615208,2.2221781542863,5.517994512030707,2.705172832510322,2.212665099217823,1.918132147676245,3.0174997566296926,1.6649435254891973,13.991483563277125,2.157539178785922,2.9548665381662738,2.0101415357182657,2.9050613843488744,1.4803242377114847,3.35550055743963,3.827658580510626,1.5324147207407284,2.5237080920366552,2.6904929716441224,1.802325212032654,2.7886234617289603,0.759343050233937,3.133105473723524,1.8919007091386737,2.1813608531922837,2.525915844391516,3.529511552153933,0.9844551902529842,2.312452261461094,3.337968728379687,1.9678915752795059,2.030613706774592,1.9553777850522736,2.5710728451988265,1.1559068750284751,0.23097728483510202,1.7170845166123667,2.1480089786312533,1.1981274882037427,1.9986461828241806,3.1806324458002235,2.8473755974767383,0.6788012872083667,0.9202309991388189,1.4041769661504315,1.2245705020299038,0.22995109119584578,3.209420691753827,0.9512321852731589,2.6523430218831163,1.8234438744597485,5.2859154752474,2.2077395784377187,0.0426579008566777,1.4050890871335762,2.347167158723464,0.20472716554290532,1.0496263775072037,3.158706575337658,2.230167447594418,1.250832638486506,1.8178849218244637,0.8583782216961765,1.455539290497399,-0.11353339217416888,2.414759824363169,4.149562479405411,0.09733083691082549,0.08748656236357473,1.2931415351968134,1.9721083437996159,0.5268217529191292,1.9026123376797717,2.003869096241279,2.1255861415486286,0.406447075372172,2.6858771791225577,0.10142504275128265,0.6825476244785039,2.1183527861863767,2.4726500437728993,-0.21348927843720691,2.043052475001191,1.8769237168288824,0.10572179504627119,0.8438280282842698,1.5010618635993158,1.7906367089093214,2.6440182071451135,1.6538831824572826,1.3372154469007582,1.9380728854794336,1.723464416217157,1.2899004225825792,-0.36468304827653375,-0.21742538527523886,0.05654182913910663,0.14093713767874522,0.7829912950060826,1.6731032541236386,0.85863648678604,-0.37496543323454545,1.034406582500027,1.4527690086386216,0.4993438902866164,-0.10655556607644491,1.0957044333116337,0.8774511624944937,1.2484074719331646,0.5307014943074004,0.5226442390211606,0.5415656008820287,0.36763160408904155,1.778215160306738,-0.19852666758567827
74,2.104637310512913,2.7210742925028644,1.4719516705708295,3.3073857976376835,1.914234755990642,1.665025636615752,3.449687370622392,1.8729552412888177,1.5324586204056982,2.2011947431302263,2.700640587790064,2.0225565993293984,1.2533621929812986,1.6047332623439916,3.1794453764304675,1.8345039454468846,3.394020321856993,2.478128621848827,2.4613282945637462,2.058730270221455,2.192053511347989,5.447729471663996,2.669655144499312,2.4807495050716954,1.9074258411307978,2.9880662654396977,1.6216087668810983,13.76750127746551,2.07584092410711,2.9398993720417756,1.8931857300295944,2.9075092264818863,1.4631698006503604,3.263158201950747,3.782093553868965,1.52639316827502,2.4072200403825246,2.668784852807677,1.9012737841872873,2.790528441345678,0.7232095294940664,3.082176587425092,1.8462846055666529,2.189649390097833,2.4834977883633886,3.5495814783252766,0.9827252432223146,2.290460494276502,3.2953507679535075,1.9936509972423526,2.005094822800451,1.9841438713505326,2.7068263444986735,1.1305588575168053,0.25192547362432566,1.7103768489642317,2.1228431013853597,1.1933416288229266,2.0131261404438168,3.1169233859325374,2.7670127911216333,0.6781979082864036,0.9177318856486718,1.364559686559384,1.1813422121002082,0.22807217322484957,3.198720937651846,0.9155285035629451,2.5945596659749226,1.7750232257543324,5.283777836458058,2.225119933316189,0.04990687374426214,1.3918779799654966,2.2591592858147056,0.16530341549684963,0.8930340072717936,3.0397292886515324,2.1811335270590306,1.1892621433315904,1.8579272044554533,1.0159907244136333,1.4337371912667014,-0.11437187408061193,2.3990805934552086,4.11624501153297,0.09246478908029233,0.06339803530108072,1.2694856586248282,1.9284264240068878,0.5672300706357215,1.9172893976140828,1.9378035806075002,2.0379260914988215,0.36731918884069864,2.5699425922999946,0.08599657989739704,0.6765140868387944,2.127715319769378,2.4482020686748154,-0.21039651993919595,2.000756978227612,1.944347392063888,0.12475333424060978,0.8340974422459558,1.4684597811987004,1.8176830905766064,2.665456654462978,1.6230268944929664,1.335592698464214,1.9527705778161153,1.6961023142509135,1.3473073155039554,-0.3612146163522311,-0.12633478273730295,0.031223108621996985,0.13530658208617077,0.8555381771647947,1.6529489295814297,0.8466601807837246,-0.36932683500625246,1.002034797889787,1.4768127646036757,0.48409057273938133,-0.11247356626582093,1.0706556093326918,0.8564885820273732,1.2479366083019987,0.5307756166982922,0.489468651153667,0.5789048144064683,0.3729757810260817,1.7693853494734735,-0.20979016276591098
75,2.087150398373717,2.648648648648649,1.482143591008096,3.246534794364594,1.9087739162237043,1.6327066605038463,3.411895839746924,1.7939932934830152,1.5608227425361185,2.2046594982078846,2.6886872565489486,2.012811631150645,1.23739260119574,1.596339252309552,3.1327410627791044,1.8196957362993385,3.306486781995614,2.4726221005543225,2.4089829686183384,2.015332283085321,2.1510554765798733,5.448681142639617,2.570438355055453,2.5040079695065063,1.9066737452164486,2.8945548041298506,1.5770729340321987,13.556293646738206,2.056464963660795,2.936364690743001,1.8089205889272757,2.983392332605257,1.436055736211257,3.216169835219678,3.7445853447166915,1.5295994494580596,2.3283040079285837,2.716655483696357,1.79442362059655,2.787807041893223,0.7051427691241312,3.0653134672951667,1.8125733320360118,2.113663150027308,2.505319269592832,3.555236100381488,0.9650962591954924,2.2005454368364665,3.2397260273972597,1.9806644006926186,1.9626081194821008,1.968840149763692,2.5721860590472065,1.115441167334192,0.24609180079694698,1.6586755405334774,2.0299419553243876,1.1567918434775826,1.9846371181352642,3.0191943157709744,2.7852929571415017,0.6678600160901045,0.8873372621198561,1.333047470110478,1.1720900584216258,0.22724658805577536,3.1231355187662895,0.9512692992874106,2.485454748797733,1.7368017126469282,5.26567077847775,2.271009390712151,0.051499133684887496,1.337874065823639,2.276648390271334,0.18777863748572252,1.0401553884309465,3.012704949197752,2.298110479262544,1.174988340705776,1.6100689459318744,0.8332568419527042,1.3646626038627778,-0.12238893792291843,2.3661026805595937,4.15267455058031,0.1094095038607274,0.09394007892616253,1.2637021446835157,1.9747150406407732,0.4865485800778434,1.886548116593132,2.0932049744384638,1.961393619864428,0.3442034931426562,2.6392005056091015,0.07246817404522152,0.7101400222210777,2.046042941833872,2.4532602704192468,-0.19333581293056057,2.062426882784833,1.891315198402795,0.18531403102885133,0.8350154220608911,1.4413679099080483,1.7437051624701085,2.6810435449042265,1.6213646028854611,1.2969379985270435,1.8850606960257608,1.6662171567774495,1.2744885873459182,-0.36588274562021383,-0.25531694619457507,-0.0035954571143757908,0.11959766515185845,0.6625432484951893,1.6416241186481888,0.7853316420777815,-0.3882525606385375,0.9577459277362168,1.3847062134449257,0.45999704010655607,-0.12127955054761232,1.0507958072702914,0.8210644745291378,1.2409745531840475,0.5367795303605313,0.4913566927396217,0.6330760749724368,0.4005923378236359,1.7265846900649406,-0.21402658184862533
76,2.066821863011902,2.6158089015231876,1.455471992767024,3.2351501351928285,1.9025114852983178,1.607840397286926,3.331694992622158,1.7739903776060653,1.486755784908457,2.168697729988052,2.6737340545330355,2.0226951533793334,1.2691008195964046,1.5735075450158769,3.121478471122873,1.819900269574857,3.304413123118783,2.416455583350377,2.39315169930802,2.043227405452593,2.0593892184081177,5.342411217028565,2.4726888205294264,2.4583774793902986,1.8955692702457583,2.874684334396527,1.5113981945452013,13.579288025889968,2.0804807613787375,3.00656125216085,1.7655806926953699,3.0018452963771938,1.3952746752124667,3.1252867457783435,3.734835918511046,1.4662558455980101,2.27312934981177,2.741408377642329,1.8072885232362372,2.817198155979731,0.6924992458812279,3.0207223979583175,1.8916717700994163,2.075765851227949,2.4977883633889078,3.550218618838652,0.9699565865673733,2.1307766836004984,3.221876297218763,1.9644712370935675,1.8913343242420444,1.9866399328927713,2.4544197519290827,1.079365802542257,0.2412946896703008,1.631365750823214,1.9569164136894464,1.1419379539919383,1.905527105774325,3.293990635082038,2.771557859722202,0.6740547063555912,0.9029736073352356,1.3655013536464378,1.1181552628973166,0.3185164519196278,3.1262767309797153,1.0775682897862229,2.4200912107166377,1.7351860079977381,5.310183962679341,2.296946910109868,0.06637419365652018,1.3356253667312,2.2370589062280333,0.3291468626800779,0.9400277708662746,3.0377989786905477,2.298064133401925,1.287765513927557,1.5205181200006312,0.9743834392135076,1.355145814516045,-0.13698146513680487,2.3334560190211886,4.16503130377476,0.08582028722032584,0.10139440821770783,1.2090849002452557,1.9717923805461424,0.4976304598529622,1.8779566668754868,2.0171778309950077,1.9089142107437007,0.33163755714453164,2.813201137620477,0.0633022990689722,0.7008689765795729,2.0760178517241124,2.4469050938685513,-0.13946521556324587,2.0221429365461674,1.849430163879877,0.2884245713119216,0.8142953062380665,1.4615720173112465,1.734881520224044,2.670531456001988,1.5836859931153422,1.2975205236068286,1.8642913074246372,1.6333304332695322,1.1934229188904648,-0.3566058780418564,-0.2192593249918656,0.03260051517845222,0.12187987259618595,0.8059307708106228,1.6155194697173274,0.7716004531908082,-0.3921375278388926,0.9030340544059425,1.38305435234809,0.5028562971733018,-0.11354669696682775,1.0310775239874332,0.8032860835000608,1.226747744899538,0.5208802775142316,0.3865336046882279,0.5997059904446894,0.43576239610203465,1.716536974289157,-0.18753215139482415
77,2.025618326283922,2.594552165980738,1.4396498582172357,3.2146008253877905,1.9313186675550973,1.5686061635368853,3.3201239901911865,1.7848957573990378,1.4729397125158974,2.154878534448426,2.6866565747937017,2.0107795050849337,1.2244585516504112,1.5469824733070483,3.042246532618199,1.8237454951546066,3.32577809336492,2.412522353854302,2.3565355054515735,2.056823769052469,2.058988150676691,5.360968801053183,2.5325427021776092,2.2673710337142206,1.885570818678523,2.822059084584065,1.4765670415619732,13.545222278998468,2.076286348485186,2.981266189116496,1.7535074358879101,3.1718761768471797,1.3693859277063005,3.1056158394573865,3.8949567030690377,1.4630495644149704,2.291841398744148,2.8845128077901134,1.8121724214605632,2.83755422388409,0.7130369486108168,3.0142714056938495,1.8906987791825733,2.022537154684221,2.5533628218214814,3.573553890141047,0.9676088013114647,2.091099229519206,3.1646603016466033,2.0068513649287074,1.9211958954889772,1.9803793195163368,2.4962531565471626,1.0841703287372795,0.2509612301817837,1.6104151784936493,1.96344273156068,1.1559764748423325,1.9255989169462595,3.1592914799332155,2.7362961187111985,0.6695092518101365,0.9051350027861738,1.3691671290924687,1.1283666699673236,0.24731684820050898,3.0845084248293193,0.9567250593824226,2.424067699725373,1.696510077957749,5.316848365963761,2.238509900595011,0.059271876289782914,1.334782104571535,2.265232672571348,0.2068687594414354,0.9101700764902765,2.9681908316126275,2.3317575740722716,1.1923712884580053,1.4651089408832019,0.9902654653494048,1.3223388461498529,-0.14255663430420704,2.315347611493686,4.137022663200674,0.10884138660132515,0.11359397027586207,1.2167817571445967,1.9072568860241552,0.4406894190572294,1.8382212119313754,1.9387200503659905,1.853227726621152,0.3143828390575548,2.5444646336967396,0.05839255177655349,0.6925544673931441,2.067950530296862,2.4019649168314903,-0.11007390277822703,1.93776368516058,1.8367440312785959,0.2873826211213935,0.8168656497198852,1.4449265879165663,1.7245872709369687,2.7203991486761496,1.5789069047437647,1.2863693292223701,1.8450712482151304,1.6184966069253526,1.141280030414248,-0.3632814216769868,-0.2576093708403585,-0.0154099133511876,0.08758012713727897,0.6014661042387475,1.5846161720859406,0.7817910888894364,-0.3905997283220854,0.9200025612840574,1.3678817022734502,0.507690789798234,-0.11099012088501731,1.0134348494711916,0.8003672431818543,1.2125545697315405,0.5063893500948767,0.4702449550057621,0.6062722038466251,0.38909787904843773,1.714492633849928,-0.19371866815053415
78,2.003923625911232,2.518180661037804,1.4288003945259522,3.116692756510602,1.897551640005411,1.5647364856875663,3.2496894937421037,1.866015454147835,1.4525358440156277,2.122182397451214,2.6045524192804,2.003112847655204,1.221719964629334,1.5258775337918862,3.0034181571879754,1.7847614528407625,3.2591696567151986,2.4512253320956763,2.343870490003319,2.011117912080193,2.1097900633241387,5.354941551540914,2.4484538168865866,2.2249063962887763,1.8230141349790958,2.7745875589099294,1.4426006620321215,13.49667858967808,2.0688626088505826,3.011973732899599,1.7099817972435827,3.299728854409882,1.3282592644956561,3.0368552232968913,3.865708424452102,1.3939972160095089,2.3107013690119595,2.9116902448788573,1.809790032082843,2.8069656940385026,0.6716727317070039,2.943480253739029,1.7967765383272567,1.967727407748105,2.560485425881819,3.548466482426868,0.9491972221993393,2.0101551726789464,3.044624325446243,1.9483315162786723,1.8576225354130476,1.9773922294739856,2.5029910298399907,1.0383616565674973,0.22217856342190692,1.5756572643169504,1.9428255001038275,1.1395982005168728,1.8600859379598567,3.142281474786277,2.7205132431312027,0.6691874497184229,0.9051012309822528,1.325682288251022,1.1192692345776811,0.20316227588209498,3.040727779604698,0.9022045724465555,2.3509375815490907,1.7320050894696446,5.26453908735398,2.242588963474652,0.051352478164040545,1.2869621129338846,2.1951637846197105,0.13241958660329375,0.8671493125506662,2.9628678556596104,2.3647094809727065,1.1269379160248167,1.434596027325939,0.8927993429792993,1.2704636925834791,-0.14062959694027655,2.2783946823115455,4.097389521473291,0.05734032199898247,0.0791349526943432,1.1891687394548713,1.8887730356959482,0.4033894334726827,1.7750830059334697,1.9031769623410624,1.7987074515901746,0.31806353299730394,2.592260494022226,0.06623598707961252,0.6821061461146227,2.0125894621539007,2.3862715216756913,-0.1498956952035965,1.9553912201112704,1.808169037517677,0.1959036472509528,0.8329958664680335,1.4282046278120253,1.7226051484034326,2.6673726509624,1.67216839013984,1.290987920926381,1.8446525105417209,1.573951626935793,1.243606427934317,-0.3678188908382321,-0.23672612180909275,-0.03565920973783831,0.09139491184349051,0.6039306760194005,1.558191613241711,0.7598704465407258,-0.3940260535612874,0.8326343162260905,1.364792110221961,0.508085442257412,-0.09681848309819154,0.990320115479324,0.795405214640903,1.1942917874656103,0.5980046252371917,0.3935708505995144,0.471468822736739,0.4685738511512369,1.6859588609109064,-0.19057497621217062
79,1.9442495382362264,2.47392761678476,1.382854559651502,3.0584033015511602,1.8736041041467317,1.4842615185619132,3.2225135614271605,1.8092141711619774,1.3782858920516408,2.016766228594185,2.5811995790950544,1.98256066358153,1.2038696564558065,1.4980094204775474,2.8805535209381823,1.7250786430444367,3.1700023250114677,2.47020971979673,2.322830222403799,1.9267803208942493,2.035369717603754,5.33828730946754,2.3618351817372303,2.1439872015128554,1.7931515030858052,2.7444096408999545,1.3745237740635228,13.449412365866122,2.0104748966244257,2.9256501880560912,1.670109092710229,3.2470061007757773,1.2531693293746171,2.9642421447708664,3.7304351358487757,1.3454728873735078,2.2950217074559753,2.8985526041284895,1.7736968330103868,2.774635468543344,0.6520014633113195,2.878291279277036,1.8389013215506038,1.933950422092544,2.490348190994669,3.5600942967959797,0.929549966636736,1.9573031634311264,2.910059499100594,1.89793497082024,1.8210454683834456,1.955868813552386,2.558710312461551,1.1096426012367513,0.21337984200871168,1.5515706395804658,1.917362972045605,1.0951783353008533,1.8023426923303316,2.9653397607301124,2.691195053367097,0.6543041029766692,0.8559970280812549,1.2553599354285427,1.1074178136449153,0.20054317810434252,2.9873762534172954,0.8436757719714962,2.361624395760068,1.7061538150826026,5.251838998076125,2.1734665827207347,0.012048798577022386,1.2547073353267113,2.173175875158161,0.14549942890829357,0.8569960912104407,2.947717847177945,2.349786113853241,1.1709841386490294,1.6101636085385669,0.9360371023454674,1.2441281409730656,-0.1324654310091203,2.2412945303039784,4.073499798630689,0.06331790359791149,0.06976527490427584,1.2012575881442313,1.872500928142057,0.3779371486233243,1.76255380842857,1.6780441738423597,1.7672683981632205,0.28674246864376973,2.575933533470269,0.04419532585977597,0.6693032735620682,1.9844278492817118,2.244252780389741,-0.1785593001067305,1.8949388329830763,1.8400715414690958,0.18631345264017424,0.7921851066954828,1.5032812541852731,1.7067481681351426,2.582965237609458,1.5754091661529723,1.299060054174832,1.8082642067224146,1.5441969723333915,1.1472166576496219,-0.37456570362249203,-0.2677551986275032,-0.07500759703616186,0.051914388901475296,0.7547435107509044,1.5047026757265154,0.7286827910642596,-0.3915439911832828,0.8290058304785693,1.333743239605511,0.5008830348774111,-0.11640311839156652,0.9910748823035482,0.7645451120038632,1.1772734305106178,0.47781516840607213,0.4368241669323002,0.4400098003185104,0.3739013088755132,1.6380690987068465,-0.21140403670218308
80,1.9526651147032141,2.4125334125334126,1.3502239756708996,3.003130781272236,1.8695460489070812,1.4490761144134752,3.1302640099362,1.833299314768917,1.3554116000109797,1.9859816806053359,2.501633775775813,1.9922594470769714,1.2170676661959379,1.4634740649072824,2.8032118076065817,1.7063024883518298,3.0861133977214887,2.403711919783095,2.259556213773204,1.9362124845723918,1.9765464503277619,5.231541548368678,2.2583178175342025,2.127102653828782,1.7520516734134095,2.680961570397008,1.3110109682099669,13.302503832396527,1.994365381617336,2.916813484809155,1.6053469049122677,3.205204488965881,1.275036523870116,2.8455162591423018,3.6520335001117123,1.3118851369316666,2.2778628325456522,2.843070035465991,1.6954750484419168,2.8219878190160506,0.6086797466160926,3.0066320727490847,1.7837270130895897,1.8826860608848128,2.4119995463309514,3.5618464332077635,0.9019120033610399,1.9010678053856764,2.799778607997786,1.8870326428525621,1.7482047241274332,1.9548049184688094,2.483539082594609,1.070212351774154,0.19028621155983216,1.5168998379706258,1.8498749122408011,1.1029066119306157,1.701159573841898,2.860204120061763,2.65463472132736,0.6542236524537408,0.8224953985917156,1.205081639173351,1.0757315080701058,0.22690496660650336,2.978099861099522,0.8897342636579569,2.3585798963627544,1.7010037565133094,5.227067536811398,2.185393407879685,-0.008713433017185914,1.2361555678140888,2.170082946717278,0.18038668435208713,0.8486086474946025,2.8431301438373393,2.2938466600855545,1.154543356086623,1.5969423978038275,0.8847073600811612,1.1934988216484461,-0.13578993821712262,2.203679098407417,4.096657269432138,0.061366544315616445,0.050663556094690684,1.1879076725052617,1.8902738611499479,0.4204627360530488,1.7425518395546764,1.7105987735243844,1.7429723754221431,0.28371820419645993,2.3919918891873384,0.025893976819304707,0.665256388559824,1.8933559317016124,2.1805713174021593,-0.19519551085093306,1.8640774129342699,1.7522252724398966,0.14803773135547096,0.774114018338614,1.5633195960709134,1.7163390836199957,2.5024416009445343,1.5859370130005055,1.288949083147133,1.7713734176950167,1.494170871759179,1.2130167132141132,-0.3751596131985712,-0.2707427455852338,-0.10539574168373045,0.03755480629556085,0.7349321452833467,1.4460311976147515,0.7082399448289453,-0.39689931055321664,0.8648993806672861,1.3216601815823605,0.49241773962804,-0.12317331060821264,0.9816874699272593,0.7690560470410919,1.1498624405534665,0.5085388994307402,0.4129416668710001,0.43902976846747516,0.35577887646890205,1.6104922510798032,-0.21663231580823147
81,1.9557799709280086,2.393695107980822,1.362265236510089,2.96544755941369,1.9378315957174994,1.448359507404342,3.0734705576373917,1.8442046945618897,1.3937946620552093,1.9706093189964151,2.4847421957208,1.9621470335577909,1.198887407778907,1.4777198990800167,2.7810804212051763,1.7347326136489143,3.082971490332351,2.4180813182087544,2.220182314940122,1.989243319720246,1.970173929706196,5.2383618570272965,2.1911276612968513,2.051966416634656,1.7205521268830044,2.6445419198195044,1.2621993110638154,13.363396354965083,1.9252503656191773,2.9452013939899375,1.6093713238480873,3.170369812457633,1.2765131878662201,2.7988197456207433,3.6924529962559496,1.248580634061654,2.254121458208525,2.841942340980981,1.640838918712874,2.760701903346777,0.5616355713011276,2.9742073484724165,1.7677012803415768,1.860024338593919,2.457865487127141,3.5215472957367333,0.8999761102552909,1.9065529314666823,2.744430607444306,1.8817952500053445,1.7252824985225905,1.8936309511631235,2.432038294556385,1.047018087384391,0.19462530705127093,1.4985190863633988,1.8181827171236735,1.0679166622353153,1.6305844958502567,2.8191541445411072,2.7023829145377265,0.6616653258246178,0.81371472957228,1.2402596310682878,1.029687345281711,0.1956181355440036,2.9569948415405682,0.853696555819477,2.314652119344376,1.6793937068303915,5.239390395714663,2.1485931666829234,0.0003373076979483165,1.194695178297243,2.1152537607198085,0.13066946685825856,0.8590026566926987,2.8320162380013687,2.2046308783930963,1.113606278588825,1.5371787387785365,0.8562646440735283,1.170243249135702,-0.15406001765225058,2.1893984843410124,4.087961776443452,0.06200876382624515,0.04077621654826588,1.1729053243116312,1.8695782680474258,0.37577483061842304,1.7147191222402203,1.7019919270968236,1.7210573629096912,0.2822646817489158,2.3330041607415604,0.03243017290518725,0.7053573399456983,1.87718428278552,2.1867967964722284,-0.17283870759080178,1.9051024567384294,1.7153315032027285,0.10872005988023953,0.7664816718772951,1.5431920193775759,1.7039348329262525,2.575870872192677,1.5187180961220121,1.243512126923893,1.7371625497774403,1.4663737602227251,1.1158080977935048,-0.37494580575118275,-0.27108291182299527,-0.09988611545790962,0.03718832042858853,0.5782738518413195,1.4112889810229439,0.6883204847171253,-0.39696675790044506,0.756080381631325,1.2269840687174216,0.4938582211040402,-0.13238960956980098,0.9657901936920361,0.7418577622578025,1.136341927715706,0.4843750000000001,0.31155138170316055,0.39806443709420564,0.37503582688449383,1.6022278961127085,-0.18166504718900148
82,1.9564903767336634,2.376511519368662,1.3716352278798338,2.9221289312651204,1.9019603913768832,1.4421250264248833,3.036156728697147,1.8519026097098705,1.3813052986010084,1.9569095977698123,2.4921726448706827,1.9864401769797067,1.2742810384194065,1.463569996450533,2.7565862533374297,1.7313373612753058,3.0341462495051497,2.378906352427851,2.211500651124786,1.9880893848021755,1.9389797728174119,5.172220724221612,2.1341576944871696,2.043397508684989,1.7361691773397923,2.6268474669445854,1.2360158926143545,13.394907170839721,1.8837887797599169,2.9138310974633144,1.5959359560161965,3.147021164419673,1.250875787423221,2.7609371990263787,3.651221047927909,1.213976257878849,2.3151390090749744,2.7350932885262726,1.6637892697182421,2.834996108398783,0.5792530694238531,2.854750816276872,1.7572845540553685,1.84383054972643,2.497289327435636,3.5080877023916663,0.8714731734642602,1.8392960583986508,2.6888058668880586,1.818144894076402,1.6816765459071288,1.871452830574708,2.459751460360799,1.037657544969951,0.17775104680678702,1.455311253201387,1.7725973756291469,1.077275676135578,1.5501206663134972,2.7770371207270994,2.7636164761234063,0.6534191472244569,0.8013542493372282,1.263599522440263,1.002859193979602,0.16319256631726384,2.939767255807562,0.8050771971496435,2.2133137822623734,1.6710627297330045,5.232223018597458,2.1021273199670123,-0.0238608532418203,1.169889216433774,2.050527203711514,0.11669153678935913,0.8719249383984399,2.8492720391677437,2.205326066302388,1.0661211530217596,1.3894735181357778,0.9084398173868935,1.1529053892712904,-0.16701971167990579,2.195397814477156,4.1121260938014865,0.045903874559709276,0.03226930835212735,1.1262458471760797,1.8705261578078465,0.35942230070635706,1.6814272545843436,1.724863824547842,1.6973930367598824,0.28493728753956155,2.2965318375730766,0.01742732281968478,0.6849757554798503,1.866563543108361,2.1799876787393404,-0.1784178013519195,1.8896452789438298,1.659429332002329,0.08879542052259123,0.789562307224239,1.4825031664581207,1.6974130103965526,2.5344957045429832,1.5407088288463004,1.2321112789338122,1.71605817103759,1.418392204628502,1.0673207679597594,-0.37239199457404204,-0.277220693939125,-0.11084856763918194,0.027159934432346707,0.5471191367679353,1.3814733770970093,0.6616893672569644,-0.4018094774314432,0.6915858261386156,1.1908878447495288,0.5532534162103498,-0.13612978568948655,0.9603181342164103,0.7338176839267423,1.1363082945991942,0.47573974146110054,0.2967658092832797,0.3597941933112827,0.3976067641157922,1.5874390503821176,-0.21614479138998258
83,1.924030296075281,2.3370953370953376,1.3871696872559898,2.8957165219866234,1.8731031096727007,1.3992002665778072,2.9612636808526442,1.7763813967050592,1.3860631513454658,1.9181202708084422,2.4285753844449776,1.9564201328271495,1.2675830484762898,1.4386277952053417,2.7061802487221294,1.7037253690802956,2.9829959972099864,2.415459165211371,2.1611980696065163,1.9300414413148836,1.909790954585764,5.202356971782955,2.0691431231279855,2.003761032996627,1.6710907602804874,2.5603071619586437,1.205796864715802,13.441321750979391,1.8489343221754528,2.832754345172675,1.5966789256658864,2.9146644573322287,1.1995695681543268,2.7130732726667803,3.49841233302415,1.2453743528786145,2.303231341572552,2.5639092657017355,1.6321431974841962,2.8213346831474624,0.5315670908985886,2.7486489698218057,1.711897389522605,1.814844625865984,2.3651809005330606,3.452815762856301,0.8658714402220924,1.8003875472259105,2.5779714957797144,1.7731995126018085,1.62463960172633,1.8367125641917466,2.4224295013387867,1.0228297830922095,0.1757984538356397,1.4525672073453317,1.7601380415113368,1.0553316246042803,1.535640708693861,2.7283922720596547,2.6405000574376802,0.647425583266291,0.784806065415984,1.2198120028922632,1.005303742944846,0.16396121457812596,2.8606970546227353,0.7966152019002373,2.229530401501124,1.6771216221674676,5.238132961132697,2.0411630649723773,-0.035048574403583395,1.1466643711196762,2.0595248137213553,0.12742253417339067,0.8598855455048923,2.7961007738788113,2.1270479077161224,1.0456761684026061,1.3761260905921144,0.8903838256962728,1.136813363648633,-0.16757869961753458,2.1347788161076493,4.085856551825138,0.039728686957509925,0.007904695019576266,1.1081995442764954,1.874870652543109,0.3991098457546489,1.6508202149652318,1.7935193634121367,1.686459826526397,0.27476263040675186,2.3130563016800973,0.012593577807334347,0.6604001265571311,1.8436197849207696,2.1275250478259458,-0.20562599049128366,1.8514787543208635,1.634722568837867,0.03825020413718023,0.7500367191925975,1.4203984954062443,1.6866072456169519,2.5050825690923872,1.533263147687683,1.2075203987800256,1.6782880328960315,1.4012093266051857,1.0226937080524645,-0.378081648312881,-0.2638211021386103,-0.09767090491350741,0.011451017498034247,0.5323317060840167,1.3415486199086337,0.6373673062239846,-0.4021871825759222,0.6548740879872224,1.1558622714925482,0.5027970993044251,-0.12483035066123803,0.9628182993216533,0.7250876978841059,1.1070811163504033,0.4514646584440228,0.3854547237819678,0.2936420433664094,0.35342027323970543,1.5497709903742014,-0.21311877775947224
84,-0.5091642348929473,-0.6037591751877466,-0.6181317552295237,-0.507442720933542,-0.547151094923423,-0.7563894472451834,-0.5235719366036454,-0.5570782912961072,-0.7019479747101828,-0.5959776981282359,-0.6284775425058613,-0.49159900610561513,-0.4615212026026475,-0.6657745033144348,-0.4961762319936362,-0.5944923279568354,-0.41723901746272124,-0.3654914176932397,-0.6273012792686975,-0.24271766724530647,-0.5368558963640981,-0.7836534648754103,-0.5448474054885453,-0.4568663123725745,-0.6664233415179065,-0.6125544720009621,-0.6698967556582607,-0.2573667177652869,-0.3448549772462379,-0.46272844258628204,-0.6558812239186697,-0.5801009264140996,-0.5452817443486184,-0.5660726481009111,-0.48565006330356597,-0.6390587609678278,-0.5570495610434371,-0.6055324691434596,-0.4508592484355644,-0.8284429785172727,-0.6864470416081022,-0.4002840700102424,-0.5204299475157252,-0.6378915495252058,-0.280979925144607,-0.7838500808372026,-0.6845318021929138,-0.6740194696344445,-0.5446935104469351,-0.35371641121015834,-0.6137246825808994,-0.5059025717617693,-0.780696871869086,-0.6771441233603519,-0.8454799883326545,-0.7509887276338484,-0.6190014733657012,-0.7827219841109468,-0.5820825239861086,-0.4131862062039443,-0.36359050430283135,-0.9142397425583266,-0.7483662889853262,-0.7721838268677799,-0.787571789286068,-0.850398273672943,-0.515909749046593,-0.5557823634204276,-0.5970076920209264,-0.9393100941147958,-0.9040577413960039,-0.47455462840623924,-0.8437280671430877,-0.7302263807539467,-0.4271896527484887,-0.7954662687447036,-0.9006348773185864,-0.11281784308334852,-0.24641630632760034,-0.5139369785704527,-0.6171213101304766,-0.7483634870407497,-0.7530825745856736,-0.9628714327743454,-0.6432790939907324,-0.8918097609197085,-0.9112255030307821,-0.79685227141351,-0.8711972308709189,-0.8435191987171892,-0.7777767767046274,-0.6434995838516543,-0.42003402892059777,-0.8663232828785927,-0.9020044543429844,-0.3388239321641122,-0.8183241497244917,-0.9660797457084624,-0.5646976974828477,-0.722771635160987,-0.9684862058928168,-0.5758804503755777,-0.5675484568671492,-0.9330600163309745,-0.6854476594137519,-0.525853987058657,-0.9070959986700596,-0.3708799602301267,-0.6311444185096171,-0.7835087149912829,-0.600733628403814,-0.7166347659648512,-0.5876529851291875,-0.9749370158894569,-0.9532049575531695,-0.8774250165430788,-0.9362814344923172,-0.9125077017868145,-0.705938807631771,-0.7864276741952169,-0.9554173034820368,-0.804488650310022,-0.7094559870787754,-0.795037245325835,-0.9671748256162611,-0.9318822941137622,-0.9227038013914908,-0.7487606196565386,-0.8996012215370018,-0.8198514086751832,-0.7699130221732206,-0.9266444539982802,-0.5936982118545646,-0.8735630638051786
85,-0.46653988655365747,-0.3112987398701684,-0.37455307606953525,-0.2451401736160523,-0.43527902887231146,-0.52775598098125,0.06209063598050955,-0.5371336929581572,-0.5825441702579305,-0.4265631222620471,-0.29572264579371965,-0.38232604539030673,-0.43505919307368446,-0.5081110119818497,-0.2614732730036465,-0.3179633394556961,0.01829218481956028,-0.1009686233172335,-0.434517273957562,-0.2460791298327296,-0.40985111474547786,-0.6876933081669231,-0.2684975309641382,-0.38232103434739123,-0.38500674674276114,-0.31129066431504154,-0.5873589338304179,0.2787429739397037,-0.28490827969681437,-0.18359907877368647,-0.5540943819111656,-0.335316713112902,-0.4725796063276624,-0.1798341106357145,-0.12532751978659581,-0.5293413829238157,-0.4187431124128188,-0.02679965943626555,-0.30986150376417537,-0.4885401869057144,-0.6330169243506556,-0.040556369788984685,-0.4534080437731443,-0.40054234819520707,-0.28329363729159585,-0.6040968135010074,-0.6629898427395771,-0.28519067220989053,-0.4726027397260274,-0.3846063404519121,-0.4600293691015563,-0.4333121918284674,-0.38527159488390345,-0.6976047780184643,-0.8092244348930775,-0.5023694618185619,-0.37396790238210603,-0.6747742669658716,-0.5594208016952146,-0.17065240588006378,-0.24921460215666,-0.9019710378117458,-0.6990256834568819,-0.5841867191309758,-0.6207854738092881,-0.8410036838179613,-0.1638976553795713,-0.4884946555819478,-0.3978725783803264,-0.834137819606576,-0.8115105561633156,-0.2590736980252016,-0.798788625397803,-0.5433384046182658,-0.3969351890903979,-0.7757774216130578,-0.7626634347585298,0.06102704188772595,-0.09574591345374,-0.4333347465811181,-0.44126974109777073,-0.46212468900214976,-0.618705509009804,-0.9383936451897616,-0.40521978527550917,-0.7972577161058837,-0.8723465218873349,-0.7399439889979622,-0.8180584787184081,-0.7749551727134134,-0.6192067896785354,-0.33259649719435475,-0.4307527404438104,-0.7095653441531622,-0.8963779158363614,-0.292081424132301,-0.806604598137944,-0.9201659958648193,-0.3531340433563018,-0.6336046172303104,-0.9452399818881594,-0.38451847185682,-0.4861492388320439,-0.8849176646706587,-0.6483612748903669,-0.47251208228581926,-0.8962262944538933,-0.35632874357234956,-0.6163223183426952,-0.7129399624687414,-0.3811475924677468,-0.5425874369236122,-0.5326733831464124,-0.9632488754322176,-0.9273227438104535,-0.8250835673977808,-0.8964510841318283,-0.8032766165853041,-0.6205228607624093,-0.7381222137385779,-0.9482678846758278,-0.7190413682948605,-0.6101607811467586,-0.7586502885896108,-0.9398888994097782,-0.9094279810930911,-0.8690767442724393,-0.71391671095027,-0.8444171015180265,-0.7677218448863498,-0.754036506186451,-0.8723070125155249,-0.3909605355302018,-0.8649725473318965
86,-0.4610752265101588,-0.3232636089778947,-0.4231290839600543,-0.2822541625160096,-0.4072233383265782,-0.5447037367472491,0.07334317045466585,-0.48219857122029447,-0.5308482702460359,-0.4550378335324573,-0.32798279458731006,-0.3664846990144188,-0.39780781058216425,-0.5206780441476961,-0.266435114082965,-0.3366985874931993,0.003650896386178144,-0.14370971717457792,-0.44120726195643856,-0.22465607722333153,-0.4344053725250779,-0.6738940790204133,-0.2794260503521411,-0.4246168262959946,-0.427168358882474,-0.3267518367300194,-0.6117647624034936,0.32686084142394833,-0.3517961738045922,-0.1986767036887713,-0.5517416446871479,-0.3814491225427431,-0.48819454262689105,-0.209077802228591,-0.15592988537653774,-0.5411889829050472,-0.5128950424164429,-0.16697208392302357,-0.34837679870398025,-0.5383962248746795,-0.6740923298098337,-0.11723263749384613,-0.5080100046360155,-0.35895593181360863,-0.28252239990926625,-0.6068843032470272,-0.6605596790536366,-0.34609095056722344,-0.5186799501867996,-0.4616708352038308,-0.5201106713704985,-0.4252920596599628,-0.3647064337901415,-0.7143792013717751,-0.8022818821067756,-0.5119954004564699,-0.36220075349306335,-0.7106150361066502,-0.5339337218200011,-0.20843846897400164,-0.31958824675227376,-0.8980289621882542,-0.7035173333783624,-0.6029864299046561,-0.6254579661352608,-0.8675078145906521,-0.17283047761150072,-0.5583432304038005,-0.3996744249624098,-0.8389849335541463,-0.7794459743231859,-0.28563194438286443,-0.8011770153087413,-0.5545819000804613,-0.4296077604386335,-0.7919660292546332,-0.780883049337432,-0.17330088852752457,-0.1836640110488532,-0.488498518445239,-0.5229951248757554,-0.5048189569796372,-0.636493253461516,-0.935642836128273,-0.4029746371877497,-0.8051294255482737,-0.8921565237151904,-0.7709519282037655,-0.8295385364665774,-0.7920961792143574,-0.6573176445149199,-0.34239611952854415,-0.39317748034570826,-0.7074758861974295,-0.8908920407924041,-0.38813398641175534,-0.8079574387231617,-0.9234035038666146,-0.3725252196309756,-0.6579877435880808,-0.9507180051101265,-0.43337797563906433,-0.5033691040678813,-0.8822383641807294,-0.6810675842967749,-0.5669892436087292,-0.8881059860100513,-0.349803998736478,-0.6384862064427652,-0.7185155596609705,-0.41489784894457177,-0.5668609709413607,-0.5833832926347804,-0.9615265376615879,-0.9313603691543172,-0.8142205156896547,-0.8797260018390928,-0.8114286617059261,-0.6280087527352297,-0.7540393093766163,-0.9461095695645195,-0.7538321434034484,-0.6324914959743534,-0.7920378866360811,-0.9395890540668498,-0.9013614106591945,-0.8780455445229288,-0.6989163409859884,-0.8777351162239089,-0.76941372630753,-0.774274163910327,-0.8822489729626445,-0.42236508440516213,-0.8474721018354454
87,-0.426975747838727,-0.33785905214476636,-0.40755352813052237,-0.3037142450547886,-0.4064217471681287,-0.5219514642072715,0.07769556586448098,-0.3921562910045196,-0.5018436679384772,-0.43647949024293126,-0.31367571858443016,-0.389715594720167,-0.3587417017513758,-0.5132913153173895,-0.2876213878978332,-0.33837576035245176,0.00572455526300909,-0.2272515116712032,-0.42527385542476326,-0.3044280998203875,-0.4614551628557804,-0.6133043602391867,-0.2534708168056342,-0.4247856717728354,-0.3933240427367443,-0.32411771105931947,-0.640734673091613,0.3643331630045991,-0.41055507301247923,-0.1799539386843253,-0.5719875676411952,-0.393688333207803,-0.489891135303266,-0.20230680776796495,-0.14739913744659822,-0.552059058135352,-0.37695533515276575,-0.21749279685147696,-0.31002032972269,-0.5567928851732715,-0.658496511799552,-0.10410430235913923,-0.5592351146698413,-0.3780722683761176,-0.3301122830894863,-0.6107867888914551,-0.685108451203137,-0.35234501955678116,-0.5186799501867996,-0.490957480920926,-0.5272290969001272,-0.44039118603842303,-0.32269725856442283,-0.7475967014442572,-0.8084771462251075,-0.5250187292018746,-0.37085306885265357,-0.7129193387714877,-0.5642474542350933,-0.2105725655607025,-0.3485568158547975,-0.9030571198712792,-0.7138852771820807,-0.615228102036355,-0.6478921180314883,-0.8765038460881497,-0.14289079870228671,-0.5544091448931117,-0.42974662309097467,-0.8568586662358121,-0.7934034981830069,-0.2601821390251041,-0.8252075699389703,-0.5291434915972439,-0.4455785182061015,-0.7804520835636124,-0.7647903941697233,-0.13288136782933732,-0.31663028516608044,-0.47714542790787506,-0.5368474196551126,-0.513575207130607,-0.6263535469939059,-0.938717269785231,-0.36138418900466335,-0.8089737487643247,-0.9013205021168543,-0.7823059760598692,-0.8424101163660398,-0.746202516647314,-0.6165489404641776,-0.3407404755725396,-0.4153719871056689,-0.7297796350737386,-0.8987223068807878,-0.3717411913414441,-0.8230362910887327,-0.9210489525925817,-0.3746345651417703,-0.6703090042475925,-0.9557311038520003,-0.3899708325172438,-0.47953581232842524,-0.893359587642896,-0.7101806584275793,-0.6219382932886394,-0.8890011381219709,-0.3936129997773301,-0.6901211395008969,-0.7143546662339337,-0.42302135980872074,-0.5526361579954758,-0.5863077395487578,-0.9654582190552323,-0.9223237790990032,-0.7810491577939911,-0.8808587763370072,-0.8300709354313791,-0.6226982481733144,-0.7496367084554568,-0.9523417044484224,-0.7533696893375879,-0.6400166409710496,-0.8068570864782201,-0.9179528453744911,-0.903201154793241,-0.875392053324559,-0.7062147272690582,-0.8567584796015181,-0.7642400019616018,-0.7888276368981991,-0.8858913728862139,-0.42432243163421085,-0.924568204666113
88,-0.5306403488638972,-0.38236666808095376,-0.47729420950971935,-0.3414543902091931,-0.43357564766060624,-0.5861236218751456,-0.059988747465526064,-0.5249453273071876,-0.5577484376858537,-0.4952210274790921,-0.38101127951411323,-0.4317898412170587,-0.4326835513204609,-0.5317101716215308,-0.33408942340256276,-0.384313934033928,-0.11448482144540305,-0.2702023777683382,-0.46934606644026255,-0.3811396863303866,-0.47896845379476916,-0.6228210699954003,-0.31140208856148294,-0.44044608974981325,-0.44636892516645654,-0.3615681064644881,-0.6507756537447092,0.20933401464827125,-0.43527612599570903,-0.2185592859943776,-0.5913047785331302,-0.46072154854259245,-0.5374585670075561,-0.2969839889329262,-0.22444668621065533,-0.5425575175563446,-0.0268255341809225,-0.40158892152937925,-0.36616530605762215,-0.6228140358898159,-0.6932180654767635,-0.17059479280431428,-0.5748029693393392,-0.40298578971071575,-0.37797436769876386,-0.6521212796967211,-0.6879916962542528,-0.40206999430982243,-0.5985194409851945,-0.5158083755531327,-0.5767446858043374,-0.4876935982159298,-0.42124597924735013,-0.7282543416763654,-0.8554358018768999,-0.5509347178423959,-0.454360272523213,-0.7099060199020848,-0.630702219082936,-0.2732145771350381,-0.37632668554618237,-0.906234915526951,-0.7431316593775856,-0.6472784139635778,-0.6235394593524112,-0.8704970022717827,-0.24566733581031,-0.5526276722090261,-0.47460638972077596,-0.8337338934442784,-0.8089956869993838,-0.32243218557962605,-0.8313042494484705,-0.5747850559890938,-0.4786447349922676,-0.769859253527873,-0.8117440264545592,-0.21360342074322794,-0.2606444855377742,-0.45368551468128904,-0.6032690153511193,-0.5450373197420227,-0.6780902745334179,-0.9311562224183583,-0.4651394752242388,-0.8102551898363417,-0.9021109261299358,-0.7970593361160528,-0.8296689916682611,-0.805287645046881,-0.682274398154822,-0.37488253877339156,-0.38843574550830196,-0.7690905998688015,-0.8925565584339469,-0.4281613735713909,-0.8189321679650389,-0.9257580551406477,-0.45260633691798724,-0.6940436432022309,-0.9607442025938743,-0.47138569364085353,-0.5376840529074121,-0.9092652762656505,-0.7366447050924274,-0.6666704932021597,-0.8816481029169171,-0.41349793641998644,-0.7594525519639282,-0.7119413480462524,-0.4781272376294423,-0.6427266399860797,-0.6058430449341268,-0.9671330440597758,-0.930561717987399,-0.8019942574926657,-0.8739788371070272,-0.8322511335450337,-0.6598717801067219,-0.7866739735474495,-0.943290270450373,-0.7595594591421833,-0.6412708318038324,-0.8263923832075378,-0.8996938421235363,-0.9104186125498853,-0.8765065196278744,-0.7291861458466464,-0.8353000474383301,-0.8053600765024643,-0.8275878966066397,-0.8933254514187445,-0.49517840132577645,-0.9304353088719357
89,-0.5209679005869045,-0.4523738809453095,-0.49188345045822546,-0.43401166927565094,-0.4513108520413019,-0.6253936859756426,-0.16593242109956383,-0.49887738737425275,-0.534416659804379,-0.5359617682198329,-0.4336705495763259,-0.4789444028782295,-0.48276999828425876,-0.5502249594689229,-0.40772944577022724,-0.4079988873389812,-0.1831669169719553,-0.2820020662565621,-0.5367055639251335,-0.4618649595119357,-0.5500911315011965,-0.673576855361873,-0.3411013518983242,-0.4564864100496828,-0.46450770898312216,-0.412647239035452,-0.691227834174886,-0.04743655254641456,-0.5221338797205703,-0.27030922938424745,-0.6573052490805751,-0.5019582737064096,-0.5726471558508884,-0.3341077171825657,-0.27603739988219433,-0.5832616481849321,-0.27222702966562384,-0.4633301945836834,-0.39181569835773966,-0.6525317179106183,-0.7126967929093582,-0.2855809005358851,-0.591229345406052,-0.45185462002088905,-0.41762504253147337,-0.6717929930472041,-0.6950762412369945,-0.4140142408226663,-0.6511692265116923,-0.5307189123324568,-0.6237531562830179,-0.5001739059271232,-0.42024994580406255,-0.7311122063958185,-0.864186311117968,-0.5685750126313222,-0.4756202474067775,-0.697746391993789,-0.6555418211784095,-0.34715474710955446,-0.3675861690066277,-0.9147626709573612,-0.7705543641613617,-0.6641611595957557,-0.6125544608377067,-0.8863539312088276,-0.2747726302253329,-0.6302701900237531,-0.4513687820759759,-0.8134366037888274,-0.8337671482641116,-0.38011545521455,-0.8413606280208418,-0.5981855809197882,-0.47279628848587096,-0.786876865259202,-0.8297629844852357,-0.16692501623215206,-0.3350295918320056,-0.5238768213230826,-0.6223277534985723,-0.5484190439382594,-0.6773635378923945,-0.9360105913503972,-0.3805231563101544,-0.8398198659978764,-0.9169313763752143,-0.8123648687123509,-0.8448017950635752,-0.8180051659991943,-0.6933562779299409,-0.43157715748306325,-0.424935149802959,-0.7835710294224835,-0.9019341226116517,-0.4498867646284299,-0.8276876306289188,-0.9412833776038025,-0.46548444635231256,-0.7120715930093058,-0.9653934473948057,-0.5391431853432076,-0.5490391814324931,-0.9193658138268916,-0.7329990138273988,-0.702984315031014,-0.8979526592411667,-0.4535785118403405,-0.7827938966193144,-0.7348262618949541,-0.5515738255455106,-0.6458587088915956,-0.5606895845823159,-0.9699838100249562,-0.9234625965036827,-0.7351403392680149,-0.9100277196583019,-0.8630582808031976,-0.6816896361984465,-0.8067165833353858,-0.9515188468122361,-0.7333062975571754,-0.6492242370848933,-0.8376794435400327,-0.931098696461825,-0.9170228222618475,-0.8711730023191513,-0.7277062887201254,-0.8502727703984819,-0.8211509697668147,-0.7991424721303442,-0.9162845132320626,-0.5392839588870089,-0.9415306921838069
