Frame,Cell_125,Cell_129,Cell_132,Cell_133,Cell_134,Cell_136,Cell_137,Cell_139,Cell_141,Cell_142,Cell_143,Cell_144,Cell_145,Cell_147,Cell_148,Cell_149,Cell_150,Cell_152,Cell_154,Cell_158,Cell_162,Cell_163,Cell_164,Cell_165,Cell_166,Cell_167,Cell_168,Cell_170,Cell_171,Cell_174,Cell_175,Cell_176,Cell_177,Cell_182,Cell_183,Cell_185,Cell_187,Cell_188,Cell_189,Cell_190,Cell_192,Cell_194,Cell_195,Cell_196,Cell_197,Cell_198,Cell_199,Cell_201,Cell_203,Cell_206,Cell_207,Cell_209,Cell_211,Cell_212,Cell_214,Cell_215,Cell_216,Cell_219,Cell_221,Cell_223,Cell_224,Cell_227,Cell_228,Cell_229,Cell_230,Cell_231,Cell_232,Cell_233,Cell_234,Cell_235,Cell_237,Cell_240,Cell_241,Cell_242,Cell_244,Cell_245,Cell_247,Cell_248,Cell_249,Cell_250,Cell_252,Cell_254,Cell_255,Cell_256,Cell_257,Cell_258,Cell_259,Cell_260,Cell_261,Cell_264,Cell_265,Cell_268,Cell_269,Cell_273,Cell_274,Cell_275,Cell_276,Cell_277,Cell_279,Cell_280
0,352.81972789115645,731.5464285714286,518.4624505928854,521.9888888888889,832.1356932153392,181.2064056939502,543.7189781021898,843.7417840375587,363.7509578544061,370.31164383561645,275.8165938864629,276.3738019169329,431.3276595744681,746.1807228915662,985.1565217391304,955.1317073170732,378.58899676375404,446.9475806451613,851.5972222222222,630.6819672131147,432.7317073170732,767.3018867924528,202.96234309623432,800.8646616541354,371.0696517412935,422.3142857142857,1215.0697674418604,492.1142857142857,286.96135265700485,486.36032388663966,285.7686567164179,545.5852713178294,389.81957186544344,691.9844357976654,834.7154150197629,97.83823529411765,639.3161512027491,827.1698841698842,311.24418604651163,374.9581881533101,778.4166666666666,364.17525773195877,795.941935483871,63.84848484848485,514.2924187725632,1300.781954887218,286.47808764940237,343.57950530035333,819.2987012987013,268.4433497536946,416.2,325.7014925373134,387.88196721311476,298.4387351778656,450.6195652173913,352.9529411764706,446.01,248.68379446640316,498.2880434782609,343.1031390134529,226.82478632478632,326.30534351145036,212.66350710900474,683.195020746888,584.531914893617,672.0934579439253,671.9074074074074,331.7056277056277,220.84046692607004,906.8986784140969,522.5411764705882,321.9633507853403,227.74311926605503,734.6150234741784,836.8096774193548,482.9178082191781,825.1660516605166,1041.6931216931216,194.76231884057972,739.1162790697674,266.5076923076923,200.5132743362832,204.62962962962962,124.33734939759036,479.4014869888476,204.05109489051094,507.8375,1017.4108108108109,266.1923076923077,571.8866995073892,302.6478873239437,352.56779661016947,300.5329341317365,1174.7705479452054,260.83539094650206,574.4044117647059,945.3574879227053,330.51206434316356,234.66898954703834,1369.2512315270935
1,397.13945578231295,363.7392857142857,596.7233201581028,471.56296296296296,872.5752212389381,177.76512455516016,638.3029197080292,1056.887323943662,492.97318007662835,417.97945205479454,341.53711790393015,252.06070287539936,735.4978723404255,735.5,1045.004347826087,919.1219512195122,340.8381877022654,412.8790322580645,852.9861111111111,460.9213114754098,618.0634146341464,558.8427672955975,245.01255230125523,720.3007518796992,439.228855721393,382.42857142857144,1325.484496124031,841.4666666666667,252.31884057971016,571.2388663967612,297.94776119402985,581.7558139534884,321.1131498470948,658.0739299610894,1006.0513833992095,101.97549019607843,770.2886597938144,885.3822393822394,291.86046511627904,1031.8989547038327,782.3137254901961,385.28350515463916,799.2709677419355,55.084848484848486,582.1227436823104,1293.0037593984962,249.800796812749,319.0671378091873,854.982683982684,304.27093596059115,394.0127659574468,351.35074626865674,425.61639344262295,285.77470355731225,1139.6358695652175,401.0509803921569,419.58,153.96442687747034,749.6195652173913,366.8968609865471,426.5811965811966,341.03053435114504,250.59241706161137,879.9917012448133,763.8936170212766,780.4158878504672,930.0,401.05194805194805,231.93774319066148,767.1982378854625,461.1686274509804,404.6125654450262,273.42660550458714,638.0328638497652,736.7096774193549,592.8127853881278,671.4022140221402,838.2539682539683,188.7536231884058,798.1627906976744,337.98974358974357,243.2212389380531,198.98611111111111,144.69477911646587,441.546468401487,255.9160583941606,597.225,1144.9945945945947,366.05128205128204,626.3300492610838,329.46948356807513,291.2542372881356,308.622754491018,750.5479452054794,425.4897119341564,992.5698529411765,643.4782608695652,313.62466487935654,265.0696864111498,1556.960591133005
2,364.5986394557823,223.31071428571428,654.5217391304348,463.2851851851852,643.952802359882,189.2099644128114,570.8795620437957,817.793427230047,639.9463601532567,482.68835616438355,424.92576419213975,255.16613418530352,887.9829787234042,735.0421686746988,893.4478260869565,811.6487804878049,444.5404530744337,462.0040322580645,723.4409722222222,338.12459016393444,737.5024390243902,406.311320754717,234.53556485355648,518.1578947368421,653.4825870646766,358.6095238095238,1132.8837209302326,1244.4238095238095,223.743961352657,774.4858299595141,298.8059701492537,532.9457364341085,358.81345565749234,642.0856031128404,862.9407114624506,141.29901960784315,852.8659793814433,872.8146718146718,259.515503875969,1163.6794425087107,711.2941176470588,427.9639175257732,660.0387096774193,60.71515151515152,526.4873646209386,1185.53007518797,278.2191235059761,240.69257950530036,738.943722943723,432.192118226601,402.7276595744681,609.0074626865671,447.1049180327869,416.901185770751,1565.195652173913,343.5882352941176,506.195,151.29249011857706,930.1195652173913,411.7488789237668,513.6025641025641,484.17175572519085,257.49763033175356,777.6514522821577,811.9609929078014,766.5841121495328,1059.2916666666667,487.04329004329,256.6964980544747,647.1321585903083,404.5607843137255,521.5968586387435,309.6651376146789,385.81220657277,567.4354838709677,755.1415525114155,517.6383763837638,712.5767195767196,213.04057971014493,819.3759689922481,435.85128205128206,336.3274336283186,237.31944444444446,165.1285140562249,462.3977695167286,424.4051094890511,557.8208333333333,1219.9783783783785,429.44017094017096,853.423645320197,529.3615023474179,307.33474576271186,451.61077844311376,436.99657534246575,695.3415637860082,1678.8492647058824,773.9420289855072,322.4611260053619,236.54703832752614,1521.7635467980297
3,349.6258503401361,198.375,574.7905138339921,442.97037037037035,464.6253687315634,167.27758007117438,385.61678832116786,492.19718309859155,664.264367816092,477.6335616438356,475.24454148471614,254.17571884984025,813.6170212765958,495.30120481927713,869.9304347826087,651.8390243902439,444.621359223301,596.2056451612904,483.94444444444446,259.3344262295082,658.8439024390244,282.5440251572327,206.63179916317992,432.35714285714283,1215.44776119403,401.6952380952381,844.9186046511628,1336.1714285714286,226.98067632850243,807.3805668016195,274.03731343283584,479.5387596899225,416.58715596330273,435.20622568093387,488.9644268774704,183.67156862745097,739.1134020618557,762.6332046332046,278.9612403100775,1079.9268292682927,710.0147058823529,616.1752577319587,413.23870967741937,74.15151515151516,407.00361010830323,876.4135338345865,444.83266932270914,228.0035335689046,720.9264069264069,597.8423645320197,396.11063829787236,854.1305970149253,424.4688524590164,521.9565217391304,1435.0380434782608,286.89803921568625,501.95,166.16205533596838,1092.4402173913043,373.32286995515693,546.6837606837607,709.7442748091603,293.9620853080569,615.195020746888,570.2234042553191,633.8644859813085,870.3287037037037,465.3073593073593,306.6692607003891,627.2995594713657,509.4470588235294,418.35602094240835,563.9266055045872,460.85915492957747,373.9612903225806,795.9223744292237,525.6088560885609,947.4550264550264,231.2608695652174,857.531007751938,537.7384615384616,380.29646017699116,287.43981481481484,1028.4658634538152,504.7769516728625,755.7883211678832,514.6333333333333,468.75135135135133,603.8931623931624,895.5665024630542,495.25821596244134,573.5466101694915,515.0898203592815,393.1267123287671,1007.5102880658436,1865.2573529411766,446.9903381642512,348.16353887399464,1545.348432055749,1357.472906403941
4,362.0,220.31428571428572,421.19367588932806,766.5518518518519,467.5958702064897,200.27402135231316,220.06934306569343,353.77464788732397,906.6590038314176,578.7534246575342,514.2227074235808,282.40575079872207,590.8297872340426,299.9909638554217,666.3217391304348,571.2731707317073,370.28155339805824,693.0201612903226,464.3576388888889,278.12459016393444,622.5560975609756,290.5817610062893,195.8744769874477,447.52255639097746,1316.5671641791046,448.10793650793653,772.3255813953489,886.3333333333334,241.3816425120773,694.502024291498,299.410447761194,457.9263565891473,445.56880733944956,382.92217898832683,248.58893280632412,213.8235294117647,621.9106529209622,558.1312741312742,317.0968992248062,768.5923344947735,574.9166666666666,973.2835051546392,372.40645161290325,91.87272727272727,308.913357400722,684.8571428571429,449.80876494023903,287.4593639575972,684.2597402597403,691.0443349753695,239.51063829787233,925.2985074626865,393.0098360655738,563.0158102766799,1231.945652173913,622.1137254901961,419.285,195.5494071146245,1010.7173913043479,468.304932735426,1271.2051282051282,848.9351145038167,462.1516587677725,258.88796680497927,451.8723404255319,506.33644859813086,1612.9444444444443,461.31168831168833,364.28793774319064,375.4625550660793,611.5921568627451,1713.219895287958,1168.2660550458716,659.4366197183099,281.6258064516129,632.6392694063927,534.5166051660517,1338.7301587301588,440.97971014492754,722.0736434108527,1427.825641025641,450.72566371681415,407.26851851851853,194.0843373493976,502.8810408921933,715.9160583941606,610.7625,1261.654054054054,1495.371794871795,1430.7339901477833,1006.1173708920188,772.8389830508474,1314.5209580838323,363.66438356164383,931.119341563786,1828.672794117647,717.6086956521739,445.20643431635386,241.78397212543555,784.5960591133005
5,362.5850340136054,209.62142857142857,360.8498023715415,887.5962962962963,635.0265486725664,207.80071174377224,194.0912408759124,291.9765258215962,1041.3831417624522,582.4897260273973,547.8078602620087,260.5814696485623,429.60425531914893,258.75602409638554,492.45652173913044,534.9609756097561,294.7281553398058,698.6129032258065,442.8888888888889,292.3672131147541,741.0146341463415,275.1446540880503,215.6276150627615,439.7857142857143,890.2636815920398,618.2253968253968,704.3798449612403,542.0761904761905,300.75845410628017,592.7854251012146,368.56716417910445,524.9496124031008,607.0978593272172,370.1945525291829,236.2094861660079,276.4852941176471,512.9518900343643,382.4555984555985,365.15503875968994,410.02090592334497,441.78921568627453,763.7835051546392,453.10322580645163,90.48484848484848,325.99277978339353,494.3421052631579,448.79282868525894,247.2226148409894,673.7792207792207,555.6108374384237,418.0978723404255,855.044776119403,395.8524590163934,628.2094861660079,921.9184782608696,270.7019607843137,505.255,305.1304347826087,1005.2608695652174,812.4170403587444,680.9700854700855,751.763358778626,577.5876777251185,430.4149377593361,504.91843971631204,605.7196261682243,1756.3657407407406,594.7272727272727,413.8599221789883,465.6079295154185,680.6274509803922,810.3612565445026,531.3899082568807,1187.6572769953052,291.0548387096774,826.433789954338,574.730627306273,1361.4867724867725,392.768115942029,551.2093023255813,1125.3948717948717,571.429203539823,657.4537037037037,213.93172690763052,486.5650557620818,682.0474452554745,733.6166666666667,1434.1027027027028,780.991452991453,1530.6305418719212,817.5492957746479,870.4194915254237,1025.2814371257484,516.1541095890411,879.7078189300412,1902.2242647058824,579.3816425120773,465.8150134048257,209.90940766550523,737.8472906403941
6,358.07142857142856,209.51785714285714,348.9288537549407,643.4037037037037,667.9941002949853,207.77580071174378,253.45985401459853,292.84507042253523,933.6743295019157,453.86301369863014,658.759825327511,258.00958466453676,950.5106382978723,270.7259036144578,477.6434782608696,451.8,285.77669902912623,743.5766129032259,584.3923611111111,297.28196721311474,935.9317073170731,258.10377358490564,214.64016736401675,431.92105263157896,541.6119402985074,672.6095238095238,656.6356589147287,397.25714285714287,375.1835748792271,514.4453441295547,423.1380597014925,508.74418604651163,641.8073394495412,386.7003891050584,309.60474308300394,257.3186274509804,484.59106529209623,309.42857142857144,419.64728682170545,321.198606271777,537.5882352941177,593.4278350515464,486.2774193548387,113.41818181818182,403.64981949458485,516.5714285714286,380.3585657370518,312.4487632508834,670.4718614718614,446.6896551724138,473.3531914893617,746.7574626865671,381.0950819672131,695.8102766798419,1116.6467391304348,366.52156862745096,557.485,402.4703557312253,849.5380434782609,1074.6053811659192,564.0854700854701,648.3740458015267,783.2938388625593,428.0414937759336,594.549645390071,693.3317757009346,2091.865740740741,725.6277056277056,434.5408560311284,477.8898678414097,715.6235294117647,954.3874345549738,575.7844036697247,1600.605633802817,318.4451612903226,881.9497716894978,815.0738007380074,1112.3544973544974,623.7478260869565,510.66279069767444,851.3333333333334,681.0088495575221,758.4074074074074,198.55020080321285,574.1858736059479,715.5583941605839,900.6583333333333,1846.454054054054,715.4529914529915,1313.1822660098521,1186.7887323943662,947.207627118644,1035.5808383233532,805.5445205479452,814.0164609053498,1952.6507352941176,1037.0193236714977,836.6863270777479,239.595818815331,1515.7536945812808
7,361.07142857142856,215.46428571428572,426.60474308300394,545.4703703703703,553.2566371681415,209.7508896797153,293.2043795620438,303.22535211267603,688.7854406130268,349.20205479452056,738.2445414847161,286.2140575079872,1063.9531914893616,251.6987951807229,522.5956521739131,482.3560975609756,362.7443365695793,748.733870967742,640.5833333333334,390.41967213114754,919.390243902439,322.87106918238993,235.5774058577406,454.03007518796994,398.3681592039801,671.4507936507937,574.6046511627907,437.0952380952381,524.9082125603865,537.5303643724696,425.5335820895522,480.1860465116279,525.1865443425077,546.5486381322958,453.2529644268775,292.4166666666667,440.1340206185567,359.8339768339768,588.6124031007752,296.20905923344947,772.0539215686274,574.8298969072165,522.3806451612903,89.64242424242424,398.086642599278,659.8233082706766,402.8645418326693,324.3286219081272,678.6103896103896,382.69458128078816,549.2893617021276,771.6977611940298,318.9016393442623,621.9802371541502,1814.4076086956522,570.8352941176471,994.56,409.901185770751,773.4673913043479,547.152466367713,464.95299145299145,632.9847328244275,1216.4739336492892,423.13278008298755,728.2304964539007,734.7102803738318,1754.4953703703704,739.4242424242424,557.6770428015565,421.0837004405286,920.9254901960784,861.0785340314136,652.1559633027523,1571.943661971831,336.1483870967742,684.310502283105,1001.5018450184502,1149.5238095238096,482.57971014492756,561.0852713178294,986.2461538461539,760.929203539823,584.574074074074,204.0,667.553903345725,777.0182481751825,815.8791666666667,1770.2864864864864,1234.051282051282,1390.7241379310344,1234.75117370892,913.5127118644068,1318.179640718563,1079.1917808219177,699.798353909465,1931.6801470588234,1310.5410628019324,589.426273458445,229.05923344947735,1285.9014778325122
8,372.8469387755102,219.61785714285713,592.0790513833992,489.462962962963,403.6755162241888,188.80782918149467,387.6861313868613,370.0093896713615,555.4674329501916,296.3767123287671,711.170305676856,299.961661341853,653.7404255319149,290.48192771084337,623.1739130434783,521.560975609756,419.80906148867314,704.7137096774194,580.2048611111111,440.21311475409834,901.0487804878048,416.3333333333333,244.2133891213389,538.2556390977444,282.6467661691542,620.5428571428571,548.4651162790698,522.4380952380952,681.024154589372,602.0364372469636,443.4440298507463,445.5813953488372,436.3608562691131,891.136186770428,503.9328063241107,229.22549019607843,349.7216494845361,472.95752895752895,479.3565891472868,311.8780487804878,906.7843137254902,665.8659793814433,497.36129032258066,90.72727272727273,403.2129963898917,925.6992481203008,482.2988047808765,369.565371024735,517.6060606060606,305.7586206896552,693.5702127659574,546.7798507462686,369.5967213114754,553.2648221343874,1583.9619565217392,646.1960784313726,1085.525,309.3794466403162,578.9021739130435,652.7982062780269,597.5726495726495,540.4274809160305,1256.1563981042655,471.86721991701245,643.3617021276596,662.4392523364486,1037.0277777777778,949.9004329004329,503.7626459143969,447.2819383259912,977.8117647058823,755.0157068062828,555.1238532110092,1533.4788732394366,317.8290322580645,1307.2648401826484,990.1143911439115,1234.3015873015872,664.0811594202899,746.5271317829457,1078.4410256410256,777.5353982300885,537.3935185185185,216.02008032128515,714.1784386617101,782.1423357664233,807.8458333333333,1782.5675675675675,681.017094017094,1300.8817733990147,721.6807511737089,775.8728813559322,784.1497005988024,1163.291095890411,569.5390946502058,1938.8345588235295,951.9710144927536,534.1662198391421,230.26132404181186,1379.0295566502464
9,393.9149659863946,271.76785714285717,744.2411067193676,423.7111111111111,400.7227138643068,173.65480427046262,289.41970802919707,403.5774647887324,512.616858237548,273.2671232876712,556.2838427947598,302.72843450479235,312.4212765957447,307.671686746988,696.3739130434783,544.6926829268293,418.81553398058253,726.366935483871,574.3923611111111,389.6459016393443,825.1365853658536,577.3364779874214,246.0878661087866,641.2744360902255,280.25373134328356,619.584126984127,492.2480620155039,571.3380952380952,694.1449275362319,508.68016194331983,539.4664179104477,422.37984496124034,372.1896024464832,985.3151750972762,462.8695652173913,279.75,342.4226804123711,598.5675675675676,465.48837209302326,367.3205574912892,701.6225490196078,736.2680412371134,423.4935483870968,83.33333333333333,427.42599277978337,1402.8308270676691,450.3187250996016,502.7243816254417,487.90909090909093,390.5073891625616,684.263829787234,357.63432835820896,386.344262295082,538.7154150197629,839.1086956521739,578.8862745098039,1092.415,498.7628458498024,755.6739130434783,544.3094170403588,978.3974358974359,474.78625954198475,1227.3791469194314,457.9460580912863,649.9290780141844,962.411214953271,985.2685185185185,797.3636363636364,528.182879377432,439.1453744493392,973.1725490196078,976.8062827225131,608.4082568807339,1589.4460093896714,343.4516129032258,903.4246575342465,1031.140221402214,1300.904761904762,524.3130434782609,867.7635658914729,1077.0205128205127,639.5752212389381,450.0138888888889,212.17670682730923,682.5241635687732,752.3138686131387,862.9291666666667,1878.6810810810812,721.4230769230769,2034.0147783251232,481.09389671361504,649.6059322033898,851.8323353293413,1053.4349315068494,632.8765432098766,1884.6213235294117,1681.4202898550725,439.44772117962464,210.73170731707316,1229.655172413793
10,412.1700680272109,271.425,801.2648221343874,425.52962962962965,448.56637168141594,166.17081850533808,260.33576642335765,524.9295774647887,597.4789272030652,297.6575342465753,509.5807860262009,313.54632587859425,193.40425531914894,347.7831325301205,670.4565217391304,788.8829268292683,379.5598705501618,684.008064516129,683.3159722222222,338.08196721311475,865.0829268292683,679.2484276729559,288.10460251046027,619.7593984962406,309.1243781094527,637.0698412698413,530.531007751938,560.2476190476191,722.3913043478261,483.48582995951415,619.6417910447761,447.81007751937983,452.2354740061162,735.6186770428016,504.4189723320158,311.11764705882354,414.9450171821306,712.5405405405405,418.1162790697674,346.390243902439,1071.8823529411766,1293.2113402061855,382.0258064516129,112.76969696969697,464.20216606498195,1215.3984962406016,402.9880478087649,588.7137809187279,939.2597402597403,623.1576354679803,666.931914893617,354.5410447761194,490.11475409836066,539.9881422924901,868.3913043478261,558.3490196078432,1139.77,722.2687747035573,1032.1684782608695,471.2017937219731,1399.1025641025642,501.59923664122135,1397.867298578199,497.15767634854774,634.7588652482269,1073.5514018691588,966.1481481481482,584.7402597402597,542.692607003891,484.92070484581495,937.0313725490196,1297.0628272251308,600.5045871559633,1553.380281690141,385.76774193548385,701.9406392694063,1062.6789667896678,1489.8624338624338,539.3565217391305,837.4457364341085,1046.5128205128206,504.8185840707965,447.3703703703704,180.14859437751005,748.2304832713754,724.043795620438,920.5791666666667,1713.4702702702702,630.8803418803419,2041.615763546798,568.1502347417841,538.4237288135594,1010.5389221556886,1074.3287671232877,875.9341563786008,1788.3970588235295,1106.7777777777778,575.745308310992,212.01045296167248,1371.142857142857
11,368.1190476190476,347.1142857142857,742.6363636363636,445.0740740740741,454.7492625368732,156.66548042704628,202.3941605839416,645.2957746478874,709.1149425287356,299.81164383561645,443.0480349344978,372.5814696485623,207.8808510638298,395.9759036144578,734.7304347826087,988.0585365853658,421.4789644012945,598.0120967741935,613.4340277777778,349.60983606557375,846.1073170731707,549.6729559748428,303.9456066945607,636.0864661654135,387.94029850746267,707.6444444444444,577.6550387596899,582.8142857142857,795.9130434782609,529.408906882591,613.3656716417911,446.45348837209303,632.2354740061162,658.307392996109,493.1106719367589,268.3921568627451,445.97250859106526,871.2007722007722,410.7674418604651,372.21254355400697,1194.1421568627452,1426.3041237113403,355.36451612903227,124.26666666666667,423.898916967509,846.6278195488721,445.0916334661355,647.6678445229682,1121.3636363636363,781.128078817734,674.1021276595744,399.160447761194,647.3737704918033,624.1264822134387,1710.0108695652175,521.5254901960784,989.285,572.4861660079051,1263.1576086956522,411.56053811659194,1415.051282051282,519.0190839694657,1644.7061611374409,572.0912863070539,555.7872340425532,967.107476635514,1198.0555555555557,545.2034632034632,629.9377431906614,491.215859030837,885.5725490196079,1452.0471204188482,672.0871559633027,1513.2957746478874,789.7129032258065,755.8401826484019,1026.5719557195573,2150.7619047619046,447.95072463768116,810.8759689922481,970.0923076923077,470.716814159292,512.949074074074,185.33333333333334,788.4869888475837,719.4598540145986,940.2708333333334,1710.8054054054055,544.2179487179487,1981.8817733990147,639.1737089201878,572.9152542372881,1269.3952095808384,1348.7465753424658,955.3991769547325,1701.172794117647,1170.2125603864733,665.3887399463807,196.34843205574913,1195.295566502463
12,289.0204081632653,488.65,667.6126482213439,464.8,391.7846607669617,176.67259786476868,195.65328467153284,824.2957746478874,758.4291187739464,310.708904109589,457.3886462882096,382.13418530351436,340.7063829787234,418.921686746988,952.3782608695652,952.3951219512195,465.3009708737864,557.1532258064516,455.74305555555554,362.61639344262295,931.5073170731707,381.16037735849056,351.5732217573222,605.8421052631579,480.04477611940297,758.9777777777778,549.2906976744187,516.8428571428572,733.743961352657,643.2064777327935,633.679104477612,454.5503875968992,639.9388379204893,529.1867704280156,527.2569169960474,282.1421568627451,438.9965635738832,992.5250965250965,464.77131782945736,411.06271777003485,1313.4705882352941,1351.7577319587629,404.2516129032258,88.54545454545455,387.87003610108303,459.7218045112782,403.199203187251,623.660777385159,1311.0865800865802,755.0738916256157,425.55744680851063,498.67537313432837,873.2032786885246,960.9249011857708,1296.5108695652175,596.3960784313725,1128.265,305.30434782608694,1400.195652173913,968.1748878923767,519.4487179487179,525.0343511450382,1873.5023696682465,408.5726141078838,581.0460992907801,1276.9065420560748,2014.3148148148148,691.8961038961039,734.3307392996109,842.0,951.6549019607843,906.4240837696335,714.8211009174312,1363.7981220657277,890.6709677419354,678.6438356164383,1094.029520295203,2183.3809523809523,640.1565217391304,625.6007751937984,1618.225641025641,705.0796460176991,829.3101851851852,174.49397590361446,835.3977695167287,666.5985401459855,889.4,1695.6378378378379,1555.2649572649573,1984.871921182266,1322.3427230046948,611.9618644067797,1621.3952095808384,1143.1198630136987,1006.7078189300412,1608.6911764705883,1528.574879227053,1058.7265415549598,205.3275261324042,1156.7536945812808
13,292.9625850340136,711.575,683.897233201581,508.3222222222222,506.38643067846607,187.73665480427047,241.14598540145985,974.2629107981221,794.1954022988506,336.6609589041096,535.6943231441048,440.3226837060703,621.2425531914894,379.0421686746988,1096.7434782608696,888.6731707317073,519.411003236246,516.0362903225806,469.0104166666667,374.47868852459015,880.4878048780488,369.75786163522014,321.7615062761506,655.5300751879699,588.3233830845771,836.1365079365079,519.3720930232558,575.9238095238095,654.3623188405797,718.7813765182186,604.3171641791045,423.4767441860465,636.9296636085627,536.5758754863813,518.3201581027668,372.6372549019608,438.3127147766323,915.081081081081,463.6007751937984,423.0,1037.578431372549,1538.8144329896907,423.98387096774195,144.4,382.2274368231047,700.4436090225564,421.29083665338646,561.6925795053004,1285.8008658008657,875.9113300492611,591.263829787234,623.6940298507462,894.7180327868853,787.5652173913044,1996.3369565217392,506.0549019607843,1580.175,293.5375494071146,1220.2282608695652,780.5336322869955,670.9487179487179,627.824427480916,1783.7251184834124,1362.1991701244813,541.4858156028369,1325.0467289719627,2183.8425925925926,611.5541125541125,745.0622568093386,1370.0881057268723,887.6901960784314,1898.9424083769634,639.045871559633,1505.2582159624412,786.416129032258,1103.4794520547946,1103.1328413284132,2179.5238095238096,345.64057971014495,560.3720930232558,1719.5076923076922,561.5752212389381,868.425925925926,168.91164658634537,735.7620817843866,689.7883211678832,909.4916666666667,1778.3621621621621,1726.9871794871794,2092.56157635468,1335.6807511737088,632.2161016949152,1477.6586826347304,1203.2568493150684,980.0946502057614,1606.922794117647,1303.2898550724638,807.7533512064343,198.27177700348432,1205.6847290640394
14,343.8061224489796,646.5142857142857,657.1264822134387,556.8148148148148,554.7227138643068,190.37010676156584,266.2189781021898,1101.6572769953052,700.9616858237548,371.38013698630135,593.9781659388647,537.8785942492012,1050.136170212766,384.1265060240964,1038.0347826086957,804.5365853658536,601.3592233009708,424.8790322580645,546.2222222222222,418.1475409836066,703.7268292682927,441.15723270440253,299.8117154811716,701.2368421052631,642.5820895522388,924.6285714285714,627.9922480620155,601.1428571428571,803.5893719806763,855.4372469635628,794.7835820895523,399.13953488372096,700.7217125382263,512.727626459144,636.3241106719368,339.6372549019608,493.63573883161513,955.3552123552123,447.64728682170545,413.7247386759582,644.9901960784314,1599.5103092783504,423.7064516129032,139.6909090909091,392.94945848375454,606.812030075188,507.49800796812747,490.29328621908127,1229.2380952380952,874.1527093596059,922.6255319148936,702.6194029850747,825.5901639344262,697.8853754940711,1970.5054347826087,537.1176470588235,1753.925,388.70750988142294,1407.766304347826,1193.085201793722,932.5470085470085,717.3015267175573,1531.1090047393366,1452.4730290456432,544.6170212765958,1300.4485981308412,2328.449074074074,551.9004329004329,674.5758754863813,1470.52422907489,935.7882352941176,1770.3141361256544,719.0825688073395,1475.8732394366198,630.6612903225806,1004.2602739726027,1166.309963099631,2151.5714285714284,368.02028985507246,625.6899224806201,1604.1128205128205,505.7212389380531,998.4675925925926,167.20883534136547,786.6245353159851,689.521897810219,1423.4541666666667,1729.3135135135135,2039.6709401709402,2074.349753694581,1927.206572769953,623.1016949152543,1975.0,1362.13698630137,1037.3086419753085,1609.6360294117646,1758.3381642512077,642.4718498659518,196.39721254355402,1223.7093596059112
15,390.2482993197279,446.35,503.5098814229249,590.8925925925926,582.5958702064896,187.09252669039145,383.54379562043795,1123.2441314553992,816.3754789272031,443.7842465753425,562.7248908296943,650.2811501597444,1263.8170212765958,406.5,1051.121739130435,710.3170731707318,604.2718446601941,439.51612903225805,838.1805555555555,426.4688524590164,566.6048780487805,582.2767295597484,311.0836820083682,665.5827067669173,708.2835820895523,866.4730158730159,937.4147286821706,779.1428571428571,721.8405797101449,947.417004048583,800.320895522388,389.44573643410854,722.9204892966361,619.2295719844358,503.67588932806325,256.8872549019608,522.0412371134021,945.6563706563707,500.34496124031006,505.78745644599303,622.1666666666666,1358.4020618556701,452.7096774193548,131.12727272727273,371.1696750902527,648.9586466165414,607.9482071713147,508.2897526501767,1237.4199134199134,828.2512315270936,1317.527659574468,720.8059701492538,896.911475409836,766.9565217391304,2130.4891304347825,624.6980392156863,1547.975,372.95652173913044,1613.5,1141.793721973094,1644.4102564102564,729.5801526717557,1774.2701421800948,1268.1991701244813,704.2021276595744,1256.2757009345794,2302.6666666666665,742.9090909090909,784.6381322957199,1260.9603524229076,1016.4274509803921,1890.1361256544503,1434.0229357798164,1514.056338028169,573.4806451612903,982.4885844748859,1187.3136531365315,2219.3174603174602,439.9768115942029,704.0891472868217,1708.1538461538462,494.5221238938053,1179.1064814814815,176.22489959839356,860.2565055762082,692.2737226277372,953.8583333333333,1818.6432432432432,1913.8504273504273,2132.5960591133003,1683.0516431924882,674.3898305084746,2102.874251497006,1375.859589041096,952.679012345679,1596.4595588235295,1246.657004830918,563.6997319034853,195.65156794425087,1181.6945812807883
16,378.9183673469388,407.36071428571427,389.45849802371544,658.0851851851852,669.1740412979351,203.135231316726,429.6058394160584,931.018779342723,1029.2107279693487,520.5479452054794,564.9606986899563,649.3769968051118,965.8255319148936,431.02710843373495,920.3173913043478,662.590243902439,514.0776699029126,573.6048387096774,865.3506944444445,487.0,536.7170731707317,569.1069182389937,306.4769874476987,544.5451127819549,810.6915422885572,812.4,1186.7519379844962,811.7428571428571,526.3526570048309,940.1174089068826,839.1082089552239,394.3333333333333,711.1345565749235,689.1556420233463,405.94466403162056,248.6421568627451,537.7250859106529,754.7837837837837,555.7364341085271,582.4216027874564,892.9264705882352,1072.2577319587629,471.1258064516129,181.96969696969697,400.81949458483757,1173.812030075188,667.5776892430279,576.0636042402826,1324.1904761904761,857.4778325123152,1172.9787234042553,672.3171641791045,949.9147540983606,759.4624505928854,2159.4945652173915,686.2666666666667,1350.915,421.1185770750988,1525.641304347826,1040.493273542601,1691.059829059829,784.7290076335878,1756.0189573459716,715.7634854771784,787.7943262411347,1300.6308411214952,2191.8055555555557,826.7662337662338,1036.1245136186772,849.9427312775331,1010.5294117647059,1824.8848167539268,1564.4587155963302,1495.81220657277,526.5870967741936,1605.0684931506848,1119.0774907749078,2130.5026455026455,618.1072463768116,1018.5116279069767,1729.6461538461538,643.2433628318585,1073.8148148148148,186.11244979919678,765.4275092936803,664.8138686131387,1307.2166666666667,1792.6108108108108,1410.0811965811965,2142.477832512315,1653.7605633802816,837.6440677966102,1896.497005988024,1377.4691780821918,829.2633744855967,1583.1617647058824,1834.961352657005,750.911528150134,199.09059233449477,1280.472906403941
17,381.21768707482994,466.11785714285713,343.1304347826087,629.8185185185185,763.8731563421829,228.77224199288256,488.45620437956205,876.0281690140845,1266.8429118773947,594.8835616438356,642.2052401746724,576.5463258785943,698.0808510638298,526.0481927710844,584.4173913043478,626.819512195122,660.3171521035599,636.3266129032259,906.2256944444445,867.8032786885246,544.0,572.2515723270441,308.26359832635984,425.906015037594,782.3731343283582,775.7142857142857,1132.953488372093,817.1380952380953,555.5990338164252,785.7165991902834,876.1044776119403,416.90697674418607,637.4954128440367,945.4941634241245,557.9565217391304,294.29901960784315,551.8865979381443,665.073359073359,532.3565891472869,765.0383275261324,1296.5588235294117,840.3092783505155,515.2032258064517,156.47878787878787,504.46931407942236,1682.3984962406016,733.5856573705179,606.3886925795053,1551.3463203463205,944.2364532019704,1090.4255319148936,691.4141791044776,934.472131147541,658.5375494071146,2198.4510869565215,653.8627450980392,1229.1,537.6126482213439,1521.2445652173913,1236.0,1771.320512820513,860.0763358778626,1866.2369668246445,521.5892116182573,944.6560283687943,1261.03738317757,2207.1111111111113,843.6320346320347,1094.284046692607,793.3876651982379,1014.2078431372549,1838.5968586387435,1660.467889908257,1528.0516431924882,610.9967741935484,1666.9634703196348,1113.479704797048,2091.3386243386244,841.3797101449276,1234.875968992248,1688.8051282051283,888.137168141593,1221.648148148148,149.15662650602408,905.3085501858736,657.3795620437957,1786.7791666666667,1736.9945945945947,1884.8504273504273,2136.266009852217,1759.2441314553992,1014.957627118644,1993.754491017964,1378.0650684931506,845.0864197530864,1570.7573529411766,1798.5990338164252,1055.6782841823056,210.45993031358884,1180.6354679802955
18,470.00680272108843,495.37857142857143,335.84189723320156,540.7851851851852,758.6165191740413,235.1814946619217,487.4014598540146,950.0328638497652,1382.4406130268198,680.1130136986301,659.1397379912664,575.6453674121406,427.97446808510637,628.2951807228916,494.17826086956524,616.1414634146341,809.6957928802589,745.641129032258,1043.982638888889,936.6295081967213,535.3219512195122,700.8176100628931,323.30543933054395,400.12406015037595,654.6467661691543,818.8063492063492,1045.2403100775193,801.1238095238095,549.8937198067633,802.4777327935223,829.2798507462686,406.86821705426354,619.7278287461774,1000.3657587548638,850.4743083003953,292.53921568627453,590.7285223367697,736.1081081081081,595.3914728682171,503.05923344947735,1341.9656862745098,1233.8762886597938,556.3516129032258,144.9212121212121,566.3176895306859,1806.0075187969924,825.8446215139443,693.6819787985866,1578.2640692640693,838.2364532019704,1184.7446808510638,715.8320895522388,954.5344262295082,676.6482213438735,2098.2010869565215,682.1607843137255,1610.585,538.1343873517786,1553.8641304347825,1240.5829596412557,1709.820512820513,1010.8549618320611,1999.4028436018957,462.26141078838174,927.6489361702128,1368.0140186915887,2268.1203703703704,1045.3852813852814,962.7626459143969,708.9162995594713,1040.5882352941176,1818.0732984293193,1670.9311926605506,1557.906103286385,692.4709677419355,1614.4840182648402,1121.8671586715868,2201.6084656084654,929.4521739130435,1413.8875968992247,1749.6205128205129,1128.858407079646,1364.898148148148,152.84337349397592,1324.7843866171004,661.9087591240876,961.2708333333334,1662.4054054054054,738.4145299145299,2179.4285714285716,788.1784037558685,1153.8898305084747,1945.5988023952095,1390.373287671233,811.798353909465,1587.485294117647,1094.0,968.2761394101876,207.77003484320556,1228.0098522167489
19,595.8537414965987,519.5392857142857,299.99604743083006,528.8222222222222,641.0029498525074,240.41637010676158,525.0364963503649,920.2112676056338,1353.2605363984674,729.9246575342465,731.061135371179,610.6709265175718,319.0127659574468,632.343373493976,575.2608695652174,725.6487804878049,832.6957928802589,849.6612903225806,992.8576388888889,815.8131147540984,683.6048780487805,902.9842767295597,593.1464435146444,430.4661654135338,620.3283582089553,961.7650793650794,953.8604651162791,820.3666666666667,542.8309178743962,951.7813765182186,831.0522388059702,470.3333333333333,667.9877675840978,1174.2879377431907,988.8695652173913,315.9264705882353,610.7079037800687,1081.3899613899614,640.8410852713179,413.397212543554,1391.4803921568628,1467.4072164948454,515.7096774193549,140.1030303030303,639.5126353790614,2025.0338345864661,824.4422310756972,762.2897526501766,1524.2597402597403,1044.7832512315272,952.9276595744681,748.9104477611941,938.8229508196721,838.00395256917,2152.6684782608695,829.4509803921569,1816.335,825.201581027668,1539.3695652173913,935.0269058295964,1670.2777777777778,1161.4198473282443,1934.4170616113745,591.9792531120332,925.6205673758865,1356.7056074766356,2259.8055555555557,1067.7922077922078,956.7937743190662,1500.5770925110132,1010.1647058823529,1841.8219895287957,1694.6559633027523,1536.4366197183099,800.6774193548387,1157.3150684931506,1087.8228782287822,2138.1428571428573,1168.5942028985507,1414.4922480620155,1763.5282051282052,1190.2787610619469,1396.9537037037037,150.23293172690762,1545.0483271375465,653.2554744525547,1128.7083333333333,1745.7351351351351,532.7051282051282,2123.862068965517,687.3051643192488,1088.7966101694915,1947.3293413173653,1420.1027397260275,949.9547325102881,1613.0441176470588,1406.4927536231885,1141.4101876675604,198.1219512195122,1167.0443349753696
20,594.734693877551,566.3928571428571,317.1501976284585,501.55185185185184,562.6401179941003,202.38434163701066,463.56569343065695,806.2300469483569,1052.5900383141764,721.5410958904109,742.6026200873363,495.4281150159744,310.3829787234043,728.4548192771084,816.1913043478261,870.2048780487805,866.9741100323624,899.2177419354839,970.5729166666666,930.7049180327868,840.819512195122,913.8490566037735,769.4602510460251,507.5563909774436,555.0199004975125,1081.5460317460318,998.0503875968992,841.5190476190476,703.768115942029,1303.6072874493927,1074.8955223880596,519.0348837209302,740.2599388379205,1161.307392996109,1305.7430830039525,366.20588235294116,589.8797250859106,1396.3166023166023,715.2209302325581,465.0731707317073,1347.362745098039,1541.4175257731958,526.241935483871,193.0787878787879,766.4873646209386,2044.718045112782,999.8525896414343,819.9681978798586,1595.6233766233765,1019.1970443349753,836.1659574468085,717.044776119403,897.1245901639344,1179.6719367588933,2130.4891304347825,1326.1803921568628,1826.395,855.205533596838,1516.2989130434783,666.1165919282511,1621.9786324786326,1065.881679389313,1717.5355450236966,1096.8091286307053,803.2765957446809,1367.1682242990655,2075.0046296296296,1183.6753246753246,1095.4007782101166,1535.8590308370044,984.3411764705883,1819.9842931937173,1694.4357798165138,1531.0281690140846,971.0806451612904,955.0319634703196,1093.819188191882,2017.94708994709,1067.1188405797102,1376.84496124031,1816.7435897435898,1302.353982300885,1371.8333333333333,162.91164658634537,1629.5204460966543,650.4598540145986,1478.1083333333333,1712.345945945946,1307.1752136752136,2091.093596059113,818.2910798122066,1287.072033898305,1945.5329341317365,1451.2157534246576,1216.59670781893,1643.7720588235295,1038.0628019323672,1052.3458445040214,202.8780487804878,1169.2068965517242
21,540.0,781.3035714285714,406.45849802371544,549.8666666666667,601.4306784660766,211.38434163701066,447.23722627737226,709.3333333333334,854.7011494252873,724.472602739726,708.0262008733624,731.3226837060703,364.9872340425532,792.9909638554217,1285.2956521739131,946.7756097560975,905.1521035598705,767.233870967742,1016.2951388888889,890.4295081967213,932.1219512195122,816.6666666666666,830.5481171548117,545.4172932330827,536.3980099502487,1084.5936507936508,921.4186046511628,953.2761904761904,842.4009661835748,1377.1255060728745,1108.4701492537313,673.7325581395348,731.8501529051988,1233.6731517509727,1321.0474308300395,387.5,551.5257731958762,1473.5250965250966,809.8372093023256,617.6376306620209,1454.549019607843,1666.5979381443299,498.0451612903226,154.5151515151515,935.1191335740073,2028.1278195488721,1009.5537848605578,877.5936395759717,1535.3722943722944,1052.423645320197,779.7787234042553,924.6940298507462,953.1508196721311,1458.3162055335968,2074.5,1611.2509803921569,1931.615,784.7747035573123,1460.5760869565217,1050.6860986547085,1717.6324786324785,1067.3625954198474,1900.6350710900474,1492.929460580913,745.950354609929,1404.3691588785048,2003.138888888889,1189.186147186147,1165.1089494163425,1571.7533039647576,998.4470588235295,1856.8638743455497,1740.6926605504586,1555.6760563380283,1144.0,1478.86301369863,1124.90036900369,2161.4232804232806,1072.9188405797101,1374.6705426356589,1745.6358974358975,1301.58407079646,1123.7222222222222,157.30522088353413,1680.3754646840148,646.2262773722628,1227.5416666666667,1809.6,1652.076923076923,1920.320197044335,1546.4741784037558,1616.4025423728813,1784.185628742515,1480.835616438356,1217.0041152263375,1639.1801470588234,1487.816425120773,1045.9276139410188,202.90243902439025,1730.5714285714287
22,497.8503401360544,946.7642857142857,525.1541501976285,621.737037037037,770.188790560472,199.48398576512454,683.7773722627737,676.8356807511738,798.448275862069,574.7123287671233,587.589519650655,881.6038338658147,734.8553191489361,829.7379518072289,1516.1565217391305,1007.780487804878,960.2815533980582,680.9717741935484,1007.03125,840.9639344262295,1363.1121951219511,819.1855345911949,653.7949790794979,541.4323308270676,571.8955223880597,1178.9777777777779,870.562015503876,1200.4238095238095,1006.3333333333334,1170.4048582995952,1035.152985074627,696.531007751938,756.4036697247707,1125.3618677042803,1358.209486166008,403.53921568627453,544.1683848797251,1290.5019305019305,990.3372093023256,1088.7456445993032,1481.6960784313726,1621.8917525773195,491.06129032258065,231.94545454545454,1193.678700361011,1999.548872180451,1073.7928286852589,982.4381625441696,1519.4112554112555,1111.911330049261,957.5106382978723,1110.955223880597,995.7967213114754,1501.8616600790515,2243.5815217391305,1756.9019607843138,1860.08,776.2490118577075,1495.875,1261.1076233183855,1701.0384615384614,1278.675572519084,1892.5734597156397,1608.3526970954356,789.854609929078,1382.9158878504672,2134.1018518518517,1215.4588744588746,1101.0311284046693,1288.876651982379,1006.8823529411765,1892.2303664921467,1876.788990825688,1547.225352112676,1124.8645161290322,1615.8949771689497,1139.5055350553505,2050.5925925925926,803.0405797101449,1389.4147286821706,1801.5589743589744,1222.0486725663716,1258.412037037037,146.57831325301206,1584.1561338289962,655.3795620437957,911.5166666666667,1577.9351351351352,1909.4700854700855,2035.7980295566501,1859.4600938967137,1628.5169491525423,1884.4610778443114,1459.2534246575342,1210.880658436214,1646.7205882352941,1607.657004830918,943.4504021447722,186.4390243902439,1135.8029556650247
23,468.4251700680272,758.9071428571428,595.0711462450593,678.5222222222222,849.8967551622419,222.50889679715303,652.948905109489,630.3145539906103,917.6321839080459,505.1986301369863,491.7117903930131,717.1948881789137,792.736170212766,723.6174698795181,1555.7434782608696,1144.1463414634147,832.6828478964401,539.5967741935484,972.8020833333334,829.0852459016394,1644.190243902439,774.8176100628931,544.8995815899582,696.6353383458646,562.8507462686567,1142.4444444444443,862.7170542635658,1500.5619047619048,1386.7971014492753,1062.182186234818,1022.8470149253732,759.9263565891473,829.8746177370031,1183.2918287937744,1266.8774703557312,395.7598039215686,517.6013745704468,1200.9266409266409,1115.6356589147288,1156.9372822299651,1479.5882352941176,1740.1701030927834,529.2322580645161,317.169696969697,1285.4584837545126,1945.4924812030076,1152.0597609561753,1068.2579505300353,1526.8398268398269,1145.3497536945813,1489.9191489361701,1181.6380597014925,953.1704918032787,1402.2608695652175,2140.679347826087,1796.7764705882353,1913.595,766.1620553359684,1431.125,1375.5964125560538,1728.1880341880342,1387.4007633587787,1870.1516587677725,1568.149377593361,1169.854609929078,1365.1261682242991,2119.7638888888887,1226.857142857143,1033.6420233463034,1330.660792951542,968.3882352941176,1894.3507853403141,1763.665137614679,1574.4272300469484,977.4451612903226,2035.2100456621004,1125.3948339483395,2082.830687830688,855.6695652173913,1346.4728682170542,1913.4923076923078,966.1548672566372,1243.6759259259259,160.67469879518072,1605.5501858736059,606.3102189781022,1592.2541666666666,1626.9513513513514,1991.3034188034187,2007.8522167487686,1933.112676056338,1795.6313559322034,1992.4610778443114,1414.6849315068494,1215.40329218107,1567.0698529411766,1658.6811594202898,1076.3806970509384,169.21602787456445,1122.4827586206898
24,464.4353741496599,557.9,706.1778656126482,701.662962962963,932.3834808259587,247.93594306049823,524.7627737226277,861.1549295774648,1210.2145593869732,679.0513698630137,412.2576419213974,716.7603833865815,535.7234042553191,657.222891566265,1290.8260869565217,1201.1512195121952,724.0550161812298,601.9153225806451,958.6527777777778,827.2852459016393,1422.3219512195121,849.2704402515724,596.6945606694561,783.2255639097745,562.9402985074627,1156.7333333333333,1037.0813953488373,1570.1571428571428,1431.5893719806763,1143.1012145748987,853.2910447761194,857.0,1036.0366972477063,1121.6848249027237,1303.2648221343873,393.77941176470586,675.0103092783505,1358.6023166023167,1036.2480620155038,1146.7282229965156,1498.3039215686274,1674.5979381443299,872.9580645161291,284.41212121212124,1398.5234657039712,1918.203007518797,1222.2948207171314,1018.6042402826855,1504.6277056277056,1090.4532019704434,1431.0170212765956,1059.5335820895523,950.0327868852459,1153.2766798418972,2072.0760869565215,1735.556862745098,1909.295,739.802371541502,1429.4619565217392,1388.0627802690583,1768.491452991453,1181.3740458015268,1727.7014218009479,1496.2323651452282,1256.0744680851064,1372.3084112149534,2111.7638888888887,1153.7359307359307,1131.544747081712,1437.5374449339206,951.8901960784314,1866.4869109947645,1711.7614678899083,1612.2863849765258,963.5354838709677,2084.178082191781,1153.3874538745388,1824.8148148148148,860.7072463768116,1260.8720930232557,1915.302564102564,1008.5309734513274,1244.8240740740741,162.05220883534136,1567.3420074349442,641.4635036496351,1610.65,1503.291891891892,1594.7820512820513,2029.8866995073893,2018.868544600939,1742.7203389830509,1919.4251497005987,1372.3116438356165,1208.275720164609,1589.8382352941176,1452.7149758454107,1088.479892761394,160.1184668989547,1082.1231527093596
25,389.48979591836735,559.75,902.2450592885375,755.5074074074074,873.0825958702065,338.62277580071174,622.5583941605839,1123.262910798122,1342.6896551724137,887.5890410958904,392.26637554585153,921.7731629392971,534.0340425531915,624.8463855421687,1254.208695652174,1023.4536585365854,751.0582524271845,761.866935483871,945.0173611111111,1066.3573770491803,1427.8292682926829,933.2955974842768,948.9916317991632,641.6503759398496,576.1990049751244,1118.0063492063491,978.1937984496124,1469.2190476190476,1329.6859903381642,1240.4817813765183,873.3582089552239,894.5813953488372,1013.2477064220184,1127.7587548638132,1233.2252964426877,386.5882352941176,917.3058419243986,1435.957528957529,1004.4069767441861,1168.0383275261324,1436.9656862745098,1678.0876288659795,1029.409677419355,226.22424242424242,1329.4440433212997,1876.6842105263158,1206.2868525896415,972.0106007067138,1503.7272727272727,1074.5073891625616,1408.9787234042553,1408.6940298507463,938.6,1150.7430830039525,1975.141304347826,1794.2745098039215,1855.115,733.5612648221344,1504.6141304347825,1452.2511210762332,1803.6965811965813,1347.0381679389313,1821.7962085308056,1470.058091286307,1210.7517730496454,1321.481308411215,2063.7314814814813,1203.6493506493507,1156.342412451362,1526.4008810572686,912.7450980392157,1836.4083769633507,1761.6284403669724,1521.0234741784038,933.4451612903226,1961.5251141552512,1087.870848708487,1999.978835978836,1044.255072463768,1245.6782945736434,1858.9692307692308,1203.8982300884957,1184.5787037037037,163.59437751004015,1490.810408921933,606.9890510948906,1559.5041666666666,1497.8,2027.025641025641,1900.5812807881773,1892.1643192488264,1650.385593220339,1920.4071856287426,1337.9691780821918,1221.469135802469,1494.375,1826.497584541063,965.4369973190348,175.10452961672473,1133.2610837438424
26,397.5578231292517,504.0,844.9723320158103,719.4518518518519,899.6991150442478,459.5729537366548,727.6313868613139,1060.1455399061033,1339.8659003831417,797.75,406.9868995633188,851.1246006389777,626.4638297872341,829.7560240963855,1410.5608695652174,1102.439024390244,755.8122977346278,825.116935483871,958.2013888888889,1146.8918032786885,1593.3902439024391,954.2893081761006,1099.3430962343095,557.3796992481203,595.681592039801,1081.4317460317461,815.8178294573644,1384.152380952381,941.9323671497584,1350.761133603239,1046.847014925373,1045.9961240310076,979.9938837920489,1143.692607003891,1200.5573122529645,354.75,1025.1683848797252,1453.2586872586874,987.6860465116279,1109.01393728223,1481.8676470588234,1647.5103092783504,841.1483870967742,307.75757575757575,1186.2129963898917,1864.6992481203008,1389.8605577689243,869.8904593639576,1527.813852813853,1143.0197044334975,1302.4382978723404,1592.563432835821,914.760655737705,1164.2252964426877,2028.1739130434783,1784.5764705882352,1803.25,707.9130434782609,1498.1630434782608,1405.4484304932735,1869.0128205128206,1394.1221374045801,1844.7725118483413,1408.8257261410788,1164.1170212765958,1286.7009345794393,2129.7916666666665,1205.017316017316,1194.7859922178989,1538.4625550660794,920.3411764705883,1891.931937172775,1763.1146788990825,1432.943661971831,1048.5806451612902,1996.3561643835617,1090.490774907749,1992.3915343915344,1131.4608695652173,1211.6511627906978,1815.123076923077,1195.6238938053098,1316.1435185185185,164.33333333333334,1450.7695167286245,598.5912408759124,1639.7583333333334,1460.281081081081,2021.525641025641,1897.3546798029556,1725.4272300469484,1502.5338983050847,1953.0119760479042,1272.9486301369864,1209.5761316872429,1461.5625,1691.6425120772947,1070.0750670241287,146.9268292682927,1030.9162561576354
27,524.374149659864,515.8535714285714,763.7272727272727,758.9851851851852,919.29203539823,407.7615658362989,726.6131386861314,1237.1690140845071,1392.367816091954,823.0171232876712,531.0786026200873,705.3099041533546,566.7276595744681,1017.3704819277109,1310.895652173913,1317.3756097560977,901.8899676375405,705.5120967741935,1004.9166666666666,1156.849180327869,1612.3902439024391,970.566037735849,1223.1589958158995,642.2481203007519,728.9303482587064,1074.6095238095238,785.6860465116279,1316.104761904762,1277.3091787439614,1287.7327935222672,1097.4813432835822,1103.0813953488373,987.1926605504588,1123.704280155642,1194.5138339920948,373.9950980392157,1439.381443298969,1496.100386100386,1066.7054263565892,1107.8397212543555,1461.2303921568628,1614.7628865979382,1085.9225806451614,327.23030303030305,1253.537906137184,1799.218045112782,1394.3386454183267,836.1095406360424,1534.1038961038962,1109.0098522167489,1243.1531914893617,1621.3097014925372,902.3967213114754,1206.1739130434783,2097.9184782608695,1782.235294117647,1792.035,756.699604743083,1516.8695652173913,1393.206278026906,1869.423076923077,1354.8664122137404,1765.0284360189573,1380.2780082987551,1280.5531914893618,1225.2570093457944,2057.490740740741,1277.3376623376623,1158.6887159533073,1505.7929515418502,917.6196078431373,1848.9633507853403,1662.059633027523,1329.5070422535211,1087.641935483871,2033.744292237443,1065.4944649446495,1930.7671957671957,1155.6666666666667,1176.391472868217,1774.323076923077,1177.358407079646,1281.9537037037037,153.14859437751005,1453.0446096654275,595.6715328467153,1639.4791666666667,1488.5513513513513,1932.0726495726497,1807.2906403940888,1666.281690140845,1519.1313559322034,1927.7005988023952,1200.0239726027398,1229.530864197531,1395.7720588235295,1633.3574879227053,1024.5227882037534,168.6794425087108,1084.192118226601
28,521.2176870748299,611.1071428571429,870.403162055336,730.2111111111111,815.2772861356932,518.9964412811388,725.9671532846716,1353.5023474178404,1349.9693486590038,991.8390410958904,1223.9257641921397,881.8690095846646,1214.9829787234044,975.406626506024,1225.1173913043478,1465.1463414634147,1105.9708737864078,1114.9596774193549,1031.1944444444443,1105.0622950819672,1558.1365853658538,1001.9779874213837,1159.3305439330543,1406.342105263158,1230.2388059701493,1064.968253968254,1152.860465116279,1159.7190476190476,1414.1352657004832,1306.4655870445345,1117.5858208955224,1148.453488372093,900.6422018348624,1166.3929961089493,1215.407114624506,404.80882352941177,1421.6219931271478,1497.015444015444,1024.8798449612402,1050.2369337979094,1450.6960784313726,1562.3762886597938,1105.7,189.57575757575756,1259.5740072202166,1889.4661654135339,1351.7450199203188,827.3851590106007,1523.1515151515152,1071.9852216748768,1346.7702127659575,1628.358208955224,884.7934426229508,1206.5177865612648,2067.3695652173915,1856.3019607843137,1713.685,749.0355731225296,1501.7934782608695,1335.3632286995517,1813.1965811965813,1368.4809160305344,1637.0379146919431,1479.5311203319502,1285.450354609929,1209.8831775700935,2014.712962962963,1251.5497835497836,1137.964980544747,1497.2246696035243,868.1450980392157,1846.523560209424,1735.1743119266055,1298.9953051643192,1092.141935483871,1946.1187214611873,1038.5535055350554,1896.4391534391534,1108.6927536231883,1196.5968992248063,1741.0923076923077,1166.9646017699115,1268.837962962963,152.6425702811245,1453.4275092936803,595.7992700729927,1643.425,1529.9351351351352,1889.611111111111,1724.5615763546798,1676.0,1477.1949152542372,1866.2694610778442,1176.400684931507,1228.5802469135801,1291.0735294117646,1546.536231884058,1064.8605898123324,815.3519163763066,1133.103448275862
29,606.7925170068028,702.4464285714286,600.296442687747,879.2148148148148,978.4690265486726,439.4128113879004,726.1240875912408,1300.0140845070423,1371.6168582375478,966.3698630136986,1457.1048034934497,931.3386581469648,1371.0595744680852,990.2560240963855,1304.091304347826,1464.419512195122,1104.4595469255664,685.2379032258065,1016.6666666666666,1077.8196721311476,1580.370731707317,1074.4119496855346,1038.041841004184,896.3195488721805,1640.7412935323382,1071.7968253968254,1828.0077519379845,1089.6761904761904,1397.111111111111,1289.5303643724696,1034.25,1050.3178294573643,957.256880733945,1194.4669260700389,1204.8853754940712,388.04901960784315,1659.914089347079,1491.023166023166,989.3410852713179,995.4564459930314,1435.2303921568628,1527.4020618556701,1095.8225806451612,310.3333333333333,1172.7075812274368,1927.4473684210527,1393.6892430278886,861.851590106007,1542.948051948052,1072.2266009852217,1374.4851063829788,1512.563432835821,911.1737704918032,1348.5217391304348,2059.304347826087,1828.5529411764705,1731.44,723.7747035573123,1523.016304347826,1393.2825112107623,1847.6752136752136,1308.1946564885495,1689.132701421801,1535.1535269709543,1271.5780141843973,1187.8738317757009,2011.773148148148,1281.857142857143,1106.9066147859921,1539.0264317180618,876.3176470588236,1777.931937172775,1760.1880733944954,1250.1267605633802,1086.9,2090.1552511415525,1027.8376383763837,1968.2804232804233,1081.51884057971,1195.8217054263566,1687.5692307692307,1176.1814159292035,1258.9490740740741,172.6024096385542,1459.092936802974,547.014598540146,1713.3083333333334,1465.6432432432432,1817.4017094017095,1667.384236453202,1747.5023474178404,1435.4025423728813,1875.8443113772455,1174.5821917808219,1202.514403292181,1286.1286764705883,1629.2898550724638,1023.1394101876675,131.06271777003485,1038.655172413793
30,720.8163265306123,857.9321428571428,617.4268774703557,972.7481481481482,1059.6725663716813,440.9074733096085,733.6569343065694,1387.981220657277,1324.3409961685825,972.2397260273973,1133.703056768559,927.1565495207668,1300.4808510638297,1010.9698795180723,1286.8434782608695,1511.0682926829268,1035.8284789644013,825.7822580645161,1060.701388888889,1108.2426229508196,1590.4682926829269,1111.9654088050315,917.3430962343097,941.2857142857143,1598.8557213930349,1068.3809523809523,1819.2519379844962,1243.0428571428572,1371.4830917874397,1291.8218623481782,994.1455223880597,1385.9496124031007,940.4097859327217,1157.365758754864,1229.9486166007905,381.70098039215685,1630.553264604811,1494.1660231660233,955.2906976744187,1015.6271777003484,1458.0245098039215,1503.8453608247423,1078.225806451613,218.83030303030304,1192.3935018050543,1858.4924812030076,1360.7609561752988,900.3144876325089,1487.4025974025974,1051.7931034482758,1333.1744680851064,1472.3544776119404,898.7377049180328,1387.407114624506,2063.9945652173915,1796.4588235294118,1697.695,718.2173913043479,1504.1358695652175,1491.4529147982062,1830.517094017094,1335.2709923664122,1655.516587677725,1472.3941908713693,1265.4539007092199,1247.3738317757009,2012.6944444444443,1304.8658008658008,1101.976653696498,1559.1629955947137,852.4588235294118,1807.9947643979058,1730.3577981651376,1242.3286384976525,1070.9,2066.6666666666665,1029.361623616236,1931.2010582010582,1103.095652173913,1182.7945736434108,1678.3384615384616,1192.6681415929204,1265.0694444444443,355.0642570281124,1481.1635687732341,578.6642335766423,1847.4625,1420.2054054054054,1723.3675213675215,1667.6748768472905,1646.6760563380283,1465.0593220338983,1770.1736526946108,1156.4931506849316,1166.79012345679,1201.8970588235295,1707.5555555555557,1009.0536193029491,114.25435540069687,1058.7389162561576
31,715.0918367346939,902.4821428571429,684.8102766798419,966.8703703703703,1157.3333333333333,405.88967971530246,729.4087591240876,1337.8779342723005,1387.8773946360154,968.4041095890411,1052.3624454148471,920.1821086261981,1254.1531914893617,1068.617469879518,1404.291304347826,1464.0585365853658,1054.9320388349515,998.258064516129,1073.8020833333333,1125.6786885245901,1554.3658536585365,1108.566037735849,919.0167364016736,1096.0601503759399,1489.0796019900497,1057.695238095238,1808.6356589147288,1261.1380952380953,1475.7342995169083,1257.165991902834,1124.7910447761194,1418.3023255813953,925.5412844036697,1174.6186770428017,1231.9367588932807,385.8921568627451,1555.2096219931273,1478.07722007722,918.9147286821706,1052.020905923345,1426.2156862745098,1466.6546391752577,1102.3516129032257,223.11515151515152,1161.4115523465705,1832.0751879699249,1287.4501992031871,874.3144876325089,1451.138528138528,983.7783251231527,1011.6595744680851,1514.6828358208954,896.4524590163934,1423.8695652173913,1978.820652173913,1549.8117647058823,1696.305,702.5533596837945,1502.3260869565217,1338.4529147982062,1794.2649572649573,1304.3053435114505,1662.303317535545,1156.0497925311204,1186.177304964539,1225.9859813084113,1802.7222222222222,1392.5541125541126,1158.544747081712,1027.092511013216,840.556862745098,1722.586387434555,1773.545871559633,1194.962441314554,1059.7612903225806,1659.0730593607307,1031.0147601476015,1867.4708994708994,1323.8811594202898,1150.3837209302326,1455.0461538461539,1267.632743362832,1002.7824074074074,134.1847389558233,1371.263940520446,550.529197080292,1673.7541666666666,1426.3891891891892,1327.0128205128206,1205.0541871921182,1484.81220657277,1458.457627118644,1062.3532934131736,1151.4212328767123,991.6255144032922,1066.1066176470588,1333.1545893719806,1469.0402144772117,110.55749128919861,709.7290640394089
32,724.4421768707483,914.6357142857142,720.0355731225296,928.3925925925926,1122.7522123893805,444.30960854092524,680.1569343065694,1307.2535211267605,1352.1072796934866,976.0479452054794,1480.4497816593887,939.0894568690096,1275.4553191489363,1042.632530120482,1434.2260869565218,1563.5853658536585,1080.0485436893205,1297.2459677419354,1022.8576388888889,1159.6098360655737,1539.180487804878,1114.8364779874214,885.8284518828452,1074.0225563909773,1130.636815920398,1083.4984126984127,1808.2054263565892,1276.247619047619,1397.1739130434783,1241.6923076923076,1118.2350746268658,1369.1007751937984,1017.5626911314985,1199.715953307393,1229.312252964427,354.5049019607843,1514.0756013745704,1433.6988416988418,1042.84496124031,1057.4146341463415,1422.4411764705883,1485.458762886598,1064.4935483870968,266.630303030303,1166.8628158844765,1817.9774436090227,1406.788844621514,934.3886925795053,1404.0389610389611,1033.0837438423646,1380.2212765957447,1492.2014925373135,872.5213114754098,1441.6126482213438,1968.1902173913043,1830.2627450980392,1640.18,680.9604743083004,1435.0815217391305,1570.2690582959642,1756.9273504273503,1285.2366412213742,1569.6208530805686,1462.9253112033196,1127.872340425532,1184.266355140187,1920.0740740740741,1293.047619047619,1096.2101167315175,1431.8898678414098,850.8392156862745,1731.9895287958116,1687.8623853211009,1216.5492957746478,1021.583870967742,1603.593607305936,988.9372693726938,1813.5449735449736,1198.0869565217392,1125.124031007752,1634.2871794871794,1247.283185840708,1264.3333333333333,153.12048192771084,1353.7955390334573,584.0547445255474,1610.5,1417.427027027027,1719.7094017094016,1688.5073891625616,1729.4835680751173,1461.4406779661017,1747.065868263473,1112.414383561644,1135.8724279835392,872.4669117647059,1406.8502415458938,1370.058981233244,103.78397212543554,1033.463054187192
33,689.0918367346939,1021.4035714285715,1070.4703557312253,902.6925925925926,1073.2330383480826,482.6370106761566,682.5583941605839,1217.7887323943662,1315.0191570881227,933.0171232876712,1543.707423580786,854.4536741214057,1230.8936170212767,1029.4066265060242,1430.5304347826086,1501.1268292682928,996.0355987055016,1210.3548387096773,1022.9756944444445,1154.9114754098362,1611.0975609756097,1087.622641509434,874.744769874477,1024.766917293233,698.6517412935324,1073.247619047619,1729.8372093023256,1260.5380952380951,1433.6328502415458,1171.6882591093117,1095.4141791044776,1303.3100775193798,962.3853211009174,1160.0739299610896,1212.1146245059288,362.51960784313724,1365.9965635738831,1386.030888030888,1109.9806201550387,1063.3310104529617,1354.0980392156862,1518.278350515464,997.3870967741935,281.92727272727274,1116.3826714801444,1780.751879699248,1381.011952191235,909.9116607773851,1364.6666666666667,1017.6551724137931,1368.9404255319148,1397.1044776119404,859.6852459016393,1412.6561264822135,1981.6195652173913,1802.7725490196078,1609.72,644.2292490118577,1357.9782608695652,1583.1659192825111,1732.1666666666667,1202.9351145038167,1606.0663507109005,1525.9004149377593,1055.241134751773,1134.177570093458,1973.7037037037037,1277.112554112554,1122.0428015564203,1508.374449339207,833.5764705882353,1762.2303664921467,1623.4128440366972,1171.8169014084508,959.0290322580645,2271.4520547945203,960.9261992619926,1757.2857142857142,1056.2434782608696,1061.7248062015503,1601.2923076923078,1209.216814159292,1261.375,127.09236947791165,1210.100371747212,566.1459854014598,1710.075,1384.9513513513514,1774.7051282051282,1657.2906403940888,1523.3192488262912,1390.2161016949153,1685.6047904191616,1045.349315068493,1127.3991769547324,721.1433823529412,2166.68115942029,1027.01072386059,91.5191637630662,1035.8866995073893
34,673.1496598639455,992.8857142857142,1197.7786561264822,840.4740740740741,1070.2507374631268,468.2597864768683,682.5693430656934,1164.619718309859,1256.1417624521073,876.5856164383562,1520.7161572052403,894.2555910543131,1131.3191489361702,1022.1325301204819,1427.4347826086957,1434.590243902439,998.1165048543689,1094.0645161290322,1005.2361111111111,1103.5573770491803,1514.351219512195,1052.4308176100628,1088.7405857740587,951.2218045112782,625.0348258706467,1036.8253968253969,1665.891472868217,1190.0142857142857,1391.2125603864733,1130.1255060728745,1056.0149253731342,1244.891472868217,977.7492354740061,1179.4824902723735,1200.810276679842,326.8578431372549,1293.9931271477662,1325.3513513513512,1082.608527131783,979.6376306620209,1295.7843137254902,1428.319587628866,952.5354838709677,231.0,1074.043321299639,1783.672932330827,1312.8565737051792,913.3286219081272,1356.909090909091,1022.6256157635468,1326.655319148936,1377.9850746268658,820.432786885246,1372.2450592885375,1746.804347826087,1784.172549019608,1540.53,623.098814229249,1323.7771739130435,1526.408071748879,1734.525641025641,1159.2480916030534,1543.222748815166,1368.8713692946058,1001.049645390071,1092.4859813084113,2017.2407407407406,1254.7705627705627,1082.6303501945524,1563.819383259912,766.4196078431372,1648.5968586387435,1631.8899082568807,1111.7136150234742,937.583870967742,1392.8127853881278,912.7232472324723,1715.8253968253969,971.5565217391304,1039.0193798449613,2056.0615384615385,1155.0088495575221,1213.601851851852,95.41767068273093,1216.6617100371748,480.91970802919707,1065.5625,1375.2054054054054,1836.7393162393162,1788.334975369458,1519.4272300469484,1356.0042372881355,1732.7425149700598,1012.1746575342465,1104.1316872427983,652.6139705882352,1162.425120772947,974.9356568364611,473.0452961672474,1035.3990147783252
35,635.6598639455782,929.0821428571429,1184.1739130434783,800.1296296296297,1004.0353982300885,418.29893238434164,661.0474452554745,1216.774647887324,1236.9501915708813,824.0513698630137,1426.1965065502184,867.9073482428115,1026.4297872340426,990.4277108433735,1435.2347826086957,1391.3658536585365,982.3462783171522,937.6008064516129,977.8263888888889,1073.4163934426228,1496.0829268292682,1001.3301886792453,1115.9623430962342,898.327067669173,972.5522388059702,1022.0666666666667,1575.562015503876,1219.8,1444.8260869565217,1109.582995951417,1053.2649253731342,1238.1627906976744,946.7584097859327,1087.2062256809338,1174.5573122529645,331.9950980392157,1225.4982817869416,1218.957528957529,1076.7519379844962,961.1811846689895,1261.9705882352941,1464.7886597938145,930.9774193548387,223.35151515151514,1060.4115523465705,1698.5676691729323,1279.4820717131474,913.3427561837456,1274.891774891775,925.3004926108374,1285.9914893617022,1335.3768656716418,784.8196721311475,1341.098814229249,1741.0597826086957,1738.8235294117646,1528.84,619.8656126482214,1229.733695652174,1479.5112107623318,1622.3418803418804,1134.6374045801526,1502.601895734597,1377.759336099585,1019.4574468085107,1053.2943925233644,1831.2222222222222,1217.8961038961038,1038.4980544747082,1444.2555066079294,736.7411764705882,1661.6178010471203,1472.5412844036698,1157.112676056338,916.9387096774194,2062.4566210045664,874.1217712177122,1693.7566137566137,991.3623188405797,1059.0736434108528,1592.6205128205129,1159.1194690265486,1243.4722222222222,116.75100401606426,1192.6022304832713,468.16058394160586,1501.1083333333333,1397.6216216216217,1732.8803418803418,1537.6600985221676,1478.8028169014085,1365.864406779661,1676.11377245509,1016.181506849315,1070.0905349794239,569.8786764705883,1497.3381642512077,953.8552278820375,79.73170731707317,953.0788177339901
36,597.6700680272108,896.1428571428571,1166.1343873517787,794.5296296296297,984.6873156342183,382.085409252669,669.5802919708029,1131.3990610328638,1207.9808429118773,812.1404109589041,1358.7248908296942,849.7987220447284,1056.127659574468,988.9096385542168,1443.904347826087,1345.2439024390244,967.7281553398059,1106.0846774193549,906.6805555555555,1105.183606557377,1520.8731707317072,1006.5534591194969,1092.2175732217572,901.9097744360902,1290.4626865671642,1046.7396825396825,1521.062015503876,1252.7857142857142,1375.9033816425122,1093.3036437246963,1020.1194029850747,1212.7248062015503,940.1651376146789,1063.9610894941634,1147.2648221343873,315.2450980392157,1183.4536082474226,1189.899613899614,1068.2015503875969,973.7247386759582,1240.5735294117646,1485.6443298969073,913.3032258064516,247.4969696969697,1048.9602888086642,1705.0676691729323,1274.203187250996,941.0212014134275,1221.861471861472,924.0,1304.1617021276595,1323.5597014925372,783.8229508196721,1334.9130434782608,1673.8097826086957,1738.450980392157,1564.695,598.0276679841897,1242.929347826087,1456.8834080717488,1603.491452991453,1134.7862595419847,1601.2511848341233,1317.319502074689,1050.6702127659576,1028.196261682243,1752.3472222222222,1196.125541125541,1033.727626459144,1455.6167400881056,760.9098039215686,1657.6910994764398,1548.9954128440368,1212.8309859154929,905.5032258064516,1918.296803652968,885.070110701107,1610.4550264550264,994.3768115942029,1079.1162790697674,1544.6923076923076,1145.203539823009,1273.5,109.70281124497993,1219.3345724907063,469.6350364963504,1450.7416666666666,1228.118918918919,1565.837606837607,1552.1133004926107,1524.0281690140846,1316.9618644067796,1521.2035928143712,1010.7294520547945,1078.008230452675,572.9448529411765,1470.6521739130435,936.8310991957104,148.84668989547038,820.1970443349753
37,614.0,897.3071428571428,1091.6126482213438,773.5962962962963,944.8731563421829,426.93594306049823,694.1459854014598,1088.0798122065728,1170.9118773946361,811.181506849315,1369.056768558952,858.3801916932907,1181.7446808510638,960.9367469879518,1420.0217391304348,1224.2731707317073,975.5533980582525,1086.399193548387,869.6215277777778,1143.0524590163934,1468.239024390244,1011.0817610062893,1064.3179916317993,922.0488721804511,1403.2985074626865,1051.4888888888888,1398.2868217054263,1271.8380952380953,1377.5169082125603,1129.3076923076924,1079.794776119403,1168.6046511627908,971.4617737003058,1113.7587548638132,1173.3359683794467,357.37254901960785,1233.8144329896907,1208.07722007722,1081.062015503876,1007.3344947735192,1219.0735294117646,1436.4278350515465,905.858064516129,184.66060606060606,1041.2563176895308,1700.9248120300751,1270.589641434263,987.0035335689046,1201.7229437229437,885.2758620689655,1256.2723404255319,1210.8208955223881,744.2819672131147,1320.8577075098815,1721.0978260869565,1720.4627450980392,1624.935,645.5296442687747,1187.4184782608695,1410.695067264574,1627.2136752136753,1137.206106870229,1600.7582938388625,1490.734439834025,1017.436170212766,1055.8130841121495,1729.6805555555557,1206.7099567099567,1072.3268482490273,1482.7885462555066,777.1176470588235,1638.9738219895287,1628.9633027522937,1279.887323943662,886.2258064516129,1542.3059360730595,957.2730627306273,1632.7037037037037,1158.1565217391305,1057.4573643410852,1675.3538461538462,1140.8716814159293,1262.1759259259259,109.86345381526104,1226.8438661710038,496.54014598540147,1608.0458333333333,1288.172972972973,1415.2820512820513,1611.039408866995,1348.338028169014,1262.6271186440679,1612.622754491018,1030.9041095890411,1066.8148148148148,608.0661764705883,1021.3140096618357,1457.7613941018767,73.5226480836237,846.5073891625616
38,571.0374149659864,876.8714285714286,1053.1581027667985,807.0962962962963,982.4985250737464,423.93238434163703,720.7700729927008,1022.0140845070423,1180.0191570881227,813.5513698630137,1370.5152838427948,870.5111821086261,1205.8425531914893,949.7319277108434,1375.9260869565217,1227.1951219512196,991.9288025889967,1036.258064516129,872.6944444444445,1099.7180327868853,1486.9756097560976,962.7421383647799,1030.8410041841005,928.4436090225564,1436.8059701492537,1028.4666666666667,1388.3527131782946,1289.847619047619,1419.5652173913043,1134.0526315789473,1041.8544776119404,1136.0852713178294,980.8654434250765,1034.0,1204.1581027667985,296.79901960784315,1248.7079037800688,1187.2509652509652,1073.1434108527133,1035.1602787456445,1236.2892156862745,1424.3041237113403,893.2290322580645,301.7818181818182,1044.0180505415162,1747.6616541353383,1285.6454183266933,982.583038869258,1310.5454545454545,860.6600985221675,1235.5787234042552,1165.0223880597016,728.8655737704918,1310.407114624506,1783.9782608695652,1652.2117647058824,1590.91,649.201581027668,1143.8858695652175,1358.726457399103,1542.7478632478633,1121.8778625954199,1528.0284360189573,1413.253112033195,1043.014184397163,1032.1822429906542,1657.1990740740741,1180.7056277056276,1079.307392996109,1565.2863436123348,773.1921568627452,1551.7068062827225,1656.6284403669724,1272.9577464788733,855.7322580645161,1791.8219178082193,883.8745387453874,1647.5714285714287,1125.7623188405796,1045.4147286821706,1590.0461538461539,1109.641592920354,1277.9305555555557,113.94377510040161,1178.895910780669,439.7153284671533,1667.8166666666666,1275.6864864864865,1601.8846153846155,1666.128078817734,1563.1267605633802,1254.4406779661017,1633.5329341317365,997.5582191780821,1071.2304526748972,490.6139705882353,1475.5169082125603,1340.9919571045577,92.38675958188153,922.4334975369458
39,584.6972789115646,832.7214285714285,1054.106719367589,843.925925925926,979.6017699115044,457.97508896797154,694.4890510948906,1115.6807511737088,1258.9463601532566,830.2808219178082,1466.1266375545852,841.0095846645368,1180.804255319149,954.6686746987951,1340.7608695652175,1226.6731707317074,1000.2686084142395,1070.5725806451612,894.7326388888889,1069.0426229508196,1410.658536585366,959.6855345911949,1011.276150627615,908.781954887218,1453.636815920398,1008.6,1509.0,1223.5523809523809,1346.3574879227053,1095.8218623481782,1058.3619402985075,1127.391472868217,987.5688073394496,1077.1400778210116,1261.6126482213438,363.69607843137254,1276.9621993127148,1250.5752895752896,1054.4883720930231,1043.574912891986,1238.299019607843,1311.1546391752577,913.5516129032258,251.35151515151514,1041.043321299639,1811.0563909774437,1266.4501992031871,967.0282685512367,1337.948051948052,869.64039408867,1242.8978723404255,1229.1305970149253,708.4590163934427,1261.9209486166008,1786.195652173913,1658.043137254902,1627.375,659.494071146245,1182.1630434782608,1338.1300448430493,1436.1581196581196,1105.3129770992366,1483.0142180094788,1463.0829875518673,964.7092198581561,978.2056074766355,1652.5555555555557,1147.8311688311687,1098.9377431906614,1431.3348017621145,772.2078431372549,1533.5706806282722,1620.0825688073394,1287.7417840375588,840.158064516129,1792.3287671232877,891.7084870848709,1663.2010582010582,1031.768115942029,999.9147286821706,1539.297435897436,1092.1725663716813,1342.9953703703704,121.05622489959839,1160.899628252788,487.22627737226276,1544.775,1311.0486486486486,1431.3589743589744,1680.615763546798,1524.7417840375588,1241.3474576271187,1661.0419161676646,975.2910958904109,1329.1687242798355,481.4742647058824,1563.3671497584542,1014.4504021447722,89.92682926829268,991.7044334975369
40,606.6666666666666,829.8678571428571,1088.1541501976285,864.7555555555556,971.6725663716815,469.2384341637011,663.5474452554745,1159.018779342723,1286.0191570881227,830.5445205479452,1379.3275109170306,864.9616613418531,1078.3531914893617,995.2590361445783,1295.182608695652,1295.6439024390245,1009.4207119741101,1129.8024193548388,910.6909722222222,1069.3049180327869,1381.0439024390244,1028.5251572327045,981.6820083682009,872.4624060150376,1421.3432835820895,1025.6126984126984,1545.6860465116279,1195.857142857143,1261.7584541062802,1036.2429149797572,1074.5559701492537,1150.1821705426357,1003.6085626911315,1133.9961089494163,1072.8853754940712,347.45098039215685,1200.8659793814434,1289.003861003861,968.9341085271318,1028.184668989547,1180.3970588235295,1400.8144329896907,942.583870967742,346.74545454545455,1041.2707581227437,1294.8646616541353,1133.6254980079682,1102.8021201413428,1385.060606060606,884.935960591133,987.4595744680851,1340.089552238806,749.8819672131148,1212.2766798418972,1527.8315217391305,1286.513725490196,1472.46,589.4268774703557,1261.7554347826087,1337.2600896860986,1512.7735042735044,1139.679389312977,1419.0236966824646,1685.5228215767636,1048.127659574468,1002.9485981308411,1736.8055555555557,1317.6580086580086,1051.0272373540856,1219.770925110132,745.6901960784314,1526.1727748691098,1538.6605504587155,1227.0093896713615,910.6483870967742,1674.0228310502282,950.239852398524,1362.7089947089946,1397.3449275362318,1031.2403100775193,1311.7333333333333,1113.2654867256638,1181.6805555555557,129.97991967871485,1129.7583643122678,466.87226277372264,1471.2125,1197.464864864865,675.1581196581196,846.2512315270936,990.5727699530516,1273.2796610169491,346.7185628742515,1002.9623287671233,1220.0946502057614,454.31617647058823,1382.4541062801932,1054.225201072386,100.60975609756098,313.9408866995074
41,619.9353741496599,861.7357142857143,1090.094861660079,823.7962962962963,937.2271386430679,476.3523131672598,640.1715328467153,1124.3098591549297,1265.697318007663,821.1883561643835,1241.3187772925764,868.5814696485623,1128.8510638297873,976.8253012048193,1347.908695652174,1311.1365853658538,962.6245954692556,1159.9959677419354,882.6354166666666,1126.183606557377,1459.570731707317,1018.8081761006289,952.8117154811715,932.375939849624,1292.5721393034826,959.3968253968254,1474.1046511627908,1197.6904761904761,1267.4685990338164,1020.2955465587045,1063.7126865671642,1179.6782945736434,939.6422018348624,1080.9260700389104,1186.1778656126482,288.15686274509807,1174.0137457044673,1251.6486486486488,986.3100775193799,959.1428571428571,1203.9068627450981,1374.221649484536,933.1193548387097,202.33939393939394,1065.2635379061371,1675.8308270676691,1215.434262948207,899.2685512367491,1425.2164502164503,935.9901477832512,1250.5063829787234,1307.8992537313434,763.7213114754098,1239.9802371541502,1726.016304347826,1630.8,1471.415,597.7549407114625,1210.8315217391305,1428.0269058295964,1459.8076923076924,1133.8053435114505,1510.2322274881517,1440.8132780082988,1101.0106382978724,1123.46261682243,1954.9305555555557,1126.5194805194806,1011.5758754863813,1420.7577092511012,763.1803921568627,1730.848167539267,1486.8440366972477,1185.530516431925,911.8161290322581,2030.5022831050228,919.2214022140222,2052.2486772486773,1036.7217391304348,1078.3139534883721,1823.076923076923,1034.924778761062,1194.0462962962963,145.3453815261044,1198.814126394052,526.8941605839416,1490.1958333333334,1332.9675675675676,1435.8247863247864,2158.0197044334977,1471.7464788732395,1295.5254237288136,1833.065868263473,1027.9109589041095,1071.1316872427983,446.99632352941177,1509.3478260869565,964.1769436997319,105.91637630662021,924.3891625615763
42,618.9965986394558,856.8928571428571,1039.5454545454545,837.7851851851852,966.4601769911504,484.87188612099646,691.6459854014598,1089.0,1244.72030651341,828.5719178082192,1318.0436681222707,845.9169329073483,1258.4468085106382,975.3102409638554,1426.682608695652,1274.019512195122,980.4822006472492,1173.4717741935483,918.9375,1170.0196721311474,1455.0487804878048,1032.5251572327045,935.3430962343097,1016.7142857142857,1264.686567164179,1064.9968253968254,1487.7868217054263,1261.2333333333333,1407.4782608695652,1142.5748987854251,1021.2798507462686,1196.608527131783,990.0917431192661,1179.1673151750972,1228.501976284585,307.98039215686276,1295.4673539518901,1227.915057915058,1024.8217054263566,943.2613240418118,1190.1421568627452,1486.9845360824743,923.6129032258065,342.96363636363634,1120.5342960288808,1655.8721804511279,1278.4900398406373,940.3851590106007,1327.2857142857142,914.8965517241379,1278.936170212766,1296.3768656716418,754.3540983606557,1269.2213438735178,1686.7717391304348,1723.835294117647,1529.615,686.5889328063241,1179.1847826086957,1444.9551569506727,1533.6752136752136,1149.7900763358778,1529.1516587677725,1399.676348547718,1100.627659574468,1130.2570093457944,1840.0509259259259,1157.82683982684,1002.0739299610894,1423.079295154185,792.4313725490196,1649.6806282722514,1447.0045871559632,1244.9859154929577,903.9,2002.8036529680364,947.2546125461255,1729.883597883598,1020.0811594202899,1119.0387596899225,1674.8102564102564,1113.712389380531,1194.2175925925926,120.05622489959839,1242.1412639405205,480.2007299270073,1487.7083333333333,1202.1459459459459,1596.0555555555557,1792.9014778325122,1449.4225352112676,1291.2330508474577,1894.2335329341317,1062.5342465753424,1048.201646090535,414.56617647058823,1570.2512077294687,946.0026809651474,88.85714285714286,898.6600985221675
43,622.6122448979592,838.425,1026.8339920948617,900.1296296296297,1055.5604719764012,483.2562277580071,754.2591240875912,1157.6103286384975,1373.8122605363985,870.8664383561644,1416.82096069869,862.9424920127796,1326.2978723404256,1014.855421686747,1412.091304347826,1316.4536585365854,1047.9644012944984,1167.6612903225807,949.0763888888889,1161.6918032786884,1450.121951219512,1047.5314465408806,954.2175732217573,991.9511278195489,1365.3432835820895,1110.031746031746,1666.0736434108528,1265.509523809524,1418.5942028985507,1230.8542510121458,1127.186567164179,1182.7209302325582,1041.8623853211009,1229.1984435797665,1302.9723320158103,334.52941176470586,1319.872852233677,1306.3938223938223,1080.4418604651162,1026.7212543554008,1321.6666666666667,1531.6288659793815,990.7290322580645,416.6969696969697,1055.8628158844765,1798.7142857142858,1365.402390438247,991.148409893993,1476.2770562770563,891.5714285714286,1316.6978723404254,1355.294776119403,749.7081967213114,1296.4387351778655,1762.9891304347825,1699.5607843137254,1649.06,679.3438735177865,1219.8315217391305,1387.9730941704036,1554.9188034188035,1129.4923664122136,1624.909952606635,1443.97510373444,1030.2695035460993,1143.7570093457944,1838.1064814814815,1202.4415584415585,1071.5136186770428,1430.259911894273,815.6745098039215,1823.0314136125655,1573.7293577981652,1367.9577464788733,911.983870967742,1948.4794520547946,962.7490774907749,1694.3015873015872,1040.8115942028985,1082.1356589147288,1784.7076923076922,1146.070796460177,1239.2962962962963,149.77510040160644,1176.4795539033457,523.3211678832117,1475.9166666666667,1213.7135135135136,1678.2435897435898,1837.6995073891626,1551.3896713615025,1259.4533898305085,1733.4191616766468,1043.3424657534247,1123.1069958847736,448.50735294117646,1551.8357487922706,931.1823056300268,118.50522648083624,886.7783251231527
44,701.8707482993198,891.9642857142857,1105.5691699604743,963.4481481481481,1092.6047197640119,531.5195729537367,707.2153284671533,1226.9389671361503,1391.5325670498084,904.9554794520548,1441.1484716157206,887.3194888178914,1261.2425531914894,1099.3584337349398,1396.4347826086957,1431.3365853658536,1059.9449838187702,1185.6612903225807,1010.65625,1190.4688524590165,1457.7853658536585,1136.8993710691823,1008.1338912133891,970.3458646616541,1433.547263681592,1134.7333333333333,1707.8255813953488,1214.4714285714285,1334.5700483091787,1159.8704453441296,1221.597014925373,1211.984496124031,1044.5779816513761,1343.272373540856,1309.9288537549407,343.9313725490196,1261.6872852233678,1359.5521235521235,1080.6007751937984,1105.5226480836236,1298.7156862745098,1519.4123711340205,1019.3709677419355,385.1818181818182,1089.346570397112,1939.360902255639,1291.597609561753,992.8833922261484,1503.4242424242425,827.0344827586207,1348.2851063829787,1404.0559701492537,830.9377049180328,1314.600790513834,1931.4673913043478,1634.7411764705882,1560.82,674.1936758893281,1247.8641304347825,1389.7399103139014,1604.465811965812,1152.351145038168,1616.6824644549763,1461.1825726141078,1084.4645390070923,1144.981308411215,1854.6435185185185,1217.2380952380952,1132.6186770428017,1495.0660792951542,823.3450980392157,1820.0732984293193,1714.0,1374.8544600938967,918.7967741935483,1863.0456621004566,1001.7564575645756,1686.915343915344,1096.0289855072465,1095.9883720930231,1754.876923076923,1167.4115044247787,1277.6805555555557,137.49799196787149,1149.4609665427508,477.6861313868613,1775.7375,1156.5945945945946,1638.4871794871794,1779.9556650246304,1631.4084507042253,1327.9745762711864,1741.5149700598802,999.8664383561644,1210.7201646090534,401.46691176470586,1691.7053140096618,1165.4343163538874,112.58885017421603,859.1822660098522
45,701.3605442176871,938.2107142857143,1126.1581027667985,962.1555555555556,1110.867256637168,511.0996441281139,700.9124087591241,1249.981220657277,1402.3908045977012,877.5034246575342,1460.580786026201,931.7667731629393,1280.5744680851064,1142.5753012048192,1490.3565217391304,1446.2585365853658,1095.0388349514562,1213.4354838709678,1054.0277777777778,1259.055737704918,1505.370731707317,1136.3364779874214,1025.0543933054394,980.9398496240601,1353.0,1178.2539682539682,1524.7906976744187,1243.7333333333333,1372.9661835748793,1147.0485829959514,1211.55223880597,1245.2325581395348,1024.0183486238532,1360.1673151750972,1250.4268774703557,322.5882352941176,1203.93470790378,1351.7876447876447,1057.1937984496124,1112.0383275261324,1259.0980392156862,1609.541237113402,996.2709677419355,439.5090909090909,1137.9675090252708,1885.4022556390978,1307.9282868525897,992.7526501766785,1472.1515151515152,889.2364532019704,1355.5531914893618,1406.7985074626865,858.6983606557377,1296.2332015810277,1978.4565217391305,1714.3921568627452,1539.94,608.1778656126482,1326.9728260869565,1427.0807174887893,1579.7136752136753,1129.293893129771,1565.8436018957345,1479.265560165975,1151.5602836879432,1073.9345794392523,1889.3101851851852,1236.7792207792209,1163.3774319066147,1492.387665198238,796.8627450980392,1695.6492146596859,1692.6376146788991,1285.8826291079813,898.2870967741935,2010.75799086758,999.5018450184502,1843.4708994708994,1032.5333333333333,1133.1589147286822,1783.5948717948718,1122.5088495575221,1321.5833333333333,132.9678714859438,1178.9665427509294,442.64233576642334,1488.1708333333333,1237.8216216216217,1626.1581196581196,1833.4679802955666,1526.413145539906,1353.207627118644,1801.1916167664672,981.0308219178082,1170.3333333333333,397.5110294117647,1542.9082125603866,1007.2922252010724,109.02090592334494,866.4729064039409
46,677.8979591836735,979.3071428571428,1129.3320158102767,988.8814814814815,1125.9675516224188,503.98932384341634,754.6569343065694,1250.3849765258217,1385.0344827586207,888.3664383561644,1392.7205240174671,936.9904153354632,1281.6468085106383,1130.5903614457832,1552.4391304347826,1445.1073170731706,1096.0258899676376,1199.274193548387,1105.5833333333333,1311.150819672131,1491.6,1139.3867924528302,1033.1673640167364,1009.7330827067669,1312.5820895522388,1171.4666666666667,1548.2945736434108,1235.2238095238095,1500.6521739130435,1119.3238866396762,1153.0186567164178,1227.922480620155,1054.8195718654433,1304.7470817120623,1284.2213438735178,325.4901960784314,1202.890034364261,1328.3436293436293,1111.6860465116279,1097.2543554006968,1299.3480392156862,1687.319587628866,954.3129032258065,466.77575757575755,1125.4151624548736,1847.1654135338347,1342.0916334661354,1054.3710247349823,1371.8008658008657,921.5418719211823,1364.0808510638299,1328.7611940298507,821.1704918032787,1342.4308300395257,1904.608695652174,1687.3686274509803,1514.815,599.4347826086956,1385.983695652174,1524.1973094170403,1601.2264957264956,1095.145038167939,1513.5355450236966,1527.414937759336,1129.2517730496454,1028.6542056074766,1840.7824074074074,1208.3376623376623,1161.1011673151752,1523.5154185022027,784.6392156862745,1618.1727748691098,1657.0366972477063,1313.643192488263,882.6225806451613,2190.981735159817,943.3468634686346,1845.142857142857,1059.5942028985507,1136.4147286821706,1723.3589743589744,1131.8982300884957,1336.2222222222222,132.58634538152612,1204.6877323420074,384.16423357664235,1752.0458333333333,1177.4432432432432,1594.8119658119658,1744.0738916256157,1715.75117370892,1339.8771186440679,1766.7245508982037,957.1746575342465,1147.954732510288,401.1985294117647,1726.3478260869565,1095.7935656836462,105.56794425087108,814.6551724137931
47,682.5884353741496,961.9107142857143,1116.2529644268775,943.6481481481482,1103.3067846607669,479.0391459074733,780.2518248175182,1242.225352112676,1360.0536398467434,844.3664383561644,1374.6855895196506,917.5335463258785,1249.7276595744681,1105.8855421686746,1479.7739130434782,1423.560975609756,1068.4466019417475,1168.0443548387098,1053.6631944444443,1277.872131147541,1424.6780487804879,1127.3459119496856,1049.7782426778242,996.2330827067669,1258.4129353233832,1092.2507936507936,1475.65503875969,1233.804761904762,1487.5893719806763,1082.004048582996,1125.7089552238806,1217.406976744186,1048.4220183486239,1220.2101167315175,1275.6126482213438,340.94117647058823,1222.979381443299,1286.996138996139,1118.8255813953488,1085.8362369337979,1260.9803921568628,1567.139175257732,909.9483870967742,370.7878787878788,1101.404332129964,1804.8195488721803,1352.0438247011953,1065.756183745583,1283.4199134199134,943.0147783251232,1334.8,1296.8432835820895,808.8426229508196,1364.2687747035573,1800.0434782608695,1673.3921568627452,1539.75,639.1304347826087,1401.875,1534.2600896860986,1526.3675213675215,1115.0114503816794,1526.4881516587677,1395.4771784232364,1015.1808510638298,1031.7570093457944,1772.5185185185185,1217.7186147186146,1143.7665369649806,1508.5286343612336,741.0901960784314,1538.9895287958116,1614.2614678899083,1270.018779342723,862.0709677419355,1948.5022831050228,939.0774907749078,1655.8042328042327,1072.7391304347825,1087.9767441860465,1599.0051282051281,1172.9203539823009,1329.9212962962963,123.08032128514056,1123.825278810409,386.0875912408759,1478.625,1165.9675675675676,1489.482905982906,1587.088669950739,1517.2910798122066,1262.3305084745762,1635.2694610778442,966.8664383561644,1152.201646090535,382.45588235294116,1568.3816425120774,1025.2573726541555,94.65853658536585,746.0985221674877
48,641.343537414966,912.3035714285714,1062.102766798419,915.437037037037,1091.725663716814,615.8042704626334,763.9124087591241,1172.1455399061033,1319.9003831417624,808.0890410958904,1369.301310043668,891.2907348242811,1239.2085106382979,1082.5301204819277,1435.8739130434783,1404.458536585366,1017.4660194174758,1092.4637096774193,1025.9930555555557,1220.6196721311476,1401.770731707317,1085.0503144654087,1006.2133891213389,933.6541353383459,1248.084577114428,1091.911111111111,1421.8527131782946,1183.0619047619048,1463.4202898550725,1072.0323886639676,1092.4067164179105,1145.6782945736434,1028.4373088685015,1254.988326848249,1252.1778656126482,314.9901960784314,1174.7319587628865,1212.5212355212354,1107.3217054263566,1062.871080139373,1253.2303921568628,1527.9226804123712,854.4580645161291,393.27878787878785,1090.3068592057762,1750.8796992481202,1311.9641434262949,1039.9434628975266,1270.6406926406926,905.320197044335,1325.9106382978723,1177.8208955223881,790.0852459016394,1316.494071146245,1774.0869565217392,1650.2901960784313,1409.505,636.3557312252965,1356.5489130434783,1513.932735426009,1465.1410256410256,1025.3358778625955,1390.5734597156397,1436.7634854771784,930.8794326241135,966.3457943925233,1858.7592592592594,1200.7445887445888,1106.3346303501946,1435.8237885462554,688.7176470588236,1529.0628272251308,1435.8899082568807,1182.5492957746478,791.7161290322581,1978.13698630137,880.789667896679,1626.4761904761904,1030.2579710144928,1002.0387596899225,1560.4564102564102,1170.5265486725664,1264.0694444444443,136.65060240963857,1010.7360594795539,352.24817518248176,1610.7375,1077.6702702702703,1347.6068376068376,1520.857142857143,1452.9718309859154,1161.7711864406779,1536.9880239520958,911.9554794520548,1103.724279835391,325.24632352941177,1679.352657004831,934.71581769437,99.73867595818815,768.5911330049261
49,637.4761904761905,852.6071428571429,896.2094861660079,896.9037037037037,1092.117994100295,697.3843416370107,776.5255474452555,1138.2206572769953,1356.5862068965516,817.667808219178,1387.7467248908297,860.0926517571885,1227.6,1021.8283132530121,1409.4391304347826,1427.2341463414634,1015.252427184466,1019.7096774193549,973.65625,1167.1639344262296,1356.2146341463415,1062.2138364779873,1000.8912133891214,927.7443609022556,1226.4328358208954,1057.1555555555556,1496.5232558139535,1203.0761904761905,1349.0966183574878,1098.3684210526317,1071.7686567164178,1139.0581395348838,1025.177370030581,1182.6225680933853,1203.687747035573,313.578431372549,1176.701030927835,1199.2972972972973,1092.0813953488373,1123.2020905923346,1146.9166666666667,1468.0927835051546,855.3483870967742,364.3757575757576,1066.2563176895308,1720.0338345864661,1294.3784860557769,962.5547703180212,1286.142857142857,848.5073891625616,1327.4510638297872,1184.8246268656717,781.9508196721312,1294.1422924901185,1617.4782608695652,1536.8117647058823,1424.775,619.7430830039526,1314.9402173913043,1453.6412556053813,1462.482905982906,971.7671755725191,1400.1990521327014,1379.3941908713693,909.4432624113475,936.8084112149533,1851.6435185185185,1181.108225108225,1051.9844357976654,1413.5991189427314,674.1803921568627,1340.4502617801047,1432.8532110091744,1110.6713615023475,766.6451612903226,1805.2009132420092,876.6273062730627,1567.6719576719577,1025.4260869565217,908.0271317829457,1521.825641025641,1161.0530973451328,1237.5324074074074,135.43775100401606,950.8289962825279,325.26277372262774,1428.8083333333334,1020.227027027027,1558.1410256410256,1786.6354679802955,1635.3239436619717,1101.915254237288,1497.0239520958085,870.1712328767123,1100.5267489711935,319.12867647058823,1170.5507246376812,971.0107238605898,91.56445993031359,859.615763546798
50,628.9115646258504,788.825,1068.8577075098815,857.4444444444445,1043.4631268436578,462.3950177935943,742.0109489051094,1169.7840375586854,1342.1417624521073,815.6095890410959,1402.9475982532751,821.4792332268371,1109.476595744681,1000.4397590361446,1340.3695652173913,1415.9512195121952,1013.1391585760517,973.4274193548387,938.7986111111111,1118.3737704918033,1333.5365853658536,1031.5,952.4644351464435,837.3421052631579,1280.7960199004974,884.4095238095238,1466.422480620155,1174.6,1262.5990338164252,1064.2914979757086,1084.891791044776,1112.6821705426357,934.0703363914373,1156.2529182879377,1161.3201581027668,269.3480392156863,1152.6941580756013,1216.4594594594594,1048.8062015503876,1091.4843205574914,1046.5441176470588,1421.0979381443299,862.4548387096775,307.6969696969697,1036.884476534296,1764.1766917293232,1263.4701195219122,914.6148409893993,1126.064935064935,768.8029556650247,1254.5659574468084,1245.044776119403,720.016393442623,1287.7391304347825,1525.8804347826087,1458.4705882352941,1402.76,584.7075098814229,1198.2445652173913,1373.0269058295964,1368.6068376068376,907.0419847328244,1434.1469194312797,1261.1161825726142,950.7517730496454,893.7429906542056,1651.7824074074074,1141.935064935065,1014.9533073929961,1322.6563876651983,645.6745098039215,1456.764397905759,1423.6743119266055,1032.4647887323943,767.4322580645161,1793.945205479452,843.9040590405904,1345.037037037037,1019.7797101449275,839.8488372093024,1603.6410256410256,1122.8893805309735,1169.1944444444443,111.18875502008032,891.8066914498141,303.6715328467153,1287.8166666666666,884.8054054054054,1402.448717948718,1465.1625615763546,1406.0140845070423,1091.3093220338983,1457.9520958083833,800.3904109589041,1056.6213991769548,314.94485294117646,1395.657004830918,890.632707774799,97.602787456446,619.7733990147783
51,580.0680272108843,796.8821428571429,1018.7905138339921,837.8296296296296,971.7935103244838,405.2811387900356,659.5802919708029,1104.1220657276995,1246.448275862069,770.986301369863,1334.8296943231442,822.9616613418531,1110.0297872340425,964.6024096385543,1279.9782608695652,1344.1609756097562,968.2135922330098,945.733870967742,906.5902777777778,1087.6491803278689,1288.3121951219512,1013.1761006289308,917.6652719665271,790.327067669173,1241.9850746268658,1061.5809523809523,1412.7829457364342,1113.404761904762,1163.0966183574878,997.6518218623481,1027.6231343283582,1123.0348837209303,871.7920489296636,1071.863813229572,1070.395256916996,268.0686274509804,1085.3573883161512,1190.4517374517375,957.6744186046511,1025.9756097560976,996.156862745098,1364.7628865979382,834.1677419354838,402.58787878787876,1023.3104693140795,1547.906015037594,1158.0796812749004,871.6360424028269,1105.9610389610389,701.5960591133005,1144.0595744680852,1289.5,652.872131147541,1208.6600790513835,1530.3423913043478,1433.1686274509805,1318.135,518.9565217391304,1130.304347826087,1261.7488789237668,1312.5,867.8358778625955,1327.5829383886255,1254.6929460580914,993.354609929078,875.1588785046729,1557.3657407407406,1065.7056277056276,1025.1595330739299,1245.8854625550662,613.5607843137254,1407.34554973822,1339.4587155963302,965.6525821596244,737.1967741935484,1710.041095890411,781.509225092251,1041.8042328042327,956.9507246376811,792.9069767441861,1519.0923076923077,1039.8053097345132,1118.8055555555557,107.91566265060241,849.1933085501859,299.014598540146,1274.1541666666667,821.3243243243244,1350.320512820513,1487.0197044334975,1269.4366197183099,1059.6949152542372,1332.994011976048,750.5856164383562,1016.1028806584362,277.2610294117647,1341.1014492753623,845.7131367292225,81.1602787456446,583.9753694581281
52,560.5,751.3107142857143,936.6521739130435,747.6111111111111,914.0,390.47330960854094,601.42700729927,984.4272300469484,1123.4942528735633,708.513698630137,1275.8689956331878,763.5303514376997,1054.4170212765957,874.1385542168674,1182.8565217391304,1198.0926829268292,888.0614886731391,916.5725806451613,886.6840277777778,1031.2065573770492,1237.3219512195121,987.933962264151,856.1882845188285,738.0451127819549,1136.1243781094527,970.1492063492063,1285.515503875969,1030.7047619047619,1167.9371980676328,939.582995951417,961.1305970149253,1051.1937984496124,806.4648318042813,1121.7120622568093,1045.2727272727273,258.02941176470586,972.213058419244,1111.5791505791506,865.8837209302326,915.6655052264808,965.3921568627451,1266.9329896907216,732.5903225806452,334.6,971.5956678700361,1488.375939849624,1088.386454183267,821.6925795053004,1010.4545454545455,630.6650246305419,1094.0765957446808,1205.3283582089553,591.0688524590164,1103.3675889328063,1422.8695652173913,1390.270588235294,1198.67,493.7865612648221,1060.0380434782608,1234.2286995515694,1229.491452991453,806.0572519083969,1187.829383886256,1094.2821576763486,913.6560283687943,780.1728971962617,1399.5092592592594,953.7229437229437,978.8482490272373,1152.259911894273,570.5843137254902,1284.6230366492146,1248.0779816513761,888.0704225352113,651.8967741935484,1637.1598173515981,721.4243542435424,863.1005291005291,872.7275362318841,801.8139534883721,1376.5128205128206,925.4159292035398,1051.5601851851852,89.48995983935743,839.3382899628252,274.2883211678832,1194.275,709.0108108108108,1279.3931623931624,1247.6453201970444,1114.962441314554,1010.0550847457627,1144.1497005988024,685.1541095890411,974.835390946502,254.44117647058823,1203.4396135265702,804.5174262734585,67.09407665505226,513.6108374384237
53,480.5238095238095,637.025,826.7588932806324,666.9703703703703,802.0117994100295,346.8505338078292,555.5109489051094,844.9530516431925,1025.103448275862,610.832191780822,1107.8908296943232,674.9329073482428,944.2978723404256,801.7319277108434,1041.7782608695652,1035.0146341463415,791.5339805825242,823.616935483871,774.6041666666666,943.5049180327869,1083.1365853658538,881.311320754717,796.8326359832636,647.421052631579,980.0,840.4603174603175,1144.3023255813953,924.7095238095238,1079.4927536231885,841.7125506072874,850.2537313432836,913.6589147286821,745.2660550458716,1050.9922178988327,910.7233201581028,219.66666666666666,890.4742268041238,984.6254826254826,795.6472868217054,826.2369337979094,888.8529411764706,1261.5979381443299,609.4032258064516,424.55757575757576,858.173285198556,1429.484962406015,1012.1115537848606,752.8551236749116,1020.1645021645022,536.9802955665025,983.9531914893618,1041.7649253731342,519.0032786885246,1005.0592885375494,1264.983695652174,1233.5176470588235,1073.975,506.498023715415,941.8260869565217,1130.9058295964126,1051.0641025641025,717.0038167938932,1062.5876777251185,996.792531120332,776.436170212766,663.2990654205607,1208.3472222222222,847.2597402597403,858.15953307393,1115.4669603524228,484.96078431372547,1175.130890052356,1064.1238532110092,786.924882629108,560.016129032258,1380.3698630136987,603.9557195571956,662.7037037037037,768.3710144927536,710.922480620155,1128.2820512820513,822.3318584070796,978.2777777777778,94.14859437751004,742.3494423791822,216.32116788321167,819.9291666666667,655.7351351351351,1147.4188034188035,957.1625615763547,1182.7136150234742,837.1271186440678,1000.6646706586827,597.3390410958904,849.9094650205761,254.3566176470588,1223.4057971014493,637.4986595174263,68.38327526132404,433.23645320197045
54,418.6462585034014,586.0464285714286,695.794466403162,605.4407407407407,706.6666666666666,292.9501779359431,480.41970802919707,736.4976525821596,881.6091954022988,559.2157534246576,966.0524017467249,606.6325878594249,796.3106382978723,681.6867469879518,915.1173913043478,953.0487804878048,678.1715210355987,733.9395161290323,673.0451388888889,823.0459016393443,888.8390243902439,745.2264150943396,694.63179916318,563.8345864661654,863.9402985074627,744.3079365079365,1043.7635658914728,824.5238095238095,917.3429951690821,778.8056680161943,743.5597014925373,819.9147286821706,659.9388379204893,876.7120622568093,832.7272727272727,192.0441176470588,785.5085910652921,865.7528957528957,719.3914728682171,771.8989547038327,777.3774509803922,1107.1907216494844,529.2290322580645,348.72727272727275,822.4837545126354,1292.1954887218046,890.7450199203187,661.565371024735,833.4805194805194,457.9655172413793,892.8893617021276,931.5970149253732,463.8196721311475,907.8774703557312,1084.8152173913043,1077.4117647058824,896.215,483.7509881422925,834.7336956521739,1028.7040358744396,937.6153846153846,601.1793893129772,948.8815165876778,933.6473029045643,673.7198581560284,589.5467289719626,937.949074074074,793.4848484848485,747.7003891050583,946.7444933920705,424.1490196078431,1017.7015706806283,889.8211009174312,668.4976525821596,480.49032258064517,1198.8401826484019,551.3025830258302,627.1322751322751,720.7623188405797,615.0968992248062,1108.9948717948719,715.2699115044247,877.0648148148148,85.63855421686748,677.8401486988847,177.4014598540146,770.8083333333333,584.0864864864865,1003.8675213675214,937.6009852216749,1068.150234741784,697.3644067796611,1074.88622754491,553.4246575342465,790.0987654320987,215.56617647058823,832.1787439613527,590.4959785522789,66.49477351916376,384.73399014778323
55,401.55102040816325,568.1035714285714,636.505928853755,558.7481481481482,670.4867256637168,260.4626334519573,462.8868613138686,671.6009389671361,807.0229885057471,504.0308219178082,916.8908296943231,557.2651757188498,704.4085106382979,632.2861445783133,798.9565217391304,876.6,633.3398058252427,700.991935483871,617.7847222222222,777.1213114754098,812.1853658536585,730.1383647798742,622.5439330543933,554.6917293233083,772.0497512437811,694.0285714285715,1041.4108527131782,716.1333333333333,852.9468599033817,711.1821862348178,682.3246268656717,734.4806201550388,600.2782874617737,861.0661478599221,763.4347826086956,182.41666666666666,681.5601374570447,794.6409266409266,670.4457364341085,724.8745644599303,687.2058823529412,996.7216494845361,459.4129032258065,285.6787878787879,737.8158844765343,1151.9285714285713,842.5577689243028,604.5583038869258,830.0822510822511,370.83251231527095,838.0851063829788,815.7686567164179,419.7934426229508,868.8458498023715,955.054347826087,994.8941176470588,786.935,480.85375494071144,779.0760869565217,938.9865470852018,870.3589743589744,516.0229007633587,850.7582938388625,904.2282157676349,589.5673758865248,531.4719626168225,735.3564814814815,719.8138528138528,687.6108949416342,924.9471365638766,394.01960784313724,944.565445026178,844.0137614678899,630.7136150234742,414.9483870967742,1122.675799086758,522.2767527675277,613.8677248677249,674.368115942029,517.3565891472869,1039.0461538461539,677.0176991150443,791.4583333333334,73.94377510040161,580.8438661710037,162.2189781021898,748.9,535.3405405405406,903.2393162393163,924.3004926108374,1019.8028169014085,595.0677966101695,925.9700598802395,507.06164383561645,755.8189300411523,212.44117647058823,831.4541062801933,581.9758713136729,58.46689895470383,363.2167487684729
56,374.6938775510204,512.35,603.6758893280632,515.8111111111111,639.7935103244838,251.94661921708186,434.3430656934307,604.169014084507,768.4137931034483,476.472602739726,837.1572052401747,560.5782747603834,654.2127659574468,612.5753012048193,777.0173913043478,831.5804878048781,615.9611650485436,613.008064516129,584.8819444444445,747.2327868852459,754.2731707317073,694.940251572327,593.4853556485356,495.4398496240602,694.8457711442786,691.0730158730158,1003.1317829457364,702.152380952381,804.8695652173913,700.8785425101214,688.8917910447761,667.9806201550388,574.3792048929664,856.0505836575876,748.6363636363636,189.89705882352942,604.8419243986255,751.7490347490348,671.8255813953489,691.1289198606272,666.7598039215686,1015.4896907216495,418.02258064516127,324.8787878787879,714.5415162454874,1089.8308270676691,793.6533864541833,581.2720848056537,763.8441558441558,312.2758620689655,815.3319148936171,734.3134328358209,386.9901639344262,841.2727272727273,855.7173913043479,910.0509803921568,718.245,426.4861660079051,720.4891304347826,895.1210762331839,836.982905982906,458.89694656488547,788.1421800947867,847.6348547717843,521.1666666666666,508.7943925233645,571.6157407407408,698.2900432900433,660.6459143968872,875.5374449339207,381.58039215686273,864.3874345549738,806.3623853211009,617.206572769953,374.7064516129032,1050.972602739726,487.12546125461256,514.3280423280423,675.6927536231884,471.08527131782944,881.851282051282,676.429203539823,818.3333333333334,74.10843373493977,496.5613382899628,165.8029197080292,695.8666666666667,515.4918918918919,860.9529914529915,853.8472906403941,1017.2206572769953,514.4957627118644,919.8023952095808,472.64383561643837,744.7572016460905,194.24632352941177,834.3574879227053,546.0911528150134,47.08362369337979,341.9408866995074
57,362.50680272108843,506.84285714285716,599.9249011857708,521.0,619.6253687315634,250.20284697508896,428.94160583941607,612.0516431924883,736.9961685823755,448.3595890410959,796.5764192139738,558.4472843450479,632.2851063829787,607.4216867469879,728.9782608695652,827.4536585365854,617.1844660194175,581.7701612903226,585.8645833333334,709.3967213114754,682.7658536585366,644.1666666666666,604.9037656903765,484.67293233082705,633.7512437810946,689.0,955.8100775193799,683.952380952381,798.0434782608696,650.7044534412955,663.4813432835821,665.7170542635658,534.0030581039755,810.5758754863813,732.9169960474309,190.35294117647058,583.7628865979382,692.2972972972973,668.7170542635658,729.5191637630662,680.1911764705883,1023.3453608247422,393.02258064516127,317.09090909090907,659.2996389891697,1068.451127819549,768.2509960159363,587.148409893993,717.6450216450216,289.8374384236453,779.2978723404256,678.4850746268656,378.8327868852459,787.2569169960474,807.1032608695652,841.4549019607844,619.945,423.59683794466406,697.2282608695652,906.9596412556053,771.9487179487179,448.30534351145036,752.5118483412323,817.4564315352698,467.85460992907804,496.6448598130841,489.09722222222223,699.3939393939394,667.1400778210117,866.7797356828194,364.5686274509804,791.6387434554974,748.6651376146789,588.4694835680751,346.69354838709677,983.7214611872146,469.2878228782288,459.8201058201058,664.4811594202898,452.29457364341084,795.774358974359,694.9823008849557,797.1388888888889,65.34538152610442,456.04089219330854,164.62773722627736,725.5375,507.12432432432433,854.2222222222222,765.6059113300493,855.1549295774648,499.47457627118644,895.185628742515,482.60616438356163,731.4362139917696,196.8014705882353,789.9951690821256,535.7613941018767,44.69686411149826,304.7389162561576
58,355.51360544217687,498.12142857142857,562.399209486166,518.4518518518519,634.6902654867257,224.87544483985766,424.3284671532847,603.6197183098592,708.9616858237548,413.77054794520546,771.5240174672489,556.2332268370607,668.2808510638298,606.8373493975904,694.3521739130434,813.5658536585366,591.3624595469256,533.8508064516129,566.4826388888889,698.1508196721311,666.990243902439,641.0754716981132,566.5230125523012,430.03007518796994,601.4776119402985,663.8190476190476,885.7403100775193,681.1238095238095,791.0628019323672,631.080971659919,629.6305970149253,616.0387596899225,525.0122324159022,748.0856031128404,732.8181818181819,181.64705882352942,538.2027491408935,653.6988416988416,679.1550387596899,704.9965156794425,669.4509803921569,931.7422680412371,383.4290322580645,297.90909090909093,603.1263537906137,1026.5225563909773,770.9003984063745,589.2544169611307,722.2034632034632,300.42857142857144,751.4212765957446,611.4402985074627,386.6360655737705,792.4782608695652,825.5271739130435,791.8509803921569,566.545,393.798418972332,653.679347826087,905.6816143497758,733.982905982906,459.55725190839695,733.431279620853,814.5477178423237,436.3191489361702,500.1214953271028,448.0740740740741,721.2164502164502,652.0038910505837,842.9691629955947,381.10980392156864,752.1832460732984,727.2614678899082,558.3333333333334,335.06451612903226,933.2237442922375,494.23247232472323,427.968253968254,673.7130434782608,456.7480620155039,783.3128205128205,688.566371681416,842.0833333333334,64.59437751004016,448.3345724907063,197.14963503649636,716.0583333333333,484.2162162162162,790.5854700854701,734.9310344827586,773.9577464788732,497.978813559322,779.2155688622754,489.20205479452056,727.0041152263375,215.46323529411765,797.6618357487922,548.911528150134,38.87456445993031,303.53694581280786
59,327.9625850340136,487.77142857142854,504.79446640316206,494.3,568.8938053097345,209.91459074733095,382.02919708029196,572.8028169014085,659.8965517241379,354.8732876712329,724.4323144104803,506.59105431309905,649.3659574468085,556.1807228915662,642.3434782608696,752.619512195122,560.3203883495146,474.1008064516129,533.2013888888889,673.0262295081967,591.5024390243902,599.569182389937,541.7824267782427,408.7781954887218,540.7810945273632,650.6444444444444,811.6240310077519,608.3714285714286,791.5169082125603,577.8906882591093,617.6268656716418,516.8837209302326,486.7033639143731,713.8093385214008,706.4861660079051,179.8186274509804,517.2096219931271,560.7528957528957,636.9147286821706,662.3344947735192,617.5784313725491,855.7319587628866,347.6645161290323,294.22424242424245,520.1119133574007,982.0676691729324,741.7689243027888,555.0494699646644,634.2424242424242,294.8226600985222,713.0978723404255,531.7388059701492,352.8524590163934,755.3517786561265,724.1467391304348,715.1725490196078,526.325,290.0790513833992,585.5,829.9910313901345,646.474358974359,456.2251908396947,639.2227488151659,764.9502074688796,384.6950354609929,448.2803738317757,441.77777777777777,676.8528138528138,615.6964980544747,751.4625550660793,355.52156862745096,713.3979057591623,657.894495412844,545.2957746478874,337.26451612903224,843.283105022831,457.83025830258305,399.66137566137564,632.4521739130435,458.13953488372096,716.8974358974359,659.3761061946902,787.9212962962963,64.1004016064257,413.51301115241637,179.58759124087592,658.9375,426.2810810810811,713.7606837606837,653.7290640394089,702.7605633802817,479.1271186440678,727.7425149700599,491.98972602739724,663.9135802469136,207.97058823529412,727.328502415459,527.7265415549598,46.68292682926829,290.97536945812806
60,304.53401360544217,440.3107142857143,467.0197628458498,465.1222222222222,530.4542772861357,190.76156583629893,362.41970802919707,519.3098591549295,644.5785440613026,344.3390410958904,720.0131004366813,454.8083067092652,564.6595744680851,528.1506024096385,608.508695652174,703.609756097561,504.4660194174757,409.8346774193548,478.46875,627.8065573770492,533.2048780487805,584.7987421383648,499.98744769874475,370.03007518796994,466.16915422885575,578.8412698412699,689.3798449612403,514.1619047619048,793.5652173913044,528.3765182186235,567.8955223880597,421.5,442.56880733944956,699.1673151750973,659.4505928853755,167.94117647058823,483.2852233676976,499.64478764478764,597.1550387596899,604.0766550522648,609.5196078431372,766.0412371134021,321.46451612903223,248.0787878787879,440.59927797833933,960.9097744360902,708.1713147410359,534.6148409893993,583.3073593073593,251.38423645320196,695.2340425531914,465.7761194029851,323.6885245901639,721.0316205533596,714.9728260869565,671.2274509803922,477.78,238.6798418972332,516.1413043478261,784.7982062780269,565.9188034188035,435.7328244274809,653.3317535545024,698.2904564315353,366.5921985815603,428.67289719626166,401.43518518518516,655.6969696969697,559.4669260700389,723.0704845814978,324.721568627451,612.1832460732984,596.4633027522935,479.7699530516432,340.4935483870968,763.2785388127854,412.0811808118081,286.48148148148147,577.936231884058,412.93023255813955,633.3435897435897,617.141592920354,771.0185185185185,54.57429718875502,393.6282527881041,164.43065693430657,580.9125,395.53513513513514,621.7008547008547,549.039408866995,601.6384976525821,469.53389830508473,662.0838323353294,472.4417808219178,637.2510288065844,207.52941176470588,713.0772946859903,456.15817694369974,56.98954703832753,290.2216748768473
61,299.09183673469386,406.0357142857143,433.3478260869565,439.1185185185185,483.1533923303835,181.9252669039146,361.8284671532847,495.0422535211268,601.6321839080459,318.26027397260276,648.240174672489,432.6006389776358,526.6510638297873,494.87048192771084,573.9608695652174,658.8146341463415,485.58899676375404,369.02016129032256,483.7361111111111,581.3573770491803,469.7121951219512,542.3207547169811,458.93723849372384,329.2406015037594,411.6268656716418,536.5111111111111,599.7248062015503,463.247619047619,705.1256038647343,500.91902834008096,536.429104477612,399.63953488372096,444.3730886850153,655.9260700389106,575.9090909090909,146.95098039215685,434.893470790378,447.80694980694983,572.4186046511628,598.801393728223,539.4558823529412,733.1443298969073,304.60645161290324,237.6909090909091,419.70758122743683,900.8646616541354,708.0278884462151,491.1024734982332,542.5887445887446,238.06896551724137,669.8595744680852,429.95522388059703,305.6918032786885,716.9604743083004,694.945652173913,621.156862745098,455.4,203.59288537549406,498.5869565217391,739.677130044843,522.5512820512821,371.39312977099235,625.0805687203791,675.7634854771784,351.2304964539007,393.9579439252336,387.77777777777777,605.2207792207793,585.1400778210117,665.2290748898679,298.0078431372549,545.9214659685864,562.1422018348624,436.17840375586854,339.03225806451616,677.9908675799087,377.51660516605165,288.27513227513225,519.9855072463768,411.0,562.1589743589743,579.0353982300885,718.1296296296297,56.58232931726908,383.1710037174721,143.27372262773721,532.3208333333333,391.07567567567565,542.1410256410256,475.89162561576353,475.9389671361502,451.6398305084746,593.754491017964,479.9760273972603,602.366255144033,182.34558823529412,692.671497584541,445.78552278820376,49.78397212543554,279.2807881773399
62,286.39115646258506,396.64642857142854,420.32411067193675,424.3703703703704,473.1533923303835,176.4555160142349,366.992700729927,483.3755868544601,624.1992337164751,326.34589041095893,625.6550218340611,424.0670926517572,498.7063829787234,485.63253012048193,573.1782608695652,676.170731707317,484.29126213592235,339.64516129032256,474.9861111111111,584.5180327868852,427.01951219512193,529.562893081761,451.7531380753138,330.40977443609023,404.6119402985075,535.2825396825397,585.8372093023256,440.18095238095236,738.2222222222222,493.3400809716599,533.6194029850747,377.76356589147287,434.55045871559633,632.9961089494163,537.2252964426877,129.10294117647058,438.6735395189003,452.980694980695,568.0813953488372,588.5296167247387,533.9705882352941,765.5257731958762,308.6774193548387,290.3212121212121,404.14440433212997,928.1203007518797,707.2629482071713,481.14840989399295,535.7316017316017,198.98029556650246,672.8382978723404,420.72014925373134,293.5868852459016,728.8063241106719,698.9347826086956,594.443137254902,445.91,177.7905138339921,496.42934782608694,728.1614349775784,530.1410256410256,369.01908396946567,604.085308056872,664.6639004149378,353.6737588652482,366.82710280373834,385.81944444444446,604.7532467532468,616.171206225681,653.7180616740088,277.87450980392157,571.4816753926701,564.6284403669724,403.7230046948357,318.78709677419357,635.2283105022831,379.409594095941,307.25396825396825,550.9884057971014,416.62015503875966,581.9897435897436,579.1637168141593,714.949074074074,51.93975903614458,407.8475836431227,146.08029197080293,502.5541666666667,413.84864864864863,544.7393162393163,465.38916256157637,544.2769953051643,447.4449152542373,586.9041916167664,457.22945205479454,626.9341563786008,171.2941176470588,664.6328502415458,460.3646112600536,48.01045296167247,258.9162561576355
63,303.5,386.67857142857144,383.27272727272725,407.4037037037037,468.94985250737466,168.34163701067615,373.0729927007299,486.0892018779343,618.2911877394636,313.13698630136986,630.349344978166,420.6038338658147,453.11914893617023,484.38253012048193,550.6434782608695,650.6780487804878,502.8608414239482,333.36290322580646,452.9236111111111,559.8163934426229,440.9219512195122,525.1666666666666,453.30543933054395,327.57142857142856,392.4378109452736,515.504761904762,557.8527131782946,427.1380952380952,696.1497584541063,486.46153846153845,534.3395522388059,366.3062015503876,444.3639143730887,604.8015564202335,551.7865612648221,121.91176470588235,436.1408934707904,434.9227799227799,575.437984496124,599.8083623693379,558.7352941176471,656.3917525773196,320.14193548387095,208.66666666666666,411.5090252707581,904.9736842105264,720.2868525896414,476.9187279151943,509.5541125541126,208.76847290640393,660.8595744680852,441.7574626865672,279.527868852459,710.0671936758894,653.5978260869565,583.8705882352941,452.105,165.3913043478261,491.57608695652175,737.0044843049327,526.7435897435897,351.87404580152673,554.2511848341233,680.3319502074689,367.1276595744681,320.13084112149534,362.6574074074074,599.7705627705627,605.6303501945525,682.1277533039647,266.75686274509803,542.2670157068063,576.105504587156,367.23943661971833,337.2,593.3972602739726,372.9889298892989,357.2857142857143,542.7652173913043,419.78682170542635,627.0974358974358,569.6946902654868,671.5972222222222,48.15261044176707,384.1115241635688,134.75547445255475,553.8458333333333,403.35675675675674,549.8675213675214,454.13793103448273,404.0610328638498,429.35593220338984,600.3712574850299,446.8527397260274,626.1975308641976,174.56617647058823,605.536231884058,467.2815013404826,45.825783972125436,228.20689655172413
64,314.4965986394558,544.6607142857143,401.8300395256917,429.76296296296294,482.14454277286137,166.12455516014234,345.7043795620438,513.2676056338029,625.4252873563219,308.5993150684931,629.4585152838428,423.45686900958464,445.9914893617021,504.35843373493975,551.5521739130435,624.2975609756097,504.9482200647249,352.9717741935484,482.8263888888889,575.6819672131147,436.9951219512195,539.6981132075472,481.7029288702929,347.2293233082707,403.13432835820896,522.0380952380953,527.7248062015503,423.15238095238095,705.8357487922706,475.2267206477733,576.0410447761194,389.2403100775194,443.10091743119267,618.6964980544747,565.5533596837945,125.98039215686275,423.83161512027493,426.26640926640925,578.3759689922481,613.2613240418118,532.75,685.6030927835052,321.98387096774195,227.6787878787879,404.17328519855596,923.3383458646616,751.2111553784861,462.90812720848055,509.16017316017314,207.0935960591133,650.0085106382978,438.4179104477612,280.37377049180327,741.6086956521739,694.2336956521739,583.6901960784314,439.98,158.12252964426878,487.1847826086956,734.7578475336323,578.6068376068376,368.4083969465649,550.0094786729858,665.6970954356847,376.09929078014187,334.8457943925234,328.56944444444446,614.2337662337662,598.9961089494163,671.4625550660793,300.8862745098039,588.4921465968587,620.1284403669724,305.57276995305165,367.68387096774194,563.634703196347,398.80073800738006,286.95238095238096,530.3710144927536,406.1434108527132,572.4717948717948,584.3982300884956,645.3101851851852,59.88353413654618,406.35687732342006,149.27007299270073,543.4875,402.62702702702705,528.534188034188,415.7487684729064,352.6056338028169,435.0635593220339,564.9580838323353,450.0,611.3786008230453,178.31617647058823,653.256038647343,412.1930294906166,68.78048780487805,228.69458128078819
65,316.7074829931973,490.64285714285717,401.40316205533594,437.35925925925926,503.07964601769913,173.60142348754448,353.4270072992701,519.2769953051643,590.2337164750958,312.8527397260274,597.8471615720524,392.31629392971246,432.37021276595743,504.921686746988,529.7608695652174,623.7853658536585,499.3495145631068,363.1491935483871,459.4895833333333,584.4229508196721,432.9317073170732,495.97169811320754,473.0794979079498,360.8984962406015,378.59203980099505,511.75873015873015,518.8527131782946,422.3666666666667,701.1207729468599,493.57894736842104,549.8843283582089,403.8062015503876,431.31804281345563,617.023346303502,513.4743083003953,121.73039215686275,431.3127147766323,444.0,556.8837209302326,551.4006968641115,545.4313725490196,651.8092783505155,325.43225806451613,229.3212121212121,402.3140794223827,943.093984962406,702.6414342629482,468.01413427561835,494.87012987012986,223.40886699507388,633.1531914893617,453.3768656716418,259.9967213114754,670.6363636363636,697.8804347826087,595.0666666666667,423.32,145.6600790513834,465.6467391304348,701.9282511210762,583.3675213675214,374.90458015267177,574.260663507109,618.8547717842324,362.36170212765956,356.1588785046729,324.09722222222223,574.8354978354978,553.3385214007782,662.7268722466961,284.9529411764706,599.4136125654451,659.2064220183486,258.7323943661972,338.21612903225804,559.8538812785388,376.9409594095941,299.2645502645503,487.55652173913046,411.31007751937983,581.7282051282051,533.0486725663717,652.1157407407408,70.0,418.2007434944238,132.3175182481752,506.84166666666664,416.12432432432433,532.7905982905983,400.0738916256158,373.69483568075117,453.26271186440675,534.6826347305389,431.986301369863,565.5020576131687,176.0,597.4106280193237,423.03217158176943,73.6411149825784,223.61576354679804
66,320.93197278911566,425.1642857142857,426.8616600790514,428.8925925925926,534.8761061946902,196.9608540925267,362.0875912408759,505.18779342723,578.8888888888889,316.27054794520546,552.1572052401747,364.9712460063898,446.77872340425535,510.6114457831325,509.1608695652174,612.0975609756098,474.3851132686084,389.4556451612903,444.30555555555554,568.2065573770492,423.9756097560976,483.08490566037733,465.8410041841004,384.9736842105263,350.96019900497515,538.4507936507937,491.8720930232558,426.0952380952381,661.1980676328502,490.9230769230769,509.2014925373134,388.8837209302326,411.08868501529054,568.6692607003891,494.2806324110672,127.49509803921569,439.4810996563574,455.73745173745175,502.0658914728682,534.1080139372822,521.7009803921569,650.7525773195877,335.041935483871,251.16969696969696,401.5523465703971,918.5864661654135,678.9243027888447,448.9929328621908,474.6190476190476,199.2512315270936,589.9617021276596,457.43283582089555,317.7081967213115,623.1818181818181,686.8858695652174,551.2313725490196,405.375,156.31225296442688,455.67391304347825,672.6816143497758,607.8418803418804,383.75954198473283,561.3933649289099,564.6307053941908,366.09574468085106,334.18224299065423,335.037037037037,538.1515151515151,513.3929961089494,615.1850220264317,286.52156862745096,639.9738219895288,699.6330275229358,222.61971830985917,346.0,444.26940639269407,387.79335793357933,285.67724867724866,462.9942028985507,443.06201550387595,582.4051282051282,559.8185840707964,614.1574074074074,66.54618473895583,415.81412639405204,136.93795620437956,619.6916666666667,403.7351351351351,472.8162393162393,418.1773399014778,650.0985915492957,459.521186440678,523.7245508982036,467.39383561643837,567.5390946502058,172.1764705882353,591.0193236714975,495.21983914209113,76.68989547038328,234.86206896551724
67,313.65646258503403,380.75357142857143,429.798418972332,412.52222222222224,512.5162241887906,177.58007117437722,357.44525547445255,491.52582159624416,554.6896551724138,319.1506849315069,536.2096069868995,362.45367412140575,447.25957446808513,483.9457831325301,508.8565217391304,610.7317073170732,466.33009708737865,362.15725806451616,455.1736111111111,543.8,438.99024390243903,479.94025157232704,452.8410041841004,384.812030075188,394.67164179104475,514.6031746031746,522.1007751937984,408.4428571428571,652.5169082125603,491.99595141700405,524.7649253731344,384.11240310077517,400.914373088685,542.136186770428,512.99604743083,115.93137254901961,425.9621993127148,477.9227799227799,497.5891472868217,535.184668989547,460.7647058823529,604.8762886597938,352.2548387096774,209.78181818181818,416.72563176895306,920.9699248120301,660.2948207171315,421.773851590106,477.67965367965365,240.41379310344828,558.8765957446808,469.0410447761194,323.8032786885246,596.5138339920949,663.0217391304348,516.0431372549019,385.815,152.76284584980237,438.39130434782606,637.3497757847533,632.9615384615385,399.96564885496184,533.1563981042653,570.0207468879668,390.79432624113474,339.5981308411215,319.68981481481484,539.8571428571429,445.74708171206225,602.7533039647577,276.89803921568625,659.7748691099476,675.2935779816514,194.6244131455399,351.31612903225806,505.94520547945206,384.7638376383764,243.73544973544975,451.3072463768116,435.0813953488372,544.3025641025641,523.9778761061947,596.8472222222222,74.04417670682732,448.1710037174721,126.80656934306569,461.1875,418.9189189189189,493.96153846153845,353.9162561576355,357.2676056338028,467.16101694915255,488.68263473053895,476.3595890410959,532.9629629629629,164.86029411764707,517.0628019323672,396.8230563002681,76.96864111498257,210.3743842364532
68,296.6054421768707,358.4357142857143,438.4664031620553,399.1740740740741,494.10914454277287,173.6370106761566,345.9963503649635,459.34272300469485,542.904214559387,325.81164383561645,550.3973799126637,345.59744408945687,420.4936170212766,466.18674698795184,500.31739130434784,564.1951219512196,456.3851132686084,363.375,441.64930555555554,517.4196721311475,387.10731707317075,459.07232704402514,464.01673640167365,364.187969924812,387.7860696517413,492.45396825396824,488.07751937984494,407.2809523809524,605.304347826087,497.08097165991904,488.05970149253733,379.6511627906977,405.74311926605503,533.988326848249,507.9169960474308,97.63235294117646,448.3848797250859,452.3088803088803,474.3992248062016,524.8188153310105,464.7450980392157,566.5360824742268,408.22903225806454,184.27272727272728,425.54512635379064,885.9586466165414,632.1195219123506,405.92226148409895,454.97402597402595,202.2216748768473,546.663829787234,472.25,277.8524590163934,555.8418972332016,611.2173913043479,524.5764705882353,388.395,139.26482213438734,432.91847826086956,599.677130044843,639.0940170940171,360.4541984732824,546.9810426540284,582.4315352697096,389.35460992907804,333.7429906542056,272.73148148148147,526.4242424242424,395.579766536965,545.1894273127754,277.2470588235294,635.0942408376964,611.0871559633027,171.8450704225352,353.93225806451613,466.6027397260274,377.23247232472323,204.75132275132276,429.3884057971014,428.44573643410854,536.7589743589743,520.641592920354,527.0185185185185,75.19678714859438,415.25278810408923,133.55474452554745,437.3208333333333,408.17297297297296,492.55982905982904,373.14285714285717,523.4178403755868,507.76271186440675,520.7365269461078,483.8013698630137,507.4526748971193,155.8125,452.1014492753623,438.6836461126005,74.82578397212544,212.40886699507388
69,291.6224489795918,342.725,440.59683794466406,396.6,459.4513274336283,180.2064056939502,340.7445255474453,442.2957746478873,511.0383141762452,317.7842465753425,528.4803493449782,331.6964856230032,432.4595744680851,457.36746987951807,470.03913043478263,570.009756097561,452.2459546925566,361.39516129032256,435.77777777777777,479.6918032786885,368.1707317073171,419.8364779874214,435.673640167364,351.00375939849624,428.7910447761194,474.7047619047619,491.1240310077519,389.93333333333334,615.0048309178744,485.4817813765182,476.44776119402985,386.1279069767442,401.41284403669727,472.42412451361866,494.5296442687747,113.28921568627452,427.15807560137455,440.003861003861,454.36046511627904,489.2229965156794,461.4313725490196,495.14948453608247,401.0451612903226,170.33333333333334,418.56317689530687,827.1428571428571,584.6254980079681,398.4381625441696,445.2121212121212,267.0197044334975,517.1914893617021,444.6940298507463,271.5967213114754,527.8142292490119,594.2608695652174,524.9960784313726,408.83,133.6798418972332,438.4945652173913,549.6860986547085,658.8418803418804,365.96946564885496,554.9052132701422,570.8174273858921,390.57092198581563,361.8224299065421,264.2824074074074,502.5844155844156,363.35019455252916,570.3964757709251,282.8588235294118,635.0157068062828,643.3394495412844,155.91079812206573,375.5064516129032,520.6301369863014,373.18819188191884,223.12698412698413,403.88695652173914,398.9922480620155,544.3230769230769,507.96902654867256,480.7916666666667,60.795180722891565,391.14869888475835,137.2080291970803,410.65833333333336,417.0810810810811,470.482905982906,374.44827586206895,352.03286384976525,531.8813559322034,506.8922155688623,654.3527397260274,491.5102880658436,153.97794117647058,498.70531400966183,364.0107238605898,74.21951219512195,223.84729064039408
70,295.4421768707483,331.6821428571429,445.6363636363636,408.0,453.5132743362832,181.90747330960855,343.014598540146,443.7323943661972,498.60536398467434,323.1472602739726,497.73799126637556,353.7252396166134,472.81702127659577,450.59939759036143,464.6434782608696,566.1658536585365,446.4854368932039,364.19354838709677,454.44444444444446,459.02950819672134,418.58048780487803,421.3301886792453,437.98744769874475,356.2142857142857,409.32835820895525,455.8825396825397,505.33720930232556,399.64761904761906,571.487922705314,492.7287449392713,481.56716417910445,395.76356589147287,397.4892966360856,482.08949416342415,528.6166007905139,110.27450980392157,436.45360824742266,477.7567567567568,451.2170542635659,451.62369337979095,457.21078431372547,492.29896907216494,384.96451612903223,182.97575757575757,426.44043321299637,803.7593984962406,590.9800796812749,424.2155477031802,454.969696969697,304.1773399014778,561.9531914893618,454.0970149253731,279.11803278688524,509.20553359683794,581.2880434782609,516.4627450980392,431.29,127.07114624505928,461.25,544.609865470852,680.0982905982906,391.9541984732824,537.8957345971564,601.6058091286307,390.31205673758865,399.4859813084112,292.10185185185185,480.8917748917749,371.8793774319066,594.9251101321586,278.2549019607843,604.6178010471205,655.2110091743119,137.49295774647888,357.53225806451616,526.6986301369863,399.2472324723247,215.2116402116402,410.11884057971014,417.85271317829455,522.3128205128205,505.61504424778764,462.60648148148147,55.01606425702811,425.13754646840147,124.7919708029197,573.2958333333333,391.8702702702703,534.9615384615385,361.3645320197044,540.3896713615023,551.9449152542373,536.6646706586827,742.9657534246576,492.0082304526749,164.3860294117647,484.57487922705315,370.2707774798928,59.4808362369338,200.5270935960591
71,281.96938775510205,325.4535714285714,408.201581027668,371.18888888888887,439.8407079646018,181.21708185053382,343.54014598540147,419.2018779342723,481.27969348659,314.41438356164383,463.49344978165936,347.297124600639,479.6595744680851,435.2530120481928,465.6608695652174,539.4341463414634,423.86407766990294,381.491935483871,446.19444444444446,447.6688524590164,391.8292682926829,423.95911949685535,416.7029288702929,344.42857142857144,388.39800995024876,421.0,510.1589147286822,384.4238095238095,546.8260869565217,477.37651821862346,469.88432835820896,412.07751937984494,388.9724770642202,485.15175097276267,534.0474308300395,102.6470588235294,464.1890034364261,477.6216216216216,441.2403100775194,408.85714285714283,455.52450980392155,458.7216494845361,420.39677419354837,181.3151515151515,414.2129963898917,782.6203007518797,548.609561752988,412.886925795053,446.7835497835498,296.1527093596059,555.6255319148936,462.660447761194,272.4754098360656,498.44664031620556,593.2934782608696,508.4901960784314,449.68,124.5494071146245,452.2826086956522,554.9596412556053,706.2136752136752,416.8396946564886,549.2985781990521,584.0746887966804,411.77659574468083,425.48130841121497,275.80555555555554,462.54978354978357,360.9182879377432,584.1850220264317,280.87450980392157,593.2565445026178,660.9495412844037,124.61032863849765,363.5451612903226,494.337899543379,392.88560885608854,196.35449735449737,403.32753623188404,413.19767441860466,496.625641025641,467.82300884955754,441.02777777777777,59.98393574297189,405.2007434944238,135.28832116788323,448.25416666666666,407.0486486486486,497.6068376068376,289.7389162561576,344.1643192488263,576.2457627118644,540.7005988023952,870.9760273972603,490.81069958847735,161.56985294117646,502.4492753623188,373.4745308310992,62.00696864111498,181.35960591133005
72,267.23809523809524,314.8178571428571,413.32806324110675,377.18888888888887,447.82300884955754,181.53024911032028,325.2810218978102,411.1267605633803,484.4712643678161,308.0993150684931,435.9956331877729,339.6038338658147,471.2,424.0572289156627,465.0695652173913,515.2731707317073,409.02265372168284,355.66129032258067,429.28819444444446,458.2393442622951,398.11219512195123,398.94025157232704,419.7531380753138,319.5375939849624,406.9651741293532,433.46666666666664,466.74418604651163,385.247619047619,540.6376811594203,470.96356275303646,477.27985074626866,416.51162790697674,382.60550458715596,461.8599221789883,537.6086956521739,130.94117647058823,504.0962199312715,472.4942084942085,442.37984496124034,382.26132404181186,484.0637254901961,393.9587628865979,442.86129032258066,157.43030303030304,400.21660649819495,762.2481203007519,525.7330677290837,416.8975265017668,471.2900432900433,356.11330049261085,564.0297872340426,500.7014925373134,262.8950819672131,473.2806324110672,608.2173913043479,528.878431372549,479.39,129.03557312252966,450.9619565217391,549.5874439461884,723.5683760683761,411.81297709923666,569.218009478673,552.3485477178423,396.37943262411346,411.05607476635515,263.60648148148147,438.6666666666667,343.76653696498056,551.5638766519824,308.2549019607843,603.3664921465969,650.4908256880734,120.84976525821597,388.96451612903223,440.82191780821915,383.0332103321033,224.6931216931217,400.2695652173913,421.86046511627904,505.6666666666667,461.63274336283183,418.2037037037037,53.967871485943775,423.73977695167287,142.72627737226279,469.775,427.02162162162165,645.9059829059829,445.7487684729064,429.7042253521127,558.8432203389831,538.0958083832336,738.3630136986301,477.18106995884773,178.81985294117646,564.6859903381643,357.2252010723861,59.22299651567944,384.3694581280788
73,258.3333333333333,310.37857142857143,396.4387351778656,350.1259259259259,428.3185840707965,176.71530249110322,320.6788321167883,385.5492957746479,463.4176245210728,310.8664383561644,414.528384279476,340.2108626198083,456.11489361702127,418.08734939759034,435.0652173913044,480.73658536585367,407.40776699029124,337.1491935483871,417.0138888888889,446.21967213114755,409.18536585365854,403.4685534591195,402.1380753138075,346.1616541353383,417.19900497512435,418.6857142857143,475.0387596899225,376.64761904761906,518.0917874396135,462.0161943319838,467.00373134328356,394.47286821705427,384.02446483180427,479.52140077821014,530.4150197628459,129.7058823529412,561.9347079037801,474.4980694980695,432.6085271317829,382.6759581881533,463.73039215686276,342.0927835051546,472.7806451612903,152.6909090909091,430.69314079422384,720.8872180451128,537.7410358565737,407.2791519434629,480.90909090909093,299.7389162561576,549.4638297872341,529.455223880597,247.2327868852459,450.3122529644269,595.625,540.7058823529412,455.265,131.2490118577075,469.6195652173913,539.5022421524664,706.1282051282051,454.9580152671756,567.8056872037914,544.1742738589212,402.18794326241135,411.0747663551402,254.74537037037038,417.46753246753246,320.57587548638134,554.3171806167401,290.0980392156863,587.0471204188482,652.1605504587156,106.12206572769954,381.4161290322581,459.1506849315069,402.25830258302585,201.32275132275132,392.7275362318841,421.3565891472868,521.9384615384615,443.1106194690266,377.43055555555554,48.31726907630522,432.57620817843866,143.1934306569343,443.575,427.2972972972973,500.71794871794873,376.2216748768473,301.15962441314554,557.1610169491526,619.4131736526946,754.3493150684932,445.5679012345679,184.51470588235293,512.4975845410628,364.57372654155495,57.8397212543554,201.38916256157634
74,272.68367346938777,318.2607142857143,374.4703557312253,343.07037037037037,430.89085545722713,176.932384341637,314.3321167883212,383.60093896713613,438.3984674329502,311.472602739726,395.117903930131,339.6709265175719,483.11914893617023,403.2590361445783,432.3478260869565,443.62439024390244,394.44336569579286,314.6209677419355,404.7326388888889,460.26229508196724,404.13170731707316,396.1509433962264,392.2384937238494,332.5075187969925,327.23880597014926,394.1047619047619,482.85271317829455,380.82380952380953,484.75845410628017,448.35222672064776,458.32462686567163,372.1782945736434,372.59327217125383,464.9805447470817,530.5849802371541,116.2156862745098,779.2920962199313,471.36293436293437,423.27906976744185,371.8292682926829,444.19117647058823,292.69072164948454,411.8516129032258,117.72121212121212,421.6823104693141,698.1052631578947,516.2111553784861,391.74558303886926,486.38961038961037,230.1576354679803,579.0042553191489,581.3582089552239,259.17704918032786,471.3636363636364,578.3641304347826,541.0313725490196,430.315,142.72332015810278,462.625,524.6726457399103,699.034188034188,548.5381679389313,555.0189573459716,443.83402489626553,431.71276595744683,375.06542056074767,275.8009259259259,414.4848484848485,299.4124513618677,526.4845814977973,306.7372549019608,640.9947643979058,580.5550458715596,122.28169014084507,337.8322580645161,536.1415525114155,392.87453874538744,221.17989417989418,388.48985507246374,410.3062015503876,505.5948717948718,409.25221238938053,362.3425925925926,57.76706827309237,446.4460966542751,122.83941605839416,472.3666666666667,434.1459459459459,565.1880341880342,321.7733990147783,491.3333333333333,524.4618644067797,559.9281437125749,806.2705479452055,428.74074074074076,175.4191176470588,473.31400966183577,351.8605898123324,56.257839721254356,189.5320197044335
75,235.29591836734693,303.60714285714283,363.60474308300394,325.93703703703704,400.56342182890853,171.3594306049822,276.3029197080292,348.84976525821594,419.4406130268199,292.06164383561645,383.764192139738,314.30990415335464,479.8085106382979,373.5210843373494,433.25217391304346,424.00975609756097,381.4271844660194,324.2943548387097,392.3645833333333,446.9377049180328,416.7219512195122,406.37735849056605,359.72803347280336,328.703007518797,279.70646766169153,403.94920634920635,459.3410852713178,387.35238095238094,481.42512077294685,440.2955465587045,423.67537313432837,373.8062015503876,380.5810397553517,424.9649805447471,497.3833992094862,111.92647058823529,765.3951890034364,477.58301158301157,400.2403100775194,352.5331010452962,417.22549019607845,268.72680412371136,354.36129032258066,105.2,400.057761732852,668.2406015037594,490.9163346613546,397.7879858657244,502.45887445887445,188.87192118226602,530.8765957446808,506.910447761194,259.1344262295082,436.9604743083004,561.8695652173913,535.4196078431372,382.995,145.62845849802372,451.51630434782606,489.2421524663677,630.5769230769231,455.46564885496184,556.9668246445498,517.5767634854772,415.5248226950355,369.79906542056074,276.31018518518516,402.90909090909093,281.9260700389105,467.0748898678414,289.1411764705882,574.1989528795812,549.4220183486239,100.55868544600939,360.0774193548387,386.6027397260274,385.69741697416976,210.57671957671957,374.7594202898551,387.9767441860465,491.7025641025641,405.80973451327435,356.087962962963,53.31726907630522,466.7769516728625,107.33211678832117,452.2875,429.35675675675674,533.3717948717949,367.9655172413793,353.11737089201876,618.8813559322034,537.1377245508982,582.1575342465753,403.6831275720165,156.87867647058823,440.3478260869565,375.68900804289547,60.62020905923345,212.72413793103448
76,213.74149659863946,295.83214285714286,337.4110671936759,313.9851851851852,380.1976401179941,167.40213523131672,258.64963503649636,338.47417840375584,404.48275862068965,310.7328767123288,373.0480349344978,301.7220447284345,450.26808510638296,369.421686746988,416.4,433.74146341463415,371.66990291262135,318.4233870967742,375.1354166666667,425.08852459016396,358.1463414634146,380.67610062893084,355.3347280334728,338.7706766917293,270.92537313432837,382.8285714285714,440.8410852713178,362.62380952380954,454.048309178744,437.6599190283401,429.99626865671644,343.99612403100775,382.41590214067276,387.4124513618677,466.5138339920949,93.15686274509804,667.340206185567,460.6949806949807,404.50387596899225,355.38327526132406,381.6862745098039,244.60824742268042,326.85806451612905,117.25454545454545,425.6425992779783,643.0075187969925,472.65338645418325,394.63250883392226,484.9004329004329,158.2807881773399,562.0765957446808,498.2313432835821,282.51475409836064,436.39525691699606,567.4347826086956,510.57254901960783,447.77,139.9328063241107,466.20108695652175,475.5336322869955,601.4316239316239,396.8587786259542,566.6919431279621,462.8755186721992,413.0177304964539,358.36915887850466,278.5833333333333,398.3982683982684,281.57587548638134,475.726872246696,272.63529411764705,567.3455497382199,679.9954128440367,107.66197183098592,373.8516129032258,415.95433789954336,377.25830258302585,362.3809523809524,349.23478260869564,427.1511627906977,657.9794871794871,388.9734513274336,348.52777777777777,69.04417670682732,470.6691449814126,87.77007299270073,423.725,422.3621621621622,474.62393162393164,601.5812807881773,580.924882629108,558.2542372881356,641.3053892215569,519.5410958904109,387.89300411522635,140.09558823529412,473.14009661835746,303.5951742627346,63.742160278745644,194.61576354679804
77,413.9353741496599,473.1607142857143,490.85770750988144,501.4185185185185,571.0088495575221,536.4519572953736,453.478102189781,525.8638497652582,579.7432950191571,575.1267123287671,598.0349344978166,481.1214057507987,607.5787234042554,562.777108433735,604.8,616.1317073170732,565.9773462783171,524.1129032258065,532.0590277777778,610.8459016393442,551.5073170731707,570.2704402515724,514.6694560669456,339.99624060150376,492.2985074626866,558.7269841269841,454.531007751938,541.1952380952381,622.4009661835748,640.8663967611336,621.3917910447761,520.6046511627907,577.7798165137615,586.2256809338521,667.4308300395257,287.8529411764706,634.0962199312714,640.8146718146718,560.468992248062,527.8954703832752,561.2990196078431,431.1185567010309,514.2290322580645,297.75757575757575,533.4584837545126,795.8646616541354,641.8286852589641,672.2791519434629,668.5324675324675,358.8374384236453,810.2765957446809,688.8097014925373,443.327868852459,592.9683794466404,765.9402173913044,687.1882352941177,612.82,482.197628458498,656.8858695652174,635.7488789237668,747.8931623931624,736.9503816793894,726.5308056872038,667.2821576763486,598.2553191489362,531.1588785046729,473.27314814814815,572.6536796536797,455.8832684824903,651.9295154185022,469.27450980392155,766.717277486911,821.045871559633,291.83098591549293,566.0064516129032,638.2146118721461,565.8044280442805,442.87301587301585,523.4057971014493,627.2054263565891,700.4358974358975,569.6592920353983,505.99074074074076,259.69477911646584,624.9739776951673,277.65328467153284,584.1083333333333,615.7837837837837,671.3846153846154,596.1428571428571,667.075117370892,748.1949152542373,740.7964071856287,642.804794520548,563.119341563786,330.9742647058824,604.2705314009662,515.6219839142091,250.78745644599303,398.30049261083747
78,530.8877551020408,463.7392857142857,574.4505928853755,497.3703703703704,493.8879056047198,573.1138790035587,576.9416058394161,508.8356807511737,502.7088122605364,497.9931506849315,512.8908296943231,446.0447284345048,583.131914893617,533.4789156626506,620.2739130434783,529.8390243902439,511.21035598705504,340.27016129032256,493.18055555555554,385.2327868852459,606.1268292682927,590.0974842767296,437.2092050209205,433.6127819548872,509.0,574.7301587301587,524.7868217054264,603.947619047619,469.9903381642512,528.6234817813765,539.1753731343283,508.5658914728682,462.35168195718654,530.4980544747082,546.901185770751,531.3186274509804,684.487972508591,549.1428571428571,527.5348837209302,511.62717770034845,627.3725490196078,543.4123711340206,466.0290322580645,484.91515151515154,708.5018050541516,571.9661654135339,552.0557768924302,530.7950530035336,617.6623376623377,568.64039408867,607.3914893617022,576.7835820895523,616.8491803278689,497.3359683794466,502.4619565217391,552.2941176470588,297.715,749.0553359683795,638.4728260869565,650.3139013452915,586.982905982906,715.4427480916031,412.5876777251185,655.643153526971,590.2092198581561,463.64953271028037,311.52777777777777,606.1601731601731,549.1167315175097,683.7180616740088,342.6745098039216,590.869109947644,749.454128440367,556.0046948356808,569.7935483870967,671.9589041095891,564.1623616236162,650.021164021164,734.7826086956521,597.1860465116279,566.2923076923076,582.8053097345132,447.662037037037,350.87951807228916,558.3271375464684,387.1715328467153,629.65,313.63243243243244,719.2222222222222,461.5665024630542,693.62441314554,602.1737288135594,605.2215568862275,613.2431506849315,547.7283950617284,488.16911764705884,539.5555555555555,528.1206434316354,239.38327526132403,574.551724137931
79,538.8911564625851,404.4392857142857,515.098814229249,532.3148148148148,512.2743362831858,566.7722419928825,469.68978102189783,516.1173708920188,482.33716475095787,582.2739726027397,492.31004366812226,392.1821086261981,522.4170212765957,446.6686746987952,557.7565217391304,475.33658536585364,441.0129449838188,457.01209677419354,412.71180555555554,428.6360655737705,520.0926829268293,542.5911949685535,458.68619246861925,301.7481203007519,477.35820895522386,480.05396825396826,478.1007751937984,464.65238095238095,440.30434782608694,596.4048582995952,510.55970149253733,382.7751937984496,520.5076452599388,526.6692607003891,587.0711462450593,617.6960784313726,618.6769759450171,497.02702702702703,521.7519379844962,467.7526132404181,565.8088235294117,534.4072164948453,444.63548387096773,522.7636363636364,531.3826714801444,525.4436090225564,538.1593625498008,575.2155477031802,496.23376623376623,528.0443349753695,594.4595744680851,527.9365671641791,560.8885245901639,523.399209486166,447.0271739130435,571.4627450980392,283.585,651.5612648221344,637.3532608695652,579.7892376681615,722.1111111111111,588.2748091603054,506.87203791469193,724.5186721991702,545.0886524822695,618.6448598130842,527.3055555555555,539.7272727272727,415.82101167315176,684.5859030837005,606.6901960784314,667.0,669.3577981651376,595.8215962441315,556.0774193548388,639.433789954338,675.210332103321,455.9470899470899,514.9130434782609,597.5930232558139,513.0974358974358,549.29203539823,484.5740740740741,465.06024096385545,560.8773234200744,383.3211678832117,579.4291666666667,449.2162162162162,674.4401709401709,486.55172413793105,605.7793427230047,614.0974576271186,437.94610778443115,665.0958904109589,523.6995884773662,519.0735294117648,608.2705314009662,492.89276139410185,238.60278745644598,476.95566502463055
80,547.6190476190476,399.4142857142857,477.1660079051383,506.89629629629627,468.7669616519174,533.5551601423488,495.2335766423358,507.63849765258215,467.2068965517241,527.1506849315068,479.1484716157205,387.10543130990413,535.9744680851064,448.4277108433735,456.10434782608695,471.5170731707317,427.36245954692555,468.5766129032258,372.78472222222223,420.9573770491803,459.81951219512194,521.566037735849,438.56066945606693,382.4172932330827,502.50248756218906,506.768253968254,451.2480620155039,496.3142857142857,428.19323671497585,444.7651821862348,484.2425373134328,461.8720930232558,494.86238532110093,509.26070038910507,558.9881422924901,481.5833333333333,535.9106529209622,589.3590733590734,509.18992248062017,453.0696864111498,587.3088235294117,506.25773195876286,531.5290322580645,519.5090909090909,528.7292418772563,501.4436090225564,513.0677290836653,582.9328621908127,547.6233766233767,509.3694581280788,552.6978723404255,599.3358208955224,548.7770491803278,525.8260869565217,570.6358695652174,586.7019607843138,506.04,542.600790513834,377.19565217391306,544.7354260089686,707.8247863247864,648.5763358778626,269.81516587677726,805.0414937759336,580.2765957446809,544.1542056074767,400.5787037037037,531.6363636363636,410.52918287937746,528.1806167400881,605.2117647058824,727.8638743455498,698.2706422018349,400.09859154929575,548.2645161290322,590.2009132420092,402.0332103321033,602.5873015873016,496.8898550724638,655.1395348837209,620.4205128205128,558.2035398230089,472.68055555555554,455.65060240963857,600.553903345725,455.7883211678832,512.575,586.8378378378378,620.5384615384615,451.0689655172414,555.3098591549295,597.792372881356,528.5748502994012,683.4965753424658,502.4897119341564,383.73161764705884,578.9371980676328,473.5254691689008,253.37282229965157,532.2512315270936
81,513.578231292517,384.85357142857146,473.00395256916994,501.8703703703704,461.3598820058997,478.6405693950178,467.6861313868613,496.62910798122067,464.7547892720307,453.9178082191781,458.51528384279476,390.71246006389777,525.8595744680852,437.46385542168673,451.2,486.22439024390246,412.3948220064725,472.6209677419355,391.25694444444446,415.81639344262294,422.22926829268295,506.6446540880503,426.6610878661088,515.1541353383459,497.7960199004975,448.15238095238095,497.45348837209303,480.98571428571427,425.65700483091786,457.03643724696354,478.7761194029851,461.72093023255815,484.15290519877675,495.147859922179,534.9249011857708,491.0735294117647,353.0446735395189,594.6100386100386,490.4922480620155,451.03484320557493,553.9411764705883,437.2680412371134,466.758064516129,482.57575757575756,547.4945848375452,499.2857142857143,502.47410358565736,554.8303886925795,551.6233766233767,524.0246305418719,540.9787234042553,607.0111940298508,541.6688524590164,517.7588932806324,574.7065217391304,539.2039215686275,488.915,517.8142292490119,395.58152173913044,529.1479820627802,714.457264957265,611.824427480916,282.6777251184834,834.551867219917,499.4255319148936,558.5046728971963,368.4675925925926,514.7835497835498,407.408560311284,567.6563876651983,571.4941176470588,708.738219895288,683.2339449541284,385.52582159624416,513.8225806451613,566.2648401826484,465.619926199262,586.5449735449736,494.8521739130435,646.1782945736434,575.8564102564103,538.0088495575221,456.48148148148147,458.6425702811245,569.3977695167287,442.53284671532845,513.0833333333334,556.3945945945947,572.4230769230769,429.5665024630542,532.131455399061,560.0127118644068,477.3952095808383,621.1438356164383,487.4115226337449,371.86764705882354,546.4734299516908,461.88739946380696,248.68641114982577,500.99014778325125
82,530.4727891156463,382.01428571428573,428.0513833992095,499.25555555555553,489.2507374631268,440.1459074733096,459.9124087591241,438.2957746478873,477.6551724137931,482.986301369863,430.77292576419217,388.444089456869,439.15744680851066,445.95180722891564,534.7782608695652,440.8292682926829,406.8705501618123,485.8709677419355,446.1458333333333,438.84262295081965,478.08780487804876,327.5377358490566,428.45188284518827,527.2218045112782,470.65671641791045,451.9301587301587,502.31007751937983,470.6380952380952,452.22705314009664,522.2024291497976,401.4776119402985,493.55426356589146,473.3119266055046,504.17898832684824,489.77470355731225,504.8578431372549,335.0927835051546,628.6061776061777,491.5658914728682,453.76655052264806,552.4754901960785,440.3144329896907,477.90645161290325,473.1757575757576,509.54512635379064,468.0263157894737,469.1394422310757,516.8409893992933,564.8787878787879,517.832512315271,577.204255319149,594.4776119402985,534.8360655737705,507.0513833992095,470.8804347826087,481.15294117647056,514.395,508.5177865612648,610.9510869565217,541.3049327354261,527.8205128205128,597.3282442748092,467.06635071090045,576.9792531120332,498.5744680851064,567.9485981308411,265.18518518518516,495.87012987012986,387.1400778210117,817.3083700440528,579.2980392156862,381.34031413612564,678.2293577981651,562.5586854460093,542.6193548387097,600.8219178082192,482.1549815498155,417.35449735449737,507.5420289855073,719.5813953488372,535.5897435897435,511.79646017699116,435.85185185185185,458.7831325301205,562.7806691449814,391.94160583941607,539.6,399.23243243243246,546.1623931623932,497.74384236453204,580.3145539906103,556.707627118644,474.0658682634731,613.1267123287671,474.99588477366257,454.2720588235294,485.2512077294686,469.73994638069706,237.33797909407664,511.1773399014778
83,524.9353741496599,399.1,398.1106719367589,495.3037037037037,457.60766961651916,392.8932384341637,449.54744525547443,456.943661971831,473.57471264367814,470.708904109589,445.26637554585153,381.297124600639,453.34893617021277,434.17469879518075,529.8826086956522,419.89268292682925,437.3495145631068,483.1008064516129,447.86805555555554,428.1967213114754,465.9560975609756,328.3867924528302,409.60669456066944,496.0,451.71144278606965,436.1777777777778,468.1085271317829,482.0,472.4975845410628,503.64777327935224,389.339552238806,485.9496124031008,453.28134556574923,451.0739299610895,462.7470355731225,547.906862745098,330.0446735395189,636.1274131274131,484.4186046511628,434.08710801393727,554.7745098039215,451.8814432989691,482.3516129032258,522.3333333333334,493.72202166064983,445.26691729323306,449.34661354581675,491.56890459363956,544.8095238095239,512.1477832512315,537.1872340425532,588.0410447761194,489.6032786885246,475.3833992094862,461.85869565217394,468.4549019607843,526.695,505.92490118577075,580.1521739130435,502.5829596412556,504.34615384615387,591.7977099236641,463.73933649289097,527.3485477178423,478.3262411347518,539.2056074766355,272.30555555555554,480.004329004329,382.591439688716,669.7709251101321,529.2980392156862,388.6387434554974,639.394495412844,566.1408450704225,507.6161290322581,552.9132420091324,483.05535055350555,416.1216931216931,465.51014492753626,704.6744186046511,526.1897435897436,506.7300884955752,429.56944444444446,452.1847389558233,564.3382899628252,365.521897810219,506.4,400.65945945945947,529.0,492.5418719211823,517.1971830985915,506.8474576271187,429.58682634730536,628.8082191780821,471.2510288065844,452.2977941176471,497.2995169082126,453.02949061662196,241.73867595818814,470.1527093596059
84,364.0646258503401,449.275,392.4189723320158,356.3740740740741,250.78171091445427,472.4555160142349,406.2335766423358,392.0469483568075,379.1034482758621,468.20205479452056,452.9650655021834,446.13418530351436,432.8723404255319,438.31626506024094,499.03913043478263,375.609756097561,478.70873786407765,481.4233870967742,453.05555555555554,424.80655737704916,429.89756097560974,394.05974842767296,410.77824267782427,499.2105263157895,432.90547263681594,404.02222222222224,422.17054263565893,451.5809523809524,440.5169082125604,484.63157894736844,427.2089552238806,436.4922480620155,497.348623853211,437.63035019455253,420.3517786561265,463.5637254901961,463.6872852233677,494.27799227799227,453.80232558139534,418.05923344947735,530.8480392156863,462.0103092783505,540.4677419354839,456.93939393939394,296.98194945848377,498.8872180451128,446.78884462151393,513.9469964664311,519.7532467532468,472.2857142857143,418.131914893617,660.0522388059702,529.5967213114754,428.8339920948617,389.3097826086956,556.8549019607843,250.94,473.14624505928856,530.4891304347826,478.6322869955157,612.474358974359,652.2557251908397,451.4691943127962,442.31120331950206,619.5886524822695,437.6775700934579,505.02314814814815,408.3982683982684,460.0933852140078,506.9955947136564,456.3450980392157,464.94240837696333,568.394495412844,531.830985915493,399.43225806451613,424.1826484018265,480.0959409594096,580.3333333333334,487.3159420289855,559.5891472868217,386.5282051282051,445.2212389380531,310.64351851851853,386.08032128514054,475.6022304832714,287.2883211678832,516.7166666666667,289.4918918918919,523.1538461538462,444.09852216748766,512.7699530516431,460.72033898305085,602.0898203592815,439.4417808219178,448.9012345679012,332.81617647058823,284.9178743961353,452.1367292225201,211.42508710801394,434.679802955665
85,146.07823129251702,202.71428571428572,264.45454545454544,223.18148148148148,265.00294985250736,61.170818505338076,181.5182481751825,244.3755868544601,286.08429118773944,266.49657534246575,411.7991266375546,205.63258785942492,331.53617021276597,274.3042168674699,370.1391304347826,309.99024390243903,263.6084142394822,236.0241935483871,247.48611111111111,346.9934426229508,251.40975609756097,267.0188679245283,234.44351464435147,154.00375939849624,298.1393034825871,288.9111111111111,304.1046511627907,284.92857142857144,307.6280193236715,318.67206477732793,341.94776119402985,272.25581395348837,249.27217125382262,289.7198443579766,333.4308300395257,73.03921568627452,359.8487972508591,373.03088803088804,256.7093023255814,219.77003484320556,347.4117647058824,229.61340206185568,390.1322580645161,140.9939393939394,292.86281588447656,420.98496240601503,292.7250996015936,261.0883392226148,300.969696969697,209.0295566502463,531.7106382978724,345.4365671641791,310.4131147540984,285.0790513833992,200.57608695652175,336.9372549019608,110.89,320.1106719367589,316.8478260869565,321.66367713004485,443.46581196581195,409.8893129770992,301.70142180094786,414.7136929460581,284.3829787234043,212.9626168224299,347.13425925925924,277.67965367965365,169.5953307392996,399.6167400881057,105.44313725490196,334.5811518324607,382.0642201834862,311.1455399061033,295.26774193548385,292.95433789954336,257.5793357933579,388.14285714285717,282.06666666666666,295.50387596899225,303.24615384615385,277.9380530973451,216.82407407407408,135.05220883534136,289.6802973977695,140.03649635036496,288.35833333333335,142.89729729729729,290.7008547008547,153.51231527093597,287.9389671361502,317.41525423728814,251.8323353293413,332.2671232876712,240.62962962962962,190.89705882352942,269.97584541062804,238.51206434316353,62.958188153310104,320.57635467980293
86,157.5,190.28571428571428,246.42687747035572,236.4,256.3126843657817,281.9644128113879,179.17518248175182,217.7793427230047,261.6360153256705,272.736301369863,249.06550218340612,195.9808306709265,272.07234042553193,272.71084337349396,311.2608695652174,225.19024390243902,247.1359223300971,249.32258064516128,243.91319444444446,364.67868852459014,247.390243902439,266.1352201257862,221.82008368200837,119.2593984962406,238.9402985074627,236.3111111111111,312.6046511627907,243.86666666666667,296.44444444444446,341.2712550607287,374.5970149253731,178.10852713178295,256.2507645259939,253.84046692607004,302.8142292490119,312.8529411764706,474.78350515463916,309.3281853281853,252.1201550387597,218.77351916376307,312.48039215686276,269.60309278350513,410.71290322580643,293.1636363636364,314.5812274368231,251.06015037593986,299.62549800796813,309.29328621908127,382.73160173160176,297.3645320197044,258.9617021276596,315.4440298507463,303.3606557377049,296.8498023715415,275.7391304347826,294.4392156862745,309.815,296.699604743083,345.5271739130435,294.54260089686096,260.2692307692308,319.26335877862596,247.39336492890996,250.31535269709545,279.5851063829787,284.63084112149534,98.58796296296296,277.034632034632,165.19844357976655,411.4185022026432,288.3176470588235,323.4450261780105,343.0275229357798,307.81220657277,264.72903225806454,242.19634703196348,374.9520295202952,262.42857142857144,276.0695652173913,278.28682170542635,296.6051282051282,272.7079646017699,210.70833333333334,207.78313253012047,266.13011152416357,131.2007299270073,296.8375,229.0810810810811,250.75213675213675,266.7487684729064,293.7887323943662,306.0508474576271,274.8922155688623,303.0513698630137,226.07407407407408,242.57720588235293,260.6231884057971,250.67828418230562,48.1602787456446,229.4630541871921
87,423.80272108843536,378.5285714285714,481.2213438735178,443.4185185185185,420.51917404129796,474.5729537366548,416.2043795620438,413.44600938967136,417.5249042145594,354.5513698630137,449.65502183406113,382.37699680511184,465.63829787234044,365.2198795180723,511.0,406.76585365853657,376.71844660194176,263.60483870967744,340.90972222222223,351.72786885245904,432.13658536585365,436.5691823899371,389.0543933054393,481.2293233082707,429.2238805970149,427.96190476190475,465.2325581395349,464.7857142857143,412.78743961352654,541.7935222672065,370.04477611940297,383.6860465116279,445.2782874617737,461.23346303501944,445.95652173913044,485.94607843137254,614.8144329896908,454.88416988416986,469.66279069767444,393.4668989547038,523.9754901960785,433.58247422680415,455.5064516129032,475.44242424242424,476.6895306859206,432.78195488721803,413.2828685258964,527.416961130742,520.952380952381,487.37931034482756,502.9191489361702,572.8955223880597,466.4491803278689,440.49407114624506,462.60869565217394,435.46666666666664,516.34,492.8498023715415,529.1521739130435,449.88789237668163,459.52991452991455,450.9351145038168,436.81990521327015,533.1410788381743,422.74468085106383,481.7803738317757,291.125,486.42857142857144,454.44357976653697,433.7753303964758,485.81960784313725,384.0890052356021,579.9908256880734,493.44600938967136,425.19354838709677,553.2648401826484,553.3948339483395,510.8994708994709,519.4376811594203,458.2093023255814,454.4871794871795,469.88495575221236,374.39351851851853,380.16064257028114,444.2230483271375,314.7992700729927,454.325,461.0918918918919,494.11965811965814,526.448275862069,431.5633802816901,418.5042372881356,424.4311377245509,489.51027397260276,419.49794238683126,394.62867647058823,466.32850241545896,467.16353887399464,238.76306620209058,316.81773399014776
88,139.21768707482994,173.58214285714286,256.40316205533594,215.56296296296296,219.08849557522123,246.2064056939502,162.33941605839416,253.04694835680752,296.0153256704981,166.97260273972603,221.82096069868996,174.3482428115016,360.11914893617023,258.40361445783134,304.7391304347826,286.3170731707317,227.7928802588997,66.64112903225806,227.43402777777777,305.6819672131148,280.9170731707317,237.4182389937107,203.29707112970712,254.8984962406015,290.53731343283584,254.3015873015873,233.97674418604652,296.82380952380953,287.1835748792271,281.331983805668,303.8619402985075,228.24418604651163,234.50152905198777,261.6459143968872,316.82213438735175,188.34803921568627,426.8659793814433,281.3127413127413,246.89922480620154,194.19163763066203,331.6617647058824,226.3556701030928,338.9225806451613,122.28484848484848,271.8953068592058,335.75563909774434,263.56573705179284,232.6077738515901,275.4069264069264,229.23645320197045,302.41702127659573,268.75373134328356,292.7409836065574,299.60474308300394,195.5326086956522,283.1490196078431,120.28,271.42687747035575,309.80434782608694,237.8340807174888,396.37179487179486,359.8893129770992,468.1090047393365,244.3402489626556,243.4078014184397,157.60280373831776,265.1666666666667,291.83116883116884,205.15175097276264,316.0264317180617,98.72549019607843,234.5235602094241,312.3807339449541,262.39906103286387,223.7,254.9543378995434,258.2140221402214,323.1375661375661,287.97971014492754,253.76356589147287,171.4,242.2079646017699,174.79166666666666,128.4417670682731,254.30483271375465,122.28467153284672,314.0,80.47567567567567,245.33760683760684,137.20197044334975,314.0798122065728,277.4237288135593,392.16766467065867,279.63013698630135,216.15637860082305,191.3308823529412,292.7342995169082,250.86595174262735,35.045296167247386,264.9408866995074
89,233.53061224489795,172.31785714285715,217.55731225296444,226.2111111111111,211.43362831858408,271.8932384341637,212.86496350364965,198.27699530516432,232.35632183908046,216.63698630136986,316.2314410480349,178.20447284345047,235.26382978723404,190.3222891566265,286.31304347826085,209.1951219512195,183.6569579288026,234.53225806451613,227.71180555555554,194.40327868852458,214.84878048780487,100.15723270440252,189.97489539748955,219.71052631578948,219.8955223880597,230.82857142857142,176.6782945736434,269.6,210.69565217391303,263.88663967611336,166.77238805970148,196.58527131782947,247.29051987767585,238.6225680933852,237.58893280632412,302.52450980392155,206.90721649484536,241.32432432432432,257.37984496124034,188.06968641114983,314.0343137254902,248.62886597938143,211.38709677419354,289.58181818181816,118.40794223826715,243.64285714285714,218.18725099601593,287.9752650176678,319.5064935064935,283.3546798029557,285.0340425531915,414.32462686567163,292.1049180327869,238.4901185770751,245.7554347826087,241.28627450980392,308.315,234.23715415019763,344.55434782608694,237.1255605381166,240.63247863247864,416.91603053435114,246.65402843601896,327.6348547717842,289.8900709219858,270.26635514018693,90.92129629629629,298.2121212121212,238.6498054474708,241.9295154185022,284.5607843137255,201.07853403141362,388.42660550458714,293.75586854460096,172.8516129032258,296.0091324200913,324.9077490774908,412.5132275132275,282.84927536231885,233.45348837209303,143.66666666666666,259.32300884955754,165.98611111111111,180.69477911646587,212.72490706319704,132.52919708029196,245.02916666666667,196.56756756756758,289.4017094017094,246.5024630541872,270.2018779342723,204.88135593220338,239.36526946107784,260.61986301369865,217.65020576131687,253.97794117647058,255.65700483091788,258.9034852546917,48.742160278745644,104.85714285714286
