Frame,Cell_125_Raw,Cell_125_Norm,Cell_129_Raw,Cell_129_Norm,Cell_132_Raw,Cell_132_Norm,Cell_133_Raw,Cell_133_Norm,Cell_134_Raw,Cell_134_Norm,Cell_136_Raw,Cell_136_Norm,Cell_137_Raw,Cell_137_Norm,Cell_139_Raw,Cell_139_Norm,Cell_141_Raw,Cell_141_Norm,Cell_142_Raw,Cell_142_Norm,Cell_143_Raw,Cell_143_Norm,Cell_144_Raw,Cell_144_Norm,Cell_145_Raw,Cell_145_Norm,Cell_147_Raw,Cell_147_Norm,Cell_148_Raw,Cell_148_Norm,Cell_149_Raw,Cell_149_Norm,Cell_150_Raw,Cell_150_Norm,Cell_152_Raw,Cell_152_Norm,Cell_154_Raw,Cell_154_Norm,Cell_158_Raw,Cell_158_Norm,Cell_162_Raw,Cell_162_Norm,Cell_163_Raw,Cell_163_Norm,Cell_164_Raw,Cell_164_Norm,Cell_165_Raw,Cell_165_Norm,Cell_166_Raw,Cell_166_Norm,Cell_167_Raw,Cell_167_Norm,Cell_168_Raw,Cell_168_Norm,Cell_170_Raw,Cell_170_Norm,Cell_171_Raw,Cell_171_Norm,Cell_174_Raw,Cell_174_Norm,Cell_175_Raw,Cell_175_Norm,Cell_176_Raw,Cell_176_Norm,Cell_177_Raw,Cell_177_Norm,Cell_182_Raw,Cell_182_Norm,Cell_183_Raw,Cell_183_Norm,Cell_185_Raw,Cell_185_Norm,Cell_187_Raw,Cell_187_Norm,Cell_188_Raw,Cell_188_Norm,Cell_189_Raw,Cell_189_Norm,Cell_190_Raw,Cell_190_Norm,Cell_192_Raw,Cell_192_Norm,Cell_194_Raw,Cell_194_Norm,Cell_195_Raw,Cell_195_Norm,Cell_196_Raw,Cell_196_Norm,Cell_197_Raw,Cell_197_Norm,Cell_198_Raw,Cell_198_Norm,Cell_199_Raw,Cell_199_Norm,Cell_201_Raw,Cell_201_Norm,Cell_203_Raw,Cell_203_Norm,Cell_206_Raw,Cell_206_Norm,Cell_207_Raw,Cell_207_Norm,Cell_209_Raw,Cell_209_Norm,Cell_211_Raw,Cell_211_Norm,Cell_212_Raw,Cell_212_Norm,Cell_214_Raw,Cell_214_Norm,Cell_215_Raw,Cell_215_Norm,Cell_216_Raw,Cell_216_Norm,Cell_219_Raw,Cell_219_Norm,Cell_221_Raw,Cell_221_Norm,Cell_223_Raw,Cell_223_Norm,Cell_224_Raw,Cell_224_Norm,Cell_227_Raw,Cell_227_Norm,Cell_228_Raw,Cell_228_Norm,Cell_229_Raw,Cell_229_Norm,Cell_230_Raw,Cell_230_Norm,Cell_231_Raw,Cell_231_Norm,Cell_232_Raw,Cell_232_Norm,Cell_233_Raw,Cell_233_Norm,Cell_234_Raw,Cell_234_Norm,Cell_235_Raw,Cell_235_Norm,Cell_237_Raw,Cell_237_Norm,Cell_240_Raw,Cell_240_Norm,Cell_241_Raw,Cell_241_Norm,Cell_242_Raw,Cell_242_Norm,Cell_244_Raw,Cell_244_Norm,Cell_245_Raw,Cell_245_Norm,Cell_247_Raw,Cell_247_Norm,Cell_248_Raw,Cell_248_Norm,Cell_249_Raw,Cell_249_Norm,Cell_250_Raw,Cell_250_Norm,Cell_252_Raw,Cell_252_Norm,Cell_254_Raw,Cell_254_Norm,Cell_255_Raw,Cell_255_Norm,Cell_256_Raw,Cell_256_Norm,Cell_257_Raw,Cell_257_Norm,Cell_258_Raw,Cell_258_Norm,Cell_259_Raw,Cell_259_Norm,Cell_260_Raw,Cell_260_Norm,Cell_261_Raw,Cell_261_Norm,Cell_264_Raw,Cell_264_Norm,Cell_265_Raw,Cell_265_Norm,Cell_268_Raw,Cell_268_Norm,Cell_269_Raw,Cell_269_Norm,Cell_273_Raw,Cell_273_Norm,Cell_274_Raw,Cell_274_Norm,Cell_275_Raw,Cell_275_Norm,Cell_276_Raw,Cell_276_Norm,Cell_277_Raw,Cell_277_Norm,Cell_279_Raw,Cell_279_Norm,Cell_280_Raw,Cell_280_Norm
0,352.81972789115645,0.5996625763559786,731.5464285714286,1.8058161993342736,518.4624505928854,0.5814995979064609,521.9888888888889,0.7499658542036581,832.1356932153392,1.3915573939354378,181.2064056939502,-0.05443950485231355,543.7189781021898,1.1117904128210834,843.7417840375587,1.636460992283543,363.7509578544061,-0.03452420782659891,370.31164383561645,0.33662882903596264,275.8165938864629,-0.24740305080464314,276.3738019169329,0.009776169492514754,431.3276595744681,0.07317816883588514,746.1807228915662,1.1822358818238914,985.1565217391304,1.512995518251397,955.1317073170732,1.469628172140659,378.58899676375404,0.1437633396200038,446.9475806451613,0.5859545803143207,851.5972222222222,1.4964196541899963,630.6819672131147,0.6187213516749933,432.7317073170732,0.28304517487655506,767.3018867924528,1.3391197312718572,202.96234309623432,-0.36483577492968505,800.8646616541354,1.9038075414756621,371.0696517412935,0.18252429339476495,422.3142857142857,0.21901579976578,1215.0697674418604,2.1459411290095973,492.1142857142857,0.45926734454405643,286.96135265700485,-0.304797751046882,486.36032388663966,0.23384526581425605,285.7686567164179,-0.26975827059352986,545.5852713178294,0.7112447040659401,389.81957186544344,0.18901529001783463,691.9844357976654,0.8464145254598386,834.7154150197629,0.946990035623935,97.83823529411765,-0.37337724517058735,639.3161512027491,0.22694057904108664,827.1698841698842,1.047829885505742,311.24418604651163,-0.1250698682391243,374.9581881533101,0.21963603475769478,778.4166666666666,0.9696729140050356,364.17525773195877,0.22411851338473535,795.941935483871,1.1055191563655726,63.84848484848485,-0.6194140385101694,514.2924187725632,0.47351055026892874,1300.781954887218,1.35369504572253,286.47808764940237,-0.3123373034013033,343.57950530035333,-0.021752581364675106,819.2987012987013,0.9735734821332669,268.4433497536946,0.05342109587187446,416.2,-0.11807085946770633,325.7014925373134,-0.26366456955150747,387.88196721311476,0.3942311658466164,298.4387351778656,-0.23217024149951787,450.6195652173913,0.01894625075117684,352.9529411764706,-0.18315133341562062,446.01,0.27624141024375376,248.68379446640316,0.2847939065355673,498.2880434782609,0.22431293056596024,343.1031390134529,-0.1878569154017622,226.82478632478632,-0.5805516042358148,326.30534351145036,-0.22130845173436753,212.66350710900474,-0.5405702326943378,683.195020746888,0.5734975797858365,584.531914893617,0.6383239674875614,672.0934579439253,1.0513742102035286,671.9074074074074,1.7688544888096938,331.7056277056277,-0.09843829236983512,220.84046692607004,-0.1718804715769816,906.8986784140969,1.0027161276891323,522.5411764705882,1.069643581057468,321.9633507853403,-0.30906745735251323,227.74311926605503,-0.5619880280727138,734.6150234741784,2.955503649044575,836.8096774193548,1.6462598427204924,482.9178082191781,0.2644729479619506,825.1660516605166,1.3246337158171146,1041.6931216931216,2.716708575916152,194.76231884057972,-0.43346385257733344,739.1162790697674,1.0862156298786614,266.5076923076923,-0.34909626972506713,200.5132743362832,-0.44743593495459116,204.62962962962962,-0.33387286617023626,124.33734939759036,0.2504139774957795,479.4014869888476,0.3068945912831806,204.05109489051094,0.61279621536642,507.8375,0.31761818791148194,1017.4108108108109,2.1831349874092485,266.1923076923077,-0.380026356021276,571.8866995073892,0.7832478264876657,302.6478873239437,-0.1745395968479255,352.56779661016947,-0.2164496049571057,300.5329341317365,-0.34593360422656,1174.7705479452054,1.1566399889349233,260.83539094650206,-0.26200666933688543,574.4044117647059,2.061725201550479,945.3574879227053,1.3368557313503775,330.51206434316356,0.05751068396230458,234.66898954703834,3.2313515822804697,1369.2512315270935,4.995422946095593
1,397.13945578231295,0.8006054502863011,363.7392857142857,0.39510705039518906,596.7233201581028,0.8202237979091133,471.56296296296296,0.5809131206774526,872.5752212389381,1.507780568882303,177.76512455516016,-0.07239659353841917,638.3029197080292,1.479151989544455,1056.887323943662,2.3024821758648004,492.97318007662835,0.3084602563307263,417.97945205479454,0.5086843604871798,341.53711790393015,-0.06807712563776874,252.06070287539936,-0.07905565120961851,735.4978723404255,0.829978306050907,735.5,1.1509996731913874,1045.004347826087,1.6656588924613243,919.1219512195122,1.3765198526814995,340.8381877022654,0.029713560533399283,412.8790322580645,0.46506530224465736,852.9861111111111,1.500491120640604,460.9213114754098,0.18301014951196334,618.0634146341464,0.8325518294711325,558.8427672955975,0.7036321246702252,245.01255230125523,-0.23324097691787954,720.3007518796992,1.6116956529443591,439.228855721393,0.39973395779790605,382.42857142857144,0.10388515525776112,1325.484496124031,2.4318162659912246,841.4666666666667,1.495202565409614,252.31884057971016,-0.38872386891093835,571.2388663967612,0.44917324941379233,297.94776119402985,-0.23863627695523149,581.7558139534884,0.8246947049777223,321.1131498470948,-0.020550858524427493,658.0739299610894,0.7559314924561132,1006.0513833992095,1.346634533827987,101.97549019607843,-0.3468794444252583,770.2886597938144,0.47829585174437755,885.3822393822394,1.1919465935616336,291.86046511627904,-0.1795589230321673,1031.8989547038327,2.35648397381046,782.3137254901961,0.9795338683469567,385.28350515463916,0.2950706055618123,799.2709677419355,1.1143255037623239,55.084848484848486,-0.6716520356923521,582.1227436823104,0.6678527099710386,1293.0037593984962,1.3396208189717038,249.800796812749,-0.40037756130589536,319.0671378091873,-0.09154475421826642,854.982683982684,1.0595310966765068,304.27093596059115,0.1940151361382551,394.0127659574468,-0.16508567986640357,351.35074626865674,-0.2056775639046494,425.61639344262295,0.5298665331015587,285.77470355731225,-0.2647525412973531,1139.6358695652175,1.5769580065943813,401.0509803921569,-0.07183672283977961,419.58,0.20061292551753146,153.96442687747034,-0.20456193014161592,749.6195652173913,0.8418441676715154,366.8968609865471,-0.1315359303683262,426.5811965811966,-0.21115852694800052,341.03053435114504,-0.18616841531916126,250.59241706161137,-0.4586301268878835,879.9917012448133,1.0267489810253303,763.8936170212766,1.141038306872417,780.4158878504672,1.3819976323934218,930.0,2.832424893973013,401.05194805194805,0.090042040091634,231.93774319066148,-0.13026730477413345,767.1982378854625,0.6942138308490625,461.1686274509804,0.8265635945394764,404.6125654450262,-0.1317024501448829,273.42660550458714,-0.4741262566333035,638.0328638497652,2.435461078964465,736.7096774193549,1.3297116270339582,592.8127853881278,0.5522221743975283,671.4022140221402,0.8914547204763619,838.2539682539683,1.9908479260584924,188.7536231884058,-0.4509423017254171,798.1627906976744,1.252879196811577,337.98974358974357,-0.17451243905096744,243.2212389380531,-0.3297435447211574,198.98611111111111,-0.3522441099742743,144.69477911646587,0.4551409946768553,441.546468401487,0.20369816743500696,255.9160583941606,1.0227308785138394,597.225,0.5495400049729192,1144.9945945945947,2.582301579382623,366.05128205128204,-0.14745039334968318,626.3300492610838,0.9530121962458914,329.46948356807513,-0.10138473082645921,291.2542372881356,-0.35271350679436114,308.622754491018,-0.3283272821103608,750.5479452054794,0.3778535009021808,425.4897119341564,0.2038572240282421,992.5698529411765,4.290655974791004,643.4782608695652,0.5906319896155139,313.62466487935654,0.003477541805130538,265.0696864111498,3.7795110857013614,1556.960591133005,5.817329821814128
2,364.5986394557823,0.6530674245847358,223.31071428571428,-0.14350095201567067,654.5217391304348,0.9965300593555165,463.2851851851852,0.5531619007412742,643.952802359882,0.8507198986724497,189.2099644128114,-0.012675810483077237,570.8795620437957,1.2172814166015793,817.793427230047,1.55537951471408,639.9463601532567,0.6985597032152697,482.68835616438355,0.7422492190812416,424.92576419213975,0.1594582808065258,255.16613418530352,-0.06770945807920145,887.9829787234042,1.2093736070716556,735.0421686746988,1.1496607268540662,893.4478260869565,1.279059553688376,811.6487804878049,1.0986327632309167,444.5404530744337,0.34301069907186105,462.0040322580645,0.6393810881036595,723.4409722222222,1.1207352661263146,338.12459016393444,-0.13216244941443178,737.5024390243902,1.186687339637432,406.311320754717,0.23864002392784836,234.53556485355648,-0.2660283773379354,518.1578947368421,0.8787578906331995,653.4825870646766,1.0825174758651523,358.6095238095238,0.03513115766593787,1132.8837209302326,1.9331529658278503,1244.4238095238095,2.690092079679069,223.743961352657,-0.4579503348384092,774.4858299595141,0.9647895352551428,298.8059701492537,-0.23644324431527794,532.9457364341085,0.6716004206354514,358.81345565749234,0.0944414181137087,642.0856031128404,0.7132700142447184,862.9407114624506,1.012826091766667,141.29901960784315,-0.0950247553505777,852.8659793814433,0.6367737255160586,872.8146718146718,1.1608329844403278,259.515503875969,-0.2704829706722279,1163.6794425087107,2.785129718010239,711.2941176470588,0.7998288287170834,427.9639175257732,0.43853417655722077,660.0387096774193,0.746011970488496,60.71515151515152,-0.6380911094252375,526.4873646209386,0.5084505585436492,1185.53007518797,1.145152962832205,278.2191235059761,-0.33216214096769686,240.69257950530036,-0.31469458756015145,738.943722943723,0.7800098231314931,432.192118226601,0.6960013918288052,402.7276595744681,-0.14661879222226626,609.0074626865671,0.3768244311385329,447.1049180327869,0.6071064494269469,416.901185770751,0.07261256350701081,1565.195652173913,2.539238782730732,343.5882352941176,-0.20482432893580885,506.195,0.44845860105902774,151.29249011857706,-0.21836615921830496,930.1195652173913,1.28533962548857,411.7488789237668,-0.02536885680925607,513.6025641025641,-0.05023707918444754,484.17175572519085,0.1554222497092159,257.49763033175356,-0.44371237927323853,777.6514522821577,0.7910444908471471,811.9609929078014,1.2757613766699996,766.5841121495328,1.3397800693166746,1059.2916666666667,3.3652212401198884,487.04329004329,0.323762829405238,256.6964980544747,-0.03742558655305255,647.1321585903083,0.4290703488745389,404.5607843137255,0.6023553130450857,521.5968586387435,0.11934554941468203,309.6651376146789,-0.4044297013193823,385.81220657277,1.0773895743750364,567.4354838709677,0.7944124868789226,755.1415525114155,0.9772641405663398,517.6383763837638,0.4582757251356087,712.5767195767196,1.542437834613265,213.04057971014493,-0.3802949667462598,819.3759689922481,1.3127551126461476,435.85128205128206,0.06449920028857242,336.3274336283186,-0.0731663301239843,237.31944444444446,-0.22745830300344974,165.1285140562249,0.6606353847769368,462.3977695167286,0.2605408210110067,424.4051094890511,2.3544488194654787,557.8208333333333,0.4473032723970551,1219.9783783783785,2.8169005271373426,429.44017094017096,0.00018512915246675,853.423645320197,1.6611317624650548,529.3615023474179,0.4438130165209886,307.33474576271186,-0.3169760149165184,451.61077844311376,-0.017134561301538714,436.99657534246575,-0.19776309419775062,695.3415637860082,0.9673612340136178,1678.8492647058824,7.948704080392872,773.9420289855072,0.9131290430055782,322.4611260053619,0.031750797329824165,236.54703832752614,3.2652149601995366,1521.7635467980297,5.66321554213931
3,349.6258503401361,0.5851817353260039,198.375,-0.2391408572250456,574.7905138339921,0.7533207380194812,442.97037037037035,0.4850565578553956,464.6253687315634,0.33533298121896576,167.27758007117438,-0.12712207477725407,385.61678832116786,0.4977256071544501,492.19718309859155,0.537980811548279,664.264367816092,0.7631050939706451,477.6335616438356,0.7240040890846904,475.24454148471614,0.29675878816186746,254.17571884984025,-0.07132809992120692,813.6170212765958,1.024345078840406,495.30120481927713,0.44852852440185653,869.9304347826087,1.2190700011201598,651.8390243902439,0.6854220271429293,444.621359223301,0.34325512637380406,596.2056451612904,1.1155838283941717,483.94444444444446,0.4186617700496818,259.3344262295082,-0.33438691006645443,658.8439024390244,0.9534655670651805,282.5440251572327,-0.1386645653107553,206.63179916317992,-0.3533523283768141,432.35714285714283,0.567658047798392,1215.44776119403,2.873387376789007,401.6952380952381,0.1594986447132822,844.9186046511628,1.1875815366829772,1336.1714285714286,2.962151453492066,226.98067632850243,-0.45010895999962547,807.3805668016195,1.0482400416584927,274.03731343283584,-0.2997360732892437,479.5387596899225,0.5040878228468267,416.58715596330273,0.2706609257587176,435.20622568093387,0.16125602701097638,488.9644268774704,0.1405190916265313,183.67156862745097,0.17635793379945183,739.1134020618557,0.4184660027699003,762.6332046332046,0.8880560064081607,278.9612403100775,-0.21581958576986904,1079.9268292682927,2.5127054628786962,710.0147058823529,0.7965914588010565,616.1752577319587,1.0711773369141468,413.23870967741937,0.09314760359831444,74.15151515151516,-0.558000072251725,407.00361010830323,0.16611501861812175,876.4135338345865,0.5858231926114731,444.83266932270914,0.06777741862061974,228.0035335689046,-0.3508231291079742,720.9264069264069,0.7366086837733753,597.8423645320197,1.3460434366572913,396.11063829787236,-0.16064028162003646,854.1305970149253,0.9309909080019372,424.4688524590164,0.5257417282932149,521.9565217391304,0.3429012483780035,1435.0380434782608,2.2449248700110473,286.89803921568625,-0.33602400365936014,501.95,0.4363116877914222,166.16205533596838,-0.14154439917909764,1092.4402173913043,1.6841677249291933,373.32286995515693,-0.11632523086721175,546.6837606837607,0.0109372530425164,709.7442748091603,0.6937260734880358,293.9620853080569,-0.36493602364724087,615.195020746888,0.41688368159251554,570.2234042553191,0.5982201248735263,633.8644859813085,0.9346911414430991,870.3287037037037,2.586526225820792,465.3073593073593,0.26468549940404973,306.6692607003891,0.14996498190731852,627.2995594713657,0.38527376271239244,509.4470588235294,1.0177813398444602,418.35602094240835,-0.10220902914399423,563.9266055045872,0.08458426886990138,460.85915492957747,1.4814767065318781,373.9612903225806,0.18258520666780223,795.9223744292237,1.0840447256536438,525.6088560885609,0.48072992791785085,947.4550264550264,2.380471799983388,231.2608695652174,-0.3272947104293981,857.531007751938,1.4204508033962866,537.7384615384616,0.3133428438665203,380.29646017699116,0.0480012291124052,287.43981481481484,-0.06430236746406005,1028.4658634538152,9.34289453065049,504.7769516728625,0.37607055015459706,755.7883211678832,4.9736633349198796,514.6333333333333,0.33525042972508395,468.75135135135133,0.4665647455551857,603.8931623931624,0.40649385291588347,895.5665024630542,1.7925409357623427,495.25821596244134,0.3507976223708169,573.5466101694915,0.2746560442975392,515.0898203592815,0.12101837782046498,393.1267123287671,-0.2782992474490599,1007.5102880658436,1.8505942789012357,1865.2573529411766,8.942307767679026,446.9903381642512,0.10492797374740732,348.16353887399464,0.11398857060507846,1545.348432055749,26.864408270454675,1357.472906403941,4.943850203939891
4,362.0,0.6412853558446925,220.31428571428572,-0.1549936303987508,421.19367588932806,0.28479435356983085,766.5518518518519,1.5698622993158426,467.5958702064897,0.34387020035759686,200.27402135231316,0.04505799378279904,220.06934306569343,-0.14525637772640104,353.77464788732397,0.10544846404365808,906.6590038314176,1.4064742677754063,578.7534246575342,1.0889932174100074,514.2227074235808,0.40311514750004174,282.40575079872207,0.031814865614147904,590.8297872340426,0.47003238740374564,299.9909638554217,-0.12266422132782961,666.3217391304348,0.6996928987408738,571.2731707317073,0.4771076131375813,370.28155339805824,0.11866554425649636,693.0201612903226,1.4591217105639687,464.3576388888889,0.3612439144299894,278.12459016393444,-0.2861596875623247,622.5560975609756,0.8458725893185147,290.5817610062893,-0.11416152831462052,195.8744769874477,-0.38701702745028194,447.52255639097746,0.6226454186959786,1316.5671641791046,3.195634561387098,448.10793650793653,0.29346951567056,772.3255813953489,0.9996307015466379,886.3333333333334,1.628245769855872,241.3816425120773,-0.4152206937393059,694.502024291498,0.761878987008425,299.410447761194,-0.23489858654278886,457.9263565891473,0.4362998668798212,445.56880733944956,0.359059839264527,382.92217898832683,0.021747075264440918,248.58893280632412,-0.4201614509193631,213.8235294117647,0.3694716451555176,621.9106529209622,0.19353689903053473,558.1312741312742,0.38176924121028594,317.0968992248062,-0.10861746417243875,768.5923344947735,1.5000198336916621,574.9166666666666,0.45474504161446744,973.2835051546392,2.2715411937971064,372.40645161290325,-0.014866684529671086,91.87272727272727,-0.45236805028720056,308.913357400722,-0.11492552751344631,684.8571428571429,0.23921219702829066,449.80876494023903,0.0797220506131068,287.4593639575972,-0.1815391301985712,684.2597402597403,0.6482839239551972,691.0443349753695,1.7117851170972638,239.51063829787233,-0.4924761860106112,925.2985074626865,1.0918850247756529,393.0098360655738,0.41266315076161597,563.0158102766799,0.4485394912930823,1231.945652173913,1.7856899706656928,622.1137254901961,0.4397748477081805,419.285,0.19976879373568385,195.5494071146245,0.010281700207267618,1010.7173913043479,1.483371591025934,468.304932735426,0.10850228213565419,1271.2051282051282,1.3507349454717879,848.9351145038167,1.0258895903334844,462.1516587677725,-0.0015859705597176493,258.88796680497927,-0.40374332828425197,451.8723404255319,0.2665061850362475,506.33644859813086,0.5454480624135325,1612.9444444444443,5.646761765036946,461.31168831168833,0.25382543654981815,364.28793774319064,0.3660266137504374,375.4625550660793,-0.17086116423817077,611.5921568627451,1.422350311654948,1713.219895287958,2.676565595053644,1168.2660550458716,1.2468934304379855,659.4366197183099,2.550708700828903,281.6258064516129,-0.1094091256389672,632.6392694063927,0.656503919233657,534.5166051660517,0.5058245786198567,1338.7301587301588,3.7765217588292606,440.97971014492754,0.282747851659989,722.0736434108527,1.038111408807109,1427.825641025641,2.4872428179400887,450.72566371681415,0.24208636953362,407.26851851851853,0.32577384531683984,194.0843373493976,0.9518332135154567,502.8810408921933,0.3709021149034364,715.9160583941606,4.658517589026871,610.7625,0.5846639495789235,1261.654054054054,2.9472896481861377,1495.371794871795,2.482786970092684,1430.7339901477833,3.4612915117815124,1006.1173708920188,1.7441462021701886,772.8389830508474,0.7175655187351093,1314.5209580838323,1.8608644430485648,363.66438356164383,-0.3323860957254856,931.119341563786,1.6344579300837387,1828.672794117647,8.747302535401161,717.6086956521739,0.7738770938245982,445.20643431635386,0.424488276377935,241.78397212543555,3.3596428952873993,784.5960591133005,2.43544348028653
5,362.5850340136054,0.6439378634667964,209.62142857142857,-0.1960056436036876,360.8498023715415,0.1007235272344523,887.5962962962963,1.975663359698027,635.0265486725664,0.8250658518864543,207.80071174377224,0.0843333221913962,194.0912408759124,-0.24615465304346235,291.9765258215962,-0.0876536689845379,1041.3831417624522,1.7640620376085971,582.4897260273973,1.1024792857204666,547.8078602620087,0.49475605716505366,260.5814696485623,-0.04792365833017183,429.60425531914893,0.06889019939587274,258.75602409638554,-0.2432574802615526,492.45652173913044,0.25618721975207864,534.9609756097561,0.38321729478835587,294.7281553398058,-0.10959044738995617,698.6129032258065,1.4789670684385838,442.8888888888889,0.29830922176972374,292.3672131147541,-0.24960427758885761,741.0146341463415,1.1971009629708906,275.1446540880503,-0.16122154733419233,215.6276150627615,-0.32520020740911443,439.7857142857143,0.5945928630918057,890.2636815920398,1.837091166225641,618.2253968253968,0.7845158263400295,704.3798449612403,0.8237121719967405,542.0761904761905,0.6074194673470856,300.75845410628017,-0.2713724278534998,592.7854251012146,0.5038346149619313,368.56716417910445,-0.058178295460613046,524.9496124031008,0.6465203357789355,607.0978593272172,0.851750628689118,370.1945525291829,-0.01221391164952176,236.2094861660079,-0.44903675239521185,276.4852941176471,0.7708003026526059,512.9518900343643,-0.015570797335619673,382.4555984555985,-0.05315217661441871,365.15503875968994,0.0264774749155316,410.02090592334497,0.33368542858340994,441.78921568627453,0.11788491832152906,763.7835051546392,1.5673395131248378,453.10322580645163,0.19860190701794203,90.48484848484848,-0.4606408728008381,325.99277978339353,-0.06599089780719881,494.3421052631579,-0.10551452556795184,448.79282868525894,0.0772833947619585,247.2226148409894,-0.29610212173437134,673.7792207792207,0.6230378503401074,555.6108374384237,1.180319154077382,418.0978723404255,-0.1140492618655163,855.044776119403,0.9330576546390451,395.8524590163934,0.4228808815297134,628.2094861660079,0.6162712181549714,921.9184782608696,1.0846528855642519,270.7019607843137,-0.3735070319250122,505.255,0.4457688252117841,305.1304347826087,0.57641845600923,1005.2608695652174,1.4699647067778212,812.4170403587444,0.9230336482326714,680.9700854700855,0.2592618934724199,751.763358778626,0.7939999617449062,577.5876777251185,0.24779740531530503,430.4149377593361,-0.008691746424629077,504.91843971631204,0.4151836030445128,605.7196261682243,0.8487869581960549,1756.3657407407406,6.237784717995877,594.7272727272727,0.6164432882340691,413.8599221789883,0.5519143223999063,465.6079295154185,0.02820803670274573,680.6274509803922,1.6957803488857932,810.3612565445026,0.7390332225129742,531.3899082568807,0.022007349016528746,1187.6572769953052,5.394890579221048,291.0548387096774,-0.07959150988530984,826.433789954338,1.1639358766505497,574.730627306273,0.6191143480276685,1361.4867724867725,3.857716210195653,392.768115942029,0.14250711616549983,551.2093023255813,0.5558329513367324,1125.3948717948717,1.7486025402892986,571.429203539823,0.574714914206003,657.4537037037037,1.1401971555467139,213.93172690763052,1.151430948553704,486.5650557620818,0.3264231691831541,682.0474452554745,4.390823994346127,733.6166666666667,0.9034172603539421,1434.1027027027028,3.4868232576309777,780.991452991453,0.8189635952479535,1530.6305418719212,3.7727873183619556,817.5492957746479,1.2298340730344992,870.4194915254237,0.9344294714241319,1025.2814371257484,1.2313765250776054,516.1541095890411,-0.05244594773008762,879.7078189300412,1.4889969913466283,1902.2242647058824,9.139351040772574,579.3816425120773,0.4321897580973559,465.8150134048257,0.4904277530825224,209.90940766550523,2.7849078652250125,737.8472906403941,2.230748656757626
6,358.07142857142856,0.623473458731145,209.51785714285714,-0.1964028875525664,348.9288537549407,0.06436028545627043,643.4037037037037,1.157008579907372,667.9941002949853,0.9198145719394242,207.77580071174378,0.08420333292479572,253.45985401459853,-0.015568498985772594,292.84507042253523,-0.08493970601179478,933.6743295019157,1.4781789393078077,453.86301369863014,0.6382050055439981,658.759825327511,0.7975011140846514,258.00958466453676,-0.05732045408118582,950.5106382978723,1.364947490902623,270.7259036144578,-0.20825108062659173,477.6434782608696,0.21840123239768564,451.8,0.16819282579082795,285.77669902912623,-0.1366338840769298,743.5766129032259,1.6385168778544694,584.3923611111111,0.7131204024237435,297.28196721311474,-0.23698996830013142,935.9317073170731,1.7750281312463654,258.10377358490564,-0.2131706699797534,214.64016736401675,-0.32829039371068514,431.92105263157896,0.5660768541880501,541.6119402985074,0.7260082412834711,672.6095238095238,0.9414963318372337,656.6356589147287,0.7000975429610509,397.25714285714287,0.1779872943880958,375.1835748792271,-0.09106762073961716,514.4453441295547,0.30509402432749155,423.1380597014925,0.08126997566687276,508.74418604651163,0.5956915258976495,641.8073394495412,0.9576203837055718,386.7003891050584,0.03182843212578547,309.60474308300394,-0.2778408797563117,257.3186274509804,0.6480439034651212,484.59106529209623,-0.06999934049990116,309.42857142857144,-0.23394566445478057,419.64728682170545,0.17965916284502378,321.198606271777,0.04477087552715131,537.5882352941177,0.36029074310663467,593.4278350515464,0.994715411937971,486.2774193548387,0.28635818282045444,113.41818181818182,-0.32394060908204175,403.64981949458485,0.15650599917252808,516.5714285714286,-0.06529175960486053,380.3585657370518,-0.0869863760426449,312.4487632508834,-0.11038874149731731,670.4718614718614,0.6150708944367911,446.6896551724138,0.752892394235509,473.3531914893617,0.0030369373821023016,746.7574626865671,0.6882451886981861,381.0950819672131,0.369835891694411,695.8102766798419,0.7901960226001571,1116.6467391304348,1.5249747149828623,366.52156862745096,-0.15174908697514694,557.485,0.5952230725538421,402.4703557312253,1.0793130558193198,849.5380434782609,1.0873477203623065,1074.6053811659192,1.5436471712132465,564.0854700854701,0.04311680101153797,648.3740458015267,0.5472728216684141,783.2938388625593,0.6921967995953675,428.0414937759336,-0.01415813340086662,594.549645390071,0.6664016268146121,693.3317757009346,1.1161981372926562,2091.865740740741,7.620342300714099,725.6277056277056,0.9722250656839663,434.5408560311284,0.629464806816855,477.8898678414097,0.05533040058992134,715.6235294117647,1.8343903041373306,954.3874345549738,1.0481130390133355,575.7844036697247,0.1073900404504691,1600.605633802817,7.618393611454486,318.4451612903226,0.00702545055406894,881.9497716894978,1.3092990334629382,815.0738007380074,1.296202121090526,1112.3544973544974,2.9688248042347234,623.7478260869565,0.8143945525921729,510.66279069767444,0.44138713450036465,851.3333333333334,1.0792497116154172,681.0088495575221,0.8766888101996818,758.4074074074074,1.4688299220691534,198.55020080321285,0.9967447233014807,574.1858736059479,0.5652859512809104,715.5583941605839,4.6556906523589054,900.6583333333333,1.3368179803461582,1846.454054054054,4.776931441704564,715.4529914529915,0.666321623085008,1313.1822660098521,3.0947436330681084,1186.7887323943662,2.2369203504467654,947.207627118644,1.1050842350104997,1035.5808383233532,1.2537916798073334,805.5445205479452,0.4788160368165271,814.0164609053498,1.3031334705701536,1952.6507352941176,9.408137269887554,1037.0193236714977,1.5634371980993624,836.6863270777479,1.6770724141894682,239.595818815331,3.320187976301918,1515.7536945812808,5.636900717618207
7,361.07142857142856,0.6370752710723994,215.46428571428572,-0.1735956056600414,426.60474308300394,0.301300082347792,545.4703703703703,0.8286874355886114,553.2566371681415,0.590059184038537,209.7508896797153,0.09450962477669701,293.2043795620438,0.13879820770189216,303.22535211267603,-0.0525041809699852,688.7854406130268,0.8281894646708817,349.20205479452056,0.26043439726174733,738.2445414847161,1.0143842031137176,286.2140575079872,0.045729127148568645,1063.9531914893616,1.6472017558440786,251.6987951807229,-0.2638966333427588,522.5956521739131,0.3330678961068345,482.3560975609756,0.2471999394581505,362.7443365695793,0.09589469680748634,748.733870967742,1.6568169591245723,640.5833333333334,0.8778417563491971,390.41967213114754,0.0020591871133764407,919.390243902439,1.7259828580189234,322.87106918238993,-0.015727575311368775,235.5774058577406,-0.26276796890958315,454.03007518796994,0.6462406440365145,398.3681592039801,0.2695191421962274,671.4507936507937,0.9381516418304344,574.6046511627907,0.4877107911416539,437.0952380952381,0.29611926725982096,524.9082125603865,0.2716603350490729,537.5303643724696,0.36365830586741793,425.5335820895522,0.08739139720969982,480.1860465116279,0.5061180575395259,525.1865443425077,0.6019073345820056,546.5486381322958,0.45834977220909434,453.2529644268775,0.05722140681353856,292.4166666666667,0.8728356728212311,440.1340206185567,-0.15531886829783037,359.8339768339768,-0.10915667303276927,588.6124031007752,0.6546324413079551,296.20905923344947,-0.03651325967289137,772.0539215686274,0.9535728904379749,574.8298969072165,0.9322013341419042,522.3806451612903,0.3818626790069306,89.64242424242424,-0.4656623676890285,398.086642599278,0.14056681836988016,659.8233082706766,0.193914818616617,402.8645418326693,-0.032962976422501386,324.3286219081272,-0.07656413646145542,678.6103896103896,0.6346754456124907,382.69458128078816,0.5017639497008535,549.2893617021276,0.16394592664461702,771.6977611940298,0.7446294112387153,318.9016393442623,0.1462832562387675,621.9802371541502,0.6002444689410552,1814.4076086956522,3.102759784349219,570.8352941176471,0.321099768385743,994.56,1.8458973049304448,409.901185770751,1.1177035153817094,773.4673913043479,0.9004391956403592,547.152466367713,0.29513852032692905,464.95299145299145,-0.1402007270428322,632.9847328244275,0.5105479313557881,1216.4739336492892,1.6280218165659694,423.13278008298755,-0.02546361555626678,728.2304964539007,1.0410818396681174,734.7102803738318,1.2424942592671828,1754.4953703703704,6.2300771330836655,739.4242424242424,1.009723462559845,557.6770428015565,1.0912075405626238,421.0837004405286,-0.0701153965137838,920.9254901960784,2.6475355727756633,861.0785340314136,0.8478723726979682,652.1559633027523,0.25427332518736473,1571.943661971831,7.464064431484669,336.1483870967742,0.06300871270120245,684.310502283105,0.7917999780006408,1001.5018450184502,1.8214017659814674,1149.5238095238096,3.1014430374011748,482.57971014492756,0.40375639105858874,561.0852713178294,0.5837086746231359,986.2461538461539,1.4087533644868007,760.929203539823,1.0969291699589319,584.574074074074,0.9029534148058055,204.0,1.0515513049378429,667.553903345725,0.8198161861204206,777.0182481751825,5.141462218568359,815.8791666666667,1.1168527907806403,1770.2864864864864,4.53862883409126,1234.051282051282,1.874159951587731,1390.7241379310344,3.3365334398328774,1234.75117370892,2.367736053453119,913.5127118644068,1.0302002994604063,1318.179640718563,1.8688270358042998,1079.1917808219177,0.9811767960316609,699.798353909465,0.9799710312322436,1931.6801470588234,9.296358569765664,1310.5410628019324,2.239563268820389,589.426273458445,0.8859359425476466,229.05923344947735,3.130201232652087,1285.9014778325122,4.630466527327514
8,372.8469387755102,0.690464697745214,219.61785714285713,-0.1576647535032808,592.0790513833992,0.8060570840200671,489.462962962963,0.6409228056669606,403.6755162241888,0.16016314820765043,188.80782918149467,-0.014774208643914781,387.6861313868613,0.5057628819654607,370.0093896713615,0.1561775665287678,555.4674329501916,0.4743338767200325,296.3767123287671,0.06976289983843915,711.170305676856,0.9405090711512845,299.961661341853,0.09595821052324398,653.7404255319149,0.6265591533324933,290.48192771084337,-0.15047378439968964,623.1739130434783,0.5896288721764484,521.560975609756,0.34856969880429833,419.80906148867314,0.26829416141392426,704.7137096774194,1.5006152490184634,580.2048611111111,0.7008449310751619,440.21311475409834,0.12986006447687637,901.0487804878048,1.6716006028330839,416.3333333333333,0.2691921283514326,244.2133891213389,-0.23574193278059147,538.2556390977444,0.9516291065029312,282.6467661691542,-0.09926164568822976,620.5428571428571,0.791205206353628,548.4651162790698,0.42003283544944015,522.4380952380952,0.5491865894935122,681.024154589372,0.649872080258227,602.0364372469636,0.5273034650704426,443.4440298507463,0.13315903491307987,445.5813953488372,0.3975795225909199,436.3608562691131,0.3309740390570781,891.136186770428,1.3778089712655375,503.9328063241107,0.1754331295221377,229.22549019607843,0.4681163014846932,349.7216494845361,-0.32883334432500166,472.95752895752895,0.1709040439089016,479.3565891472868,0.34750637122071376,311.8780487804878,0.014453661129477829,906.7843137254902,1.294489028913062,665.8659793814433,1.2382049727107336,497.36129032258066,0.31567854101351495,90.72727272727273,-0.45919583830063937,403.2129963898917,0.15525444766239158,925.6992481203008,0.6750030440872262,482.2988047808765,0.15771122106845645,369.565371024735,0.05223496932947387,517.6060606060606,0.24683902682173714,305.7586206896552,0.19985308473724406,693.5702127659574,0.4696775147608863,546.7798507462686,0.23614225290567717,369.5967213114754,0.3285053475148052,553.2648221343874,0.4234519339893184,1583.9619565217392,2.5816733704221213,646.1960784313726,0.4955092972431369,1085.525,2.1061903474246115,309.3794466403162,0.5983704475143198,578.9021739130435,0.4223849565144239,652.7982062780269,0.5452075151257826,597.5726495726495,0.10504188398925246,540.4274809160305,0.28967030484755807,1256.1563981042655,1.713750231649993,471.86721991701245,0.08677889324776997,643.3617021276596,0.8032118854471256,662.4392523364486,1.021907492191177,1037.0277777777778,3.2734742702119024,949.9004329004329,1.581788745303876,503.7626459143969,0.8890364188163882,447.2819383259912,-0.012261487605235174,977.8117647058823,2.872846645263202,755.0157068062828,0.6202618116937764,555.1238532110092,0.06765418157276021,1533.4788732394366,7.256952396842128,317.8290322580645,0.005077053493190177,1307.2648401826484,2.422944853345576,990.1143911439115,1.789321363302764,1234.3015873015872,3.403925877262534,664.0811594202899,0.9317185371052383,746.5271317829457,1.1071333625802326,1078.4410256410256,1.6339250488155876,777.5353982300885,1.1426916586189066,537.3935185185185,0.749367405284106,216.02008032128515,1.172432733705442,714.1784386617101,0.9469191565519038,782.1423357664233,5.181962413280833,807.8458333333333,1.0960097728673202,1782.5675675675675,4.577052191162967,681.017094017094,0.5861188967098766,1300.8817733990147,3.05638843660717,721.6807511737089,0.9683563268138897,775.8728813559322,0.7243080863726681,784.1497005988024,0.7065882310012013,1163.291095890411,1.135566047818734,569.5390946502058,0.6114226366236015,1938.8345588235295,9.334493448874571,951.9710144927536,1.3532038934658703,534.1662198391421,0.7091251589083913,230.26132404181186,3.151876307572455,1379.0295566502464,5.038238459763124
9,393.9149659863946,0.7859858152528441,271.76785714285717,0.04235442379080312,744.2411067193676,1.2702068581363353,423.7111111111111,0.42048996113587545,400.7227138643068,0.1516767963131423,173.65480427046262,-0.09384482252751136,289.41970802919707,0.12409864160133116,403.5774647887324,0.2610685679077545,512.616858237548,0.3605989389213692,273.2671232876712,-0.01365047225961482,556.2838427947598,0.5178837396068413,302.72843450479235,0.10606706160445926,312.4212765957447,-0.22267054736723965,307.671686746988,-0.10020163474777156,696.3739130434783,0.7763517612573296,544.6926829268293,0.408380001009031,418.81553398058253,0.2652925941460642,726.366935483871,1.5774498357428202,574.3923611111111,0.6838058439793694,389.6459016393443,7.321180174249149e-05,825.1365853658536,1.446521705172967,577.3364779874214,0.7600102000122708,246.0878661087866,-0.22987581641150798,641.2744360902255,1.3251588349874523,280.25373134328356,-0.10688776602238383,619.584126984127,0.7884378190055367,492.2480620155039,0.27448107546132194,571.3380952380952,0.6941898442651768,694.1449275362319,0.6816589072166396,508.68016194331983,0.290468360189846,539.4664179104477,0.37853078255032546,422.37984496124034,0.32480715809692867,372.1896024464832,0.13524091665485158,985.3151750972762,1.6291057390018728,462.8695652173913,0.07965231629334055,279.75,0.7917097046625456,342.4226804123711,-0.3428411264261691,598.5675675675676,0.4818776370098054,465.48837209302326,0.30852180052495143,367.3205574912892,0.19479291925874143,701.6225490196078,0.7753562967465051,736.2680412371134,1.474850558780213,423.4935483870968,0.12027490822454813,83.33333333333333,-0.5032693905566995,427.42599277978337,0.2246276375672322,1402.8308270676691,1.538346996013096,450.3187250996016,0.08094616021682044,502.7243816254417,0.4313683471318001,487.90909090909093,0.17530327093593995,390.5073891625616,0.5324228453233587,684.263829787234,0.4499572592541831,357.63432835820896,-0.19147184416224197,386.344262295082,0.3887039274034356,538.7154150197629,0.3860188985474235,839.1086956521739,0.8974024330146742,578.8862745098039,0.33973237299334186,1092.415,2.1259058320921733,498.7628458498024,1.5767962344676898,755.6739130434783,0.8567199336599594,544.3094170403588,0.28840887379259084,978.3974358974359,0.8092697961119015,474.78625954198475,0.13302480296349478,1227.3791469194314,1.651581004802962,457.9460580912863,0.054716431175607934,649.9290780141844,0.8216189031723283,962.411214953271,1.9374866287279107,985.2685185185185,3.060180212492775,797.3636363636364,1.1672002569705013,528.182879377432,0.980608731177775,439.1453744493392,-0.030229567267937213,973.1725490196078,2.8544719727998937,976.8062827225131,1.0962238309088805,608.4082568807339,0.17013458493054606,1589.4460093896714,7.558305083888842,343.4516129032258,0.08610384854324155,903.4246575342465,1.3655289172011074,1031.140221402214,1.904898134845804,1300.904761904762,3.6415626486645687,524.3130434782609,0.5251527783398762,867.7635658914729,1.4493330284654018,1077.0205128205127,1.6304556664282768,639.5752212389381,0.7625081696955507,450.0138888888889,0.46492207668901653,212.17670682730923,1.1337813714165703,682.5241635687732,0.8606265562310554,752.3138686131387,4.946201664431079,862.9291666666667,1.2389271467335488,1878.6810810810812,4.877758930640092,721.4230769230769,0.6802262158804979,2034.0147783251232,5.342431876132838,481.09389671361504,0.31216498964076894,649.6059322033898,0.4436910849318679,851.8323353293413,0.8538896809489427,1053.4349315068494,0.9338924550009744,632.8765432098766,0.7906261352310513,1884.6213235294117,9.04552277706577,1681.4202898550725,3.1563500489011864,439.44772117962464,0.4060626232022548,210.73170731707316,2.7997348729966265,1229.655172413793,4.384185653243949
10,412.1700680272109,0.868753305996055,271.425,0.04103940933934217,801.2648221343874,1.444149991138268,425.52962962962965,0.42658653786458406,448.56637168141594,0.2891794350514312,166.17081850533808,-0.1328973121933646,260.33576642335765,0.011137366523828884,524.9295774647887,0.6402605404453832,597.4789272030652,0.5858417087087975,297.6575342465753,0.07438598833350026,509.5807860262009,0.39044913697164385,313.54632587859425,0.1455919689497185,193.40425531914894,-0.5187945406208344,347.7831325301205,0.017105920345025328,670.4565217391304,0.7102401467520353,788.8829268292683,1.039768427425458,379.5598705501618,0.1466964672433198,684.008064516129,1.4271430697205911,683.3159722222222,1.0031106003682635,338.08196721311475,-0.1322718463595642,865.0829268292683,1.5649622072253186,679.2484276729559,1.0706887692496472,288.10460251046027,-0.09838577047772169,619.7593984962406,1.247148739884109,309.1243781094527,-0.014882825691622643,637.0698412698413,0.8389105657382785,530.531007751938,0.37359957610960126,560.2476190476191,0.6613032359914204,722.3913043478261,0.7500895321156966,483.48582995951415,0.2265529754085479,619.6417910447761,0.5834077057446017,447.81007751937983,0.4045698516226682,452.2354740061162,0.3793942944130617,735.6186770428016,0.962843295638126,504.4189723320158,0.17656712124676388,311.11764705882354,0.9926094996499404,414.9450171821306,-0.20366022554903393,712.5405405405405,0.7640412706970021,418.1162790697674,0.175355388271288,346.390243902439,0.126712355936564,1071.8823529411766,1.712246188958212,1293.2113402061855,3.34692887464264,382.0258064516129,0.01057956347140738,112.76969696969697,-0.3278060763700733,464.20216606498195,0.3299958626396361,1215.3984962406016,1.1991982656525606,402.9880478087649,-0.03266651237785203,588.7137809187279,0.6761993297456311,939.2597402597403,1.2625424808725274,623.1576354679803,1.4453852176182331,666.931914893617,0.41323087577050566,354.5410447761194,-0.1984650399261706,490.11475409836066,0.7617041336436761,539.9881422924901,0.3892933993385917,868.3913043478261,0.9636166115496303,558.3490196078432,0.29220244102549203,1139.77,2.261410444056239,722.2687747035573,2.731511828549841,1032.1684782608695,1.5360777385630866,471.2017937219731,0.11535930368326063,1399.1025641025642,1.5872451398767193,501.59923664122135,0.19701100198288912,1397.867298578199,2.019896814646218,497.15767634854774,0.14502649573058005,634.7588652482269,0.7790998849064443,1073.5514018691588,2.276710453125668,966.1481481481482,2.981387327127838,584.7402597402597,0.5892990141227881,542.692607003891,1.035018092681218,484.92070484581495,0.07085668924269474,937.0313725490196,2.711326595435688,1297.0628272251308,1.7834935715577807,600.5045871559633,0.15493367799309227,1553.380281690141,7.364110692319943,385.76774193548385,0.21992098280820108,701.9406392694063,0.8379627636934052,1062.6789667896678,1.9937481677994258,1489.8624338624338,4.31575410219816,539.3565217391305,0.5689121372779151,837.4457364341085,1.36375849646138,1046.5128205128206,1.5559453566011576,504.8185840707965,0.3911528293972471,447.3703703703704,0.4563166786479125,180.14859437751005,0.8116866856759749,748.2304832713754,1.0397483073374552,724.043795620438,4.722758282491744,920.5791666666667,1.3885039080658585,1713.4702702702702,4.3608700725680585,630.8803418803419,0.469348186132433,2041.615763546798,5.366133144911063,568.1502347417841,0.5496077833806691,538.4237288135594,0.19659858180071763,1010.5389221556886,1.1992915768540067,1074.3287671232877,0.9722492911435378,875.9341563786008,1.4783199977644679,1788.3970588235295,8.5326223706334,1106.7777777777778,1.7358750804570802,575.745308310992,0.8421621491791662,212.01045296167248,2.8227921266075686,1371.142857142857,5.003705644961251
11,368.1190476190476,0.6690287349851873,347.1142857142857,0.3313425475665382,742.6363636363636,1.2653118063585032,445.0740740740741,0.49210921688168174,454.7492625368732,0.30694905899837327,156.66548042704628,-0.18249750234909168,202.3941605839416,-0.21390632818446897,645.2957746478874,1.0163717982571956,709.1149425287356,0.8821484757545465,299.81164383561645,0.08216118262064856,443.0480349344978,0.20890695784589647,372.5814696485623,0.36128636880964204,207.8808510638298,-0.4827755973247306,395.9759036144578,0.1580476400630361,734.7304347826087,0.8741938453314285,988.0585365853658,1.5547651480752736,421.4789644012945,0.2733391409260278,598.0120967741935,1.1219938646795553,613.4340277777778,0.7982547659059468,349.60983606557375,-0.10268418027606747,846.1073170731707,1.50869971449316,549.6729559748428,0.6756779557028041,303.9456066945607,-0.04881184955506536,636.0864661654135,1.3063480834161412,387.94029850746267,0.23628764901454974,707.6444444444444,1.0426250959880212,577.6550387596899,0.49560855969589057,582.8142857142857,0.7282202117790255,795.9130434782609,0.9282057764014409,529.408906882591,0.343055017763403,613.3656716417911,0.5673699626993757,446.45348837209303,0.400314868733778,632.2354740061162,0.9284245834235013,658.307392996109,0.7565544393270515,493.1106719367589,0.1501902893430591,268.3921568627451,0.718966334606944,445.97250859106526,-0.1441139616170944,871.2007722007722,1.1568374426238284,410.7674418604651,0.15469727031735697,372.21254355400697,0.21070520674073523,1194.1421568627452,2.021607273539152,1426.3041237113403,3.7942995755003035,355.36451612903227,-0.059948015243855665,124.26666666666667,-0.2592753151981503,423.898916967509,0.21452213487794802,846.6278195488721,0.531927543241344,445.0916334661355,0.06839903677875568,647.6678445229682,0.8440546868004556,1121.3636363636363,1.7012047413815572,781.128078817734,2.065290302626111,674.1021276595744,0.4284245797159995,399.160447761194,-0.09759093263418235,647.3737704918033,1.3269673845791228,624.1264822134387,0.6057663755547331,1710.0108695652175,2.866696652300598,521.5254901960784,0.2069807375353047,989.285,1.8308030840855405,572.4861660079051,1.9576786024239083,1263.1576086956522,2.103626936086285,411.56053811659194,-0.02581466935569486,1415.051282051282,1.616737790422001,519.0190839694657,0.23858153754509792,1644.7061611374409,2.5531576581695914,572.0912863070539,0.31760950692616097,555.7872340425532,0.5577584784592176,967.107476635514,1.9518206324076846,1198.0555555555557,3.9370515435201927,545.2034632034632,0.48183969229429724,629.9377431906614,1.362174623555503,491.215859030837,0.08475835997252766,885.5725490196079,2.507512181180795,1452.0471204188482,2.116089475736184,672.0871559633027,0.29260643061002134,1513.2957746478874,7.148277352666823,789.7129032258065,1.4973247794281912,755.8401826484019,0.9790934351042817,1026.5719557195573,1.8920285501030196,2150.7619047619046,6.673810117119363,447.95072463768116,0.30302555074399345,810.8759689922481,1.2887631734125986,970.0923076923077,1.3693000990715332,470.716814159292,0.2971769434120549,512.949074074074,0.669793847215754,185.33333333333334,0.8638276561200011,788.4869888475837,1.149491415837099,719.4598540145986,4.686527339073746,940.2708333333334,1.4395952476189446,1710.8054054054055,4.3525326099640305,544.2179487179487,0.26750764404242433,1981.8817733990147,5.179871586126387,639.1737089201878,0.7433215612859274,572.9152542372881,0.27325291220536563,1269.3952095808384,1.7626547883722685,1348.7465753424658,1.47602461979517,955.3991769547325,1.7031539629460581,1701.172794117647,8.067694309554884,1170.2125603864733,1.8926813015955282,665.3887399463807,1.1289864346704226,196.34843205574913,2.5403878896016185,1195.295566502463,4.23373819337945
12,289.0204081632653,0.3104004515431579,488.65,0.8741969508102404,667.6126482213439,1.0364621073559603,464.8,0.5582403119063288,391.7846607669617,0.1259888380310648,176.67259786476868,-0.07809755137361517,195.65328467153284,-0.24008771544361654,824.2957746478874,1.5756975618343454,758.4291187739464,1.0130392468924756,310.708904109589,0.1214945184262216,457.3886462882096,0.24803694709825627,382.13418530351436,0.39618875302769435,340.7063829787234,-0.15229491065671574,418.921686746988,0.22515351636377412,952.3782608695652,1.4293827919042386,952.3951219512195,1.462552343474093,465.3009708737864,0.4057307447504352,557.1532258064516,0.9770097180728683,455.74305555555554,0.3359906437700962,362.61639344262295,-0.06930128171143948,931.5073170731707,1.7619098585193562,381.16037735849056,0.16196737529909813,351.5732217573222,0.10023726345671398,605.8421052631579,1.1966868541471571,480.04477611940297,0.5298060809193199,758.9777777777778,1.1907994450563648,549.2906976744187,0.4221703509539541,516.8428571428572,0.5325950202699553,733.743961352657,0.7775928617741169,643.2064777327935,0.6317475511769858,633.679104477612,0.6192780917946257,454.5503875968992,0.4257110380334685,639.9388379204893,0.9519211396249504,529.1867704280156,0.412023289907015,527.2569169960474,0.22983707396945025,282.1421568627451,0.807030707937096,438.9965635738832,-0.1575018136252721,992.5250965250965,1.457200864872305,464.77131782945736,0.30650610863598665,411.06271777003485,0.33707415647309374,1313.4705882352941,2.3235509358603834,1351.7577319587629,3.5437234687689507,404.2516129032258,0.0693738789400297,88.54545454545455,-0.4722011488024276,387.87003610108303,0.11129499379395959,459.7218045112782,-0.16815809934676268,403.199203187251,-0.03215965449506432,623.660777385159,0.7757012166595736,1311.0865800865802,2.1582201987359233,755.0738916256157,1.9630488783212998,425.55744680851063,-0.0982423995412132,498.67537313432837,0.12738920129099984,873.2032786885246,2.13870540054801,960.9249011857708,1.4722887743604556,1296.5108695652175,1.9316855981703844,596.3960784313725,0.3802557921715832,1128.265,2.228489304564178,305.30434782608694,0.5773169561266476,1400.195652173913,2.4403346913812696,968.1748878923767,1.2917206241375645,519.4487179487179,-0.039426268373636796,525.0343511450382,0.2529363061791997,1873.5023696682465,3.0474398708288923,408.5726141078838,-0.05899779719895435,581.0460992907801,0.628553935941193,1276.9065420560748,2.897394206495229,2014.3148148148148,7.300763699564447,691.8961038961039,0.8805440150228909,734.3307392996109,1.7536331271156758,842.0,0.8593995334330807,951.6549019607843,2.76924642097726,906.4240837696335,0.9451838086174721,714.8211009174312,0.37479543178780494,1363.7981220657277,6.343313539762831,890.6709677419354,1.8165864695555305,678.6438356164383,0.7769623667484467,1094.029520295203,2.082068032076245,2183.3809523809523,6.790193235620598,640.1565217391304,0.8621251365899065,625.6007751937984,0.7658089156365518,1618.225641025641,2.952265306301375,705.0796460176991,0.9430218606420648,829.3101851851852,1.6996384527162764,174.49397590361446,0.7548203135728075,835.3977695167287,1.27737471864964,666.5985401459855,4.268717638065568,889.4,1.3076074853244828,1695.6378378378379,4.305078411045363,1555.2649572649573,2.6222807911583907,1984.871921182266,5.189195416423459,1322.3427230046948,2.6066386152179533,611.9618644067797,0.36003051106025935,1621.3952095808384,2.5287317974608317,1143.1198630136987,1.0985357634588422,1006.7078189300412,1.848323816798159,1608.6911764705883,7.574743187260678,1528.574879227053,2.7785271846410873,1058.7265415549598,2.387515161704836,205.3275261324042,2.7022912753111474,1156.7536945812808,4.064978203991657
13,292.9625850340136,0.32827403488047513,711.575,1.7292166075366766,683.897233201581,1.0861360318009567,508.3222222222222,0.704148403839229,506.38643067846607,0.45535424372700917,187.73665480427047,-0.020363747107738753,241.14598540145985,-0.06339524539203342,974.2629107981221,2.044303611771264,794.1954022988506,1.107970903218524,336.6609589041096,0.21516768584753954,535.6943231441048,0.4617028932837973,440.3226837060703,0.6087897977646133,621.2425531914894,0.5457018135463837,379.0421686746988,0.10852424329712013,1096.7434782608696,1.7976381262497823,888.6731707317073,1.297790222491297,519.411003236246,0.5692037242899146,516.0362903225806,0.8311098519968406,469.0104166666667,0.37488332703952454,374.47868852459015,-0.038855270366134786,880.4878048780488,1.6106375162351279,369.75786163522014,0.1272068071660839,321.7615062761506,0.006942443970732336,655.5300751879699,1.3768475088703596,588.3233830845771,0.8748682076397553,836.1365079365079,1.41351914537214,519.3720930232558,0.34470799330445845,575.9238095238095,0.7077878707862707,654.3623188405797,0.5852802179668135,718.7813765182186,0.8234731638577654,604.3171641791045,0.544247770734647,423.4767441860465,0.32824761568994554,636.9296636085627,0.9427426516129513,536.5758754863813,0.4317395583721982,518.3201581027668,0.20899190901514184,372.6372549019608,1.3866230059934008,438.3127147766323,-0.15881421882213298,915.081081081081,1.2654722099552078,463.6007751937984,0.30321562782264944,423.0,0.3759028579783009,1037.578431372549,1.6254449833170013,1538.8144329896907,4.172485489040977,423.98387096774195,0.12157196714344953,144.4,-0.13926519995664888,382.2274368231047,0.09512825817128691,700.4436090225564,0.2674150699663892,421.29083665338646,0.011267546367933002,561.6925795053004,0.5992639476191481,1285.8008658008657,2.097310526705465,875.9113300492611,2.437237219821962,591.263829787234,0.2528899597118878,623.6940298507462,0.4100273485412145,894.7180327868853,2.2160395981261605,787.5652173913044,1.0262651572777308,1996.3369565217392,3.5141405613458137,506.0549019607843,0.17117673111690343,1580.175,3.5216133504448863,293.5375494071146,0.5165252550004594,1220.2282608695652,1.9981478736601466,780.5336322869955,0.8475639528712448,670.9487179487179,0.24073020388809865,627.824427480916,0.49823343440572093,1783.7251184834124,2.8534886744910612,1362.1991701244813,2.137342972777967,541.4858156028369,0.5176745138340864,1325.0467289719627,3.044328441230585,2183.8425925925926,7.999368512226255,611.5541125541125,0.6621779191272416,745.0622568093386,1.7938747519551765,1370.0881057268723,2.025583354573349,887.6901960784314,2.5158996056357283,1898.9424083769634,3.075125641973464,639.045871559633,0.22905905239151828,1505.2582159624412,7.1049994564983825,786.416129032258,1.48689932499773,1103.4794520547946,1.8893527884187722,1103.1328413284132,2.107713642383555,2179.5238095238096,6.776431144235781,345.64057971014495,0.005419752586776837,560.3720930232558,0.5816956710577128,1719.5076923076922,3.1996310180320204,561.5752212389381,0.5475598216811526,868.425925925926,1.8269712163752736,168.91164658634537,0.6986809263402773,735.7620817843866,1.005758244920999,689.7883211678832,4.452006980802792,909.4916666666667,1.3597366514956595,1778.3621621621621,4.563894897236123,1726.9871794871794,3.0222294327483517,2092.56157635468,5.524991551718841,1335.6807511737088,2.643017570997226,632.2161016949152,0.4050437419366988,1477.6586826347304,2.215910068314093,1203.2568493150684,1.2089350492584507,980.0946502057614,1.7730259787438172,1606.922794117647,7.565317248488126,1303.2898550724638,2.2216388047332054,807.7533512064343,1.5844980896680807,198.27177700348432,2.5750680094742067,1205.6847290640394,4.279228328555684
14,343.8061224489796,0.5587954531084457,646.5142857142857,1.4796789173047682,657.1264822134387,1.0044754759111605,556.8148148148148,0.8667196443870518,554.7227138643068,0.5942726874267196,190.37010676156584,-0.006622024638536974,266.2189781021898,0.033987608138201376,1101.6572769953052,2.4423759645571104,700.9616858237548,0.860507922496718,371.38013698630135,0.340485523181575,593.9781659388647,0.6207369878487324,537.8785942492012,0.9652260192021479,1050.136170212766,1.6128238872719303,384.1265060240964,0.12339359472737021,1038.0347826086957,1.6478805133215846,804.5365853658536,1.0802431764290399,601.3592233009708,0.816779249881942,424.8790322580645,0.5076462575689937,546.2222222222222,0.6012263256949225,418.1475409836066,0.07322610749680437,703.7268292682927,1.0865429952473378,441.15723270440253,0.344867783299589,299.8117154811716,-0.0617487311904548,701.2368421052631,1.5425729564094905,642.5820895522388,1.047779784280679,924.6285714285714,1.668952663014693,627.9922480620155,0.6259367937668843,601.1428571428571,0.7825699564100642,803.5893719806763,0.9468027086683473,855.4372469635628,1.1701548122440637,794.7835820895523,1.0309579929365285,399.13953488372096,0.2519132226632547,700.7217125382263,1.1373191352819585,512.727626459144,0.3681055355058951,636.3241106719368,0.48423843697218666,339.6372549019608,1.175268510001036,493.63573883161513,-0.052641297896194775,955.3552123552123,1.365179139830581,447.64728682170545,0.258369207201141,413.7247386759582,0.3457329795758311,644.9901960784314,0.6320561640267423,1599.5103092783504,4.376505241271766,423.7064516129032,0.12083810486038682,139.6909090909091,-0.1673349951230085,392.94945848375454,0.12584815887463818,606.812030075188,0.09799375945112555,507.49800796812747,0.2181994495332126,490.29328621908127,0.39597424822752814,1229.2380952380952,1.9610588960343533,874.1527093596059,2.4303360686635544,922.6255319148936,0.9550464737982999,702.6194029850747,0.5884592867783894,825.5901639344262,1.9675613564715244,697.8853754940711,0.7955348825857574,1970.5054347826087,3.455730021149703,537.1176470588235,0.24306609356054273,1753.925,4.018792662634865,388.70750988142294,1.008209023800043,1407.766304347826,2.4589360756020078,1193.085201793722,1.8240951066765734,932.5470085470085,0.7244823771139562,717.3015267175573,0.7117606178379863,1531.1090047393366,2.307746887699155,1452.4730290456432,2.3452568102867475,544.6170212765958,0.5264506459352496,1300.4485981308412,2.969249639867072,2328.449074074074,8.595275479386983,551.9004329004329,0.5000417694725162,674.5758754863813,1.529561106571728,1470.52422907489,2.2473777499333623,935.7882352941176,2.7064028666352917,1770.3141361256544,2.799089692583051,719.0825688073395,0.38299139379877123,1475.8732394366198,6.946777288205004,630.6612903225806,0.9943527088329711,1004.2602739726027,1.6295570955106957,1166.309963099631,2.2856943858255767,2151.5714285714284,6.676698457286547,368.02028985507246,0.07051917654835622,625.6899224806201,0.7660605410822297,1604.1128205128205,2.917796929659211,505.7212389380531,0.39364031878883643,998.4675925925926,2.250293502849125,167.20883534136547,0.6815563938319374,786.6245353159851,1.144414188266841,689.521897810219,4.4499012014480845,1423.4541666666667,2.6932465594966537,1729.3135135135135,4.410438232593223,2039.6709401709402,3.750483724559671,2074.349753694581,5.468203741820528,1927.206572769953,4.256381363116015,623.1016949152543,0.3847877880423011,1975.0,3.2983014004258875,1362.13698630137,1.5006066931138757,1037.3086419753085,1.9349041049954818,1609.6360294117646,7.5797794996609795,1758.3381642512077,3.346485503395617,642.4718498659518,1.055661256204075,196.39721254355402,2.541267457859257,1223.7093596059112,4.358151232590695
15,390.2482993197279,0.7693613779468664,446.35,0.7119570428612522,503.5098814229249,0.5358888075726207,590.8925925925926,0.9809652706209567,582.5958702064896,0.674380119046307,187.09252669039145,-0.023724898144124693,383.54379562043795,0.4896741572555894,1123.2441314553992,2.5098289469823665,816.3754789272031,1.1668417504034725,443.7842465753425,0.6018259963435575,562.7248908296943,0.5354588718075816,650.2811501597444,1.3759068491551638,1263.8170212765958,2.1444791599391424,406.5,0.18882578810645675,1051.121739130435,1.6812634959857242,710.3170731707318,0.8366252964028053,604.2718446601941,0.8255786327518899,439.51612903225805,0.5595847212206541,838.1805555555555,1.4570892882771278,426.4688524590164,0.09458375724649566,566.6048780487805,0.6799777842702218,582.2767295597484,0.7750705564758575,311.0836820083682,-0.026473468917439496,665.5827067669173,1.413296747784625,708.2835820895523,1.2571572169892837,866.4730158730159,1.5010858788104267,937.4147286821706,1.4270635554610007,779.1428571428571,1.310393664985858,721.8405797101449,0.7487553280386496,947.417004048583,1.403497834395166,800.320895522388,1.0451078209264897,389.44573643410854,0.22150833064864184,722.9204892966361,1.2050291398338917,619.2295719844358,0.6522835155799012,503.67588932806325,0.17483386560261974,256.8872549019608,0.6452810995959399,522.0412371134021,0.0018729802809469534,945.6563706563707,1.341167654081666,500.34496124031006,0.40650621759230493,505.78745644599303,0.6451877230581967,622.1666666666666,0.5743044616167001,1358.4020618556701,3.566057350775362,452.7096774193548,0.19756084656987632,131.12727272727273,-0.21838083884252732,371.1696750902527,0.06344642118328524,648.9586466165414,0.17425579720052817,607.9482071713147,0.45932035139596317,508.2897526501767,0.4472141986878628,1237.4199134199134,1.9807677267375834,828.2512315270936,2.250210224142431,1317.527659574468,1.7918453542432367,720.8059701492538,0.6295748913059986,896.911475409836,2.223923867888395,766.9565217391304,0.9732426506778827,2130.4891304347825,3.817487031827783,624.6980392156863,0.44575579580190083,1547.975,3.429474220358455,372.95652173913044,0.9268335018021053,1613.5,2.9644316963314012,1141.793721973094,1.7026854898630712,1644.4102564102564,2.0408724513987675,729.5801526717557,0.7410621982287894,1774.2701421800948,2.8330625204133555,1268.1991701244813,1.9208472899813174,704.2021276595744,0.973735213261004,1256.2757009345794,2.834424429135823,2302.6666666666665,8.48902909231741,742.9090909090909,1.0191951316797327,784.6381322957199,1.9422785105637907,1260.9603524229076,1.7845951199201513,1016.4274509803921,3.025792883425673,1890.1361256544503,3.05622738135499,1434.0229357798164,1.7580162066546976,1514.056338028169,7.152372574150051,573.4806451612903,0.8135292203453457,982.4885844748859,1.5725500604982376,1187.3136531365315,2.3448653683424854,2219.3174603174602,6.9184128853951945,439.9768115942029,0.27983056106411974,704.0891472868217,0.9873487102007857,1708.1538461538462,3.1719010086258614,494.5221238938053,0.36277837932749984,1179.1064814814815,2.8383240120746844,176.22489959839356,0.7722275624197287,860.2565055762082,1.3451420255604458,692.2737226277372,4.471651306015895,953.8583333333333,1.4748489205522102,1818.6432432432432,4.689920802561107,1913.8504273504273,3.457442191929165,2132.5960591133003,5.6498264262234645,1683.0516431924882,3.590458239110002,674.3898305084746,0.4987710822951097,2102.874251497006,3.5766011848755035,1375.859589041096,1.525798603034094,952.679012345679,1.6954576785863982,1596.4595588235295,7.50954547770501,1246.657004830918,2.081646471292795,563.6997319034853,0.8036209668149524,195.65156794425087,2.527822628778217,1181.6945812807883,4.174184725754233
16,378.9183673469388,0.7179921751025147,407.36071428571427,0.562415243209183,389.45849802371544,0.18799048479097755,658.0851851851852,1.2062281932527907,669.1740412979351,0.9232057215476192,203.135231316726,0.059988189546634665,429.6058394160584,0.6685779410117894,931.018779342723,1.909177595868908,1029.2107279693487,1.7317537492156827,520.5479452054794,0.8789022760676061,564.9606986899563,0.5415595278664146,649.3769968051118,1.3726033793445591,965.8255319148936,1.4030521872349795,431.02710843373495,0.26055631458544193,920.3173913043478,1.3476000297230541,662.590243902439,0.7132208263962465,514.0776699029126,0.5530910765458319,573.6048387096774,1.0353868342433297,865.3506944444445,1.5367373507171374,487.0,0.2499442496337306,536.7170731707317,0.5913607423756366,569.1069182389937,0.7349223878765568,306.4769874476987,-0.04088997365485235,544.5451127819549,0.974433735038296,810.6915422885572,1.5835107740749959,812.4,1.3450033996712123,1186.7519379844962,2.0726233436763657,811.7428571428571,1.4070625015003013,526.3526570048309,0.2751596948651868,940.1174089068826,1.3849795250972905,839.1082089552239,1.144223361327872,394.3333333333333,0.23683842614261488,711.1345565749235,1.1690800617868948,689.1556420233463,0.8388664858736415,405.94466403162056,-0.053126129382002216,248.6421568627451,0.5924738710963624,537.7250859106529,0.03197256479588449,754.7837837837837,0.8686231439370041,555.7364341085271,0.5622156921068772,582.4216027874564,0.8944575598665817,892.9264705882352,1.2594237233475145,1072.2577319587629,2.604227670449623,471.1258064516129,0.24627735556992927,181.96969696969697,0.08467902171164345,400.81949458483757,0.14839677285891623,1173.812030075188,1.123949789906963,667.5776892430279,0.6024551048239483,576.0636042402826,0.6401814576372474,1324.1904761904761,2.18978561171935,857.4778325123152,2.3649007838702505,1172.9787234042553,1.4855456929230706,672.3171641791045,0.5199529625336797,949.9147540983606,2.4144427094075014,759.4624505928854,0.9539617391870291,2159.4945652173915,3.8830744614567854,686.2666666666667,0.5882457579739923,1350.915,2.86559419008417,421.1185770750988,1.1756567729551464,1525.641304347826,2.748559494384198,1040.493273542601,1.4629020273856277,1691.059829059829,2.1271376639797697,784.7290076335878,0.8726688302047652,1756.0189573459716,2.793633387905464,715.7634854771784,0.6485074947796963,787.7943262411347,1.2080271294792564,1300.6308411214952,2.969805884785988,2191.8055555555557,8.032182982644581,826.7662337662338,1.2471152590354428,1036.1245136186772,2.8853157464690087,849.9427312775331,0.8769395700502177,1010.5294117647059,3.002432353091931,1824.8848167539268,2.9161982362372467,1564.4587155963302,2.008879694040944,1495.81220657277,7.054137816842483,526.5870967741936,0.6652368220521824,1605.0684931506848,3.202714529620224,1119.0774907749078,2.1526324434122905,2130.5026455026455,6.601526100778532,618.1072463768116,0.7979869008593362,1018.5116279069767,1.8748316571067225,1729.6461538461538,3.2243926388974122,643.2433628318585,0.7726166437427449,1073.8148148148148,2.495569953145039,186.11244979919678,0.871662937503534,765.4275092936803,1.086629055321512,664.8138686131387,4.254611801018274,1307.2166666666667,2.3916606306958843,1792.6108108108108,4.608474109049953,1410.0811965811965,2.2841413988597634,2142.477832512315,5.680639611686277,1653.7605633802816,3.51056795220156,837.6440677966102,0.8615890235519018,1896.497005988024,3.1274510059452285,1377.4691780821918,1.5287534814125574,829.2633744855967,1.34627225052861,1583.1617647058824,7.438664769720985,1834.961352657005,3.5358925153122223,750.911528150134,1.402626256041092,199.09059233449477,2.5898321909417037,1280.472906403941,4.606696907145339
17,381.21768707482994,0.7284171469196212,466.11785714285713,0.7877758448282945,343.1304347826087,0.04667299245607395,629.8185185185185,1.1114642959136796,763.8731563421829,1.1953709112273336,228.77224199288256,0.19376571477383722,488.45620437956205,0.8971512325947638,876.0281690140845,1.7373470645189681,1266.8429118773947,2.3624823178985075,594.8835616438356,1.147214465569734,642.2052401746724,0.7523300454927827,576.5463258785943,1.1065048005369602,698.0808510638298,0.7368817250977497,526.0481927710844,0.5384493415819475,584.4173913043478,0.49076644444616957,626.819512195122,0.6207305383179458,660.3171521035599,0.9948983133538463,636.3266129032259,1.257949589643213,906.2256944444445,1.6565606083585165,867.8032786885246,1.2273218028953166,544.0,0.6129545474268224,572.2515723270441,0.7445088655745753,308.26359832635984,-0.03529883149056956,425.906015037594,0.5442672871488488,782.3731343283582,1.493265707667501,775.7142857142857,1.2391095977025186,1132.953488372093,1.933333600940908,817.1380952380953,1.423061010377144,555.5990338164252,0.34601295348309197,785.7165991902834,0.9932808219951912,876.1044776119403,1.2387621379589162,416.90697674418607,0.3076413414137486,637.4954128440367,0.9444682819810608,945.4941634241245,1.5228517677155708,557.9565217391304,0.3014445026293855,294.29901960784315,0.8848915442503856,551.8865979381443,0.05915056387258438,665.073359073359,0.6465264594720148,532.3565891472869,0.49649324089479285,765.0383275261324,1.4884596248372224,1296.5588235294117,2.280758115131293,840.3092783505155,1.8245690028588755,515.2032258064517,0.3628761257532755,156.47878787878787,-0.06726635598424911,504.46931407942236,0.4453661563922219,1682.3984962406016,2.044209669925711,733.5856573705179,0.7609007916546328,606.3886925795053,0.72652374211606,1551.3463203463205,2.7369715765291804,944.2364532019704,2.7053575743516887,1090.4255319148936,1.3106152142627854,691.4141791044776,0.5631268779978374,934.472131147541,2.358934621843788,658.5375494071146,0.6942999280016597,2198.4510869565215,3.971163405728975,653.8627450980392,0.5132524740613813,1229.1,2.5170249934544016,537.6126482213439,1.7775089084244597,1521.2445652173913,2.7377565368575816,1236.0,1.9256766797579872,1771.320512820513,2.2755571360834526,860.0763358778626,1.0524768807160627,1866.2369668246445,3.0317439840112868,521.5892116182573,0.20129587775170982,944.6560283687943,1.6476785490658339,1261.03738317757,2.848958110478798,2207.1111111111113,8.095255447297484,843.6320346320347,1.2929557843659807,1094.284046692607,3.103405509513248,793.3876651982379,0.7520482832555401,1014.2078431372549,3.0170016200155017,1838.5968586387435,2.945624243704419,1660.467889908257,2.1935314538789665,1528.0516431924882,7.227729705270448,610.9967741935484,0.9321672193925692,1666.9634703196348,3.3647804607431,1113.479704797048,2.1368625241434662,2091.3386243386244,6.461790846415817,841.3797101449276,1.4474550433715112,1234.875968992248,2.485537554003743,1688.8051282051283,3.124644764050686,888.137168141593,1.4474822705412969,1221.648148148148,2.9768091304629576,149.15662650602408,0.5000121164145105,905.3085501858736,1.4679582349894957,657.3795620437957,4.19585190313415,1786.7791666666667,3.6359174495410858,1736.9945945945947,4.434469742451892,1884.8504273504273,3.3898999108195045,2136.266009852217,5.661270007065836,1759.2441314553992,3.79827030294028,1014.957627118644,1.2556525505927996,1993.754491017964,3.3391178333407177,1378.0650684931506,1.529847415110116,845.0864197530864,1.3910411058431211,1570.7573529411766,7.372546022488997,1798.5990338164252,3.4460074778810204,1055.6782841823056,2.3777619179149156,210.45993031358884,2.7948344212754996,1180.6354679802955,4.169547277170596
18,470.00680272108843,1.1309814432417342,495.37857142857143,0.9000041094201606,335.84189723320156,0.02444029423360467,540.7851851851852,0.8129803692712668,758.6165191740413,1.1802633397228246,235.1814946619217,0.2272100960806379,487.4014598540146,0.8930546322060829,950.0328638497652,1.9685913798667956,1382.4406130268198,2.6693042785855132,680.1130136986301,1.4548476296782504,659.1397379912664,0.7985377490008986,575.6453674121406,1.103213003764555,427.97446808510637,0.06483515669087335,628.2951807228916,0.8374748176786723,494.17826086956524,0.2605791337504173,616.1414634146341,0.593120932344483,809.6957928802589,1.4461893294772488,745.641129032258,1.6458426336091938,1043.982638888889,2.060389008262023,936.6295081967213,1.403972623835238,535.3219512195122,0.5872242197737351,700.8176100628931,1.1364424197803547,323.30543933054395,0.011774133569374843,400.12406015037595,0.45078603042707205,654.6467661691543,1.0862274803520382,818.8063492063492,1.3634954118183933,1045.2403100775193,1.7062351226913823,801.1238095238095,1.375573821186657,549.8937198067633,0.3321910673866688,802.4777327935223,1.0358020646425596,829.2798507462686,1.1191083701381421,406.86821705426354,0.27615446803596067,619.7278287461774,0.8902741606906998,1000.3657587548638,1.6692650472816675,850.4743083003953,0.9837479625026735,292.53921568627453,0.8736205602840668,590.7285223367697,0.13369386005407885,736.1081081081081,0.8223876516728703,595.3914728682171,0.6736889013825467,503.05923344947735,0.6363135627317001,1341.9656862745098,2.3956537378598624,1233.8762886597938,3.1474833232261976,556.3516129032258,0.47172667555265796,144.9212121212121,-0.1361583757812218,566.3176895306859,0.6225693007860987,1806.0075187969924,2.267873553718446,825.8446215139443,0.9823594330077332,693.6819787985866,0.9750671813801683,1578.2640692640693,2.801812586747532,838.2364532019704,2.28939407119591,1184.7446808510638,1.5104777946496522,715.8320895522388,0.6183301024600193,954.5344262295082,2.4310479950502346,676.6482213438735,0.7408954641045563,2098.2010869565215,3.7444769288812028,682.1607843137255,0.5787434018979298,1610.585,3.6086304605668844,538.1343873517786,1.7802044087767126,1553.8641304347825,2.817904065998192,1240.5829596412557,1.936524785054665,1709.820512820513,2.161830251303936,1010.8549618320611,1.4122933655647685,1999.4028436018957,3.3194302382846534,462.26141078838174,0.06465531658694874,927.6489361702128,1.6000111316737864,1368.0140186915887,3.1754738778828457,2268.1203703703704,8.346667709607202,1045.3852813852814,1.8413124791888016,962.7626459143969,2.610219446714135,708.9162995594713,0.5655090696484407,1040.5882352941176,3.121487183549465,1818.0732984293193,2.901580735009758,1670.9311926605506,2.2136552314322646,1557.906103286385,7.388479788059648,692.4709677419355,1.1898146778565184,1614.4840182648402,3.22736815927536,1121.8671586715868,2.1604914143860756,2201.6084656084654,6.855228084483007,929.4521739130435,1.703645432838237,1413.8875968992247,2.9908123891617255,1749.6205128205129,3.2731769147045453,1128.858407079646,2.110849355691473,1364.898148148148,3.44312826564306,152.84337349397592,0.537088344817002,1324.7843866171004,2.611489735588933,661.9087591240876,4.231650152164193,961.2708333333334,1.494081145068702,1662.4054054054054,4.2011053479833675,738.4145299145299,0.7198000605153357,2179.4285714285716,5.79585880618107,788.1784037558685,1.1497261014205846,1153.8898305084747,1.5644169468222355,1945.5988023952095,3.2343139529125358,1390.373287671233,1.5524428042424507,811.798353909465,1.2968576804493417,1587.485294117647,7.461710308175287,1094.0,1.7042893326152404,968.2761394101876,2.0981088829147527,207.77003484320556,2.74633251449717,1228.0098522167489,4.376981430793091
19,595.8537414965987,1.7015635915570064,519.5392857142857,0.9926715340465458,299.99604743083006,-0.08490262343427678,528.8222222222222,0.7728745793858722,641.0029498525074,0.8422420246519624,240.41637010676158,0.2545264119619838,525.0364963503649,1.0392281381163857,920.2112676056338,1.875407094445911,1353.2605363984674,2.5918538774522317,729.9246575342465,1.634641271819062,731.061135371179,0.994783462455943,610.6709265175718,1.2311845215513468,319.0127659574468,-0.20627038770655048,632.343373493976,0.8493139221349852,575.2608695652174,0.46740944727318695,725.6487804878049,0.8762675949750265,832.6957928802589,1.5156751228736052,849.6612903225806,2.0149491203369845,992.8576388888889,1.91051832821516,815.8131147540984,1.0938827752826858,683.6048780487805,1.0268816115660642,902.9842767295597,1.752747484508252,593.1464435146444,0.8562330105223466,430.4661654135338,0.5608016651604432,620.3283582089553,0.9768616215890551,961.7650793650794,1.7761476868490458,953.8604651162791,1.4696432657222793,820.3666666666667,1.4326346988312473,542.8309178743962,0.31508048527577065,951.7813765182186,1.4145697908139734,831.0522388059702,1.1236374592858727,470.3333333333333,0.4752147246722144,667.9877675840978,1.0374750949563087,1174.2879377431907,2.133339701234681,988.8695652173913,1.3065576067796107,315.9264705882353,1.0234084836916084,610.7079037800687,0.1720371958055792,1081.3899613899614,1.6772041913042481,640.8410852713179,0.801451080247418,413.397212543554,0.3446676269951279,1391.4803921568628,2.5209436747249474,1467.4072164948454,3.932461231915447,515.7096774193549,0.36421585108398286,140.1030303030303,-0.16487843647267078,639.5126353790614,0.8322817542407946,2025.0338345864661,2.6641899020654214,824.4422310756972,0.9789931315975205,762.2897526501766,1.1704088028484299,1524.2597402597403,2.671723876153462,1044.7832512315272,3.099921709629716,952.9276595744681,1.0192567799086034,748.9104477611941,0.6931125879210894,938.8229508196721,2.374573524645709,838.00395256917,1.156035047327723,2152.6684782608695,3.8676392334983762,829.4509803921569,0.91962114006491,1816.335,4.1973766101098375,825.201581027668,3.2633013753177935,1539.3695652173913,2.7822903605303466,935.0269058295964,1.213257615964335,1670.2777777777778,2.088707128180813,1161.4198473282443,1.7715997824924654,1934.4170616113745,3.1790375441926755,591.9792531120332,0.3634143894036195,925.6205673758865,1.594326026847212,1356.7056074766356,3.140958167529559,2259.8055555555557,8.312403297472716,1067.7922077922078,1.9022135467223908,956.7937743190662,2.587837049142056,1500.5770925110132,2.313743878498036,1010.1647058823529,3.0009878522135818,1841.8219895287957,2.9525453664992938,1694.6559633027523,2.2592844192909483,1536.4366197183099,7.272878258165796,800.6774193548387,1.5319980862864466,1157.3150684931506,2.0303160734013397,1087.8228782287822,2.0645828612059987,2138.1428571428573,6.62878599098385,1168.5942028985507,2.3992759048659735,1414.4922480620155,2.9925190660976275,1763.5282051282052,3.307144297500166,1190.2787610619469,2.2801083764985903,1396.9537037037037,3.547478136109967,150.23293172690762,0.5108361133773294,1545.0483271375465,3.21195043571936,653.2554744525547,4.163255592574965,1128.7083333333333,1.9285088809850701,1745.7351351351351,4.461815943325549,532.7051282051282,0.24069377647545925,2123.862068965517,5.622592239869743,687.3051643192488,0.8745982436685761,1088.7966101694915,1.419753086419753,1947.3293413173653,3.2380802201897985,1420.1027397260275,1.607020036590196,949.9547325102881,1.6877497508313382,1613.0441176470588,7.5979454980854175,1406.4927536231885,2.4767489488334773,1141.4101876675604,2.6520708272500655,198.1219512195122,2.572366478397176,1167.0443349753696,4.110036948601972
20,594.734693877551,1.696489899651935,566.3928571428571,1.172376477678999,317.1501976284585,-0.03257620787813989,501.55185185185184,0.6814507617616747,562.6401179941003,0.6170273012977082,202.38434163701066,0.056069941653389146,463.56569343065695,0.8004771334570344,806.2300469483569,1.5192471320012908,1052.5900383141764,1.7938076289051899,721.5410958904109,1.6043810562150258,742.6026200873363,1.0262757162908964,495.4281150159744,0.8101263606385153,310.3829787234043,-0.2277419976432049,728.4548192771084,1.1303957555401105,816.1913043478261,1.081989049050803,870.2048780487805,1.250037838655971,866.9741100323624,1.619234082160816,899.2177419354839,2.190795874683791,970.5729166666666,1.8451916490151623,930.7049180327868,1.3887664484618365,840.819512195122,1.4930214260300085,913.8490566037735,1.7858687649549052,769.4602510460251,1.408001487479508,507.5563909774436,0.8403185287266072,555.0199004975125,0.7687367117627754,1081.5460317460318,2.1218969982094458,998.0503875968992,1.5840555392760947,841.5190476190476,1.495357890738515,703.768115942029,0.7049723679313517,1303.6072874493927,2.307115323977975,1074.8955223880596,1.746744776768347,519.0348837209302,0.627968610383374,740.2599388379205,1.2579173786835212,1161.307392996109,2.0987038552105353,1305.7430830039525,2.0456712862231985,366.20588235294116,1.3454321119437895,589.8797250859106,0.13206489480973407,1396.3166023166023,2.4568701334205088,715.2209302325581,1.0105382551081443,465.0731707317073,0.5127553304463035,1347.362745098039,2.409310229344711,1541.4175257731958,4.1812353807502385,526.241935483871,0.3920770179932791,193.0787878787879,0.1508977276832486,766.4873646209386,1.196079851055027,2044.718045112782,2.699807423219277,999.8525896414343,1.4000485818498976,819.9681978798586,1.3346321901180236,1595.6233766233765,2.843628677287188,1019.1970443349753,2.999516726109355,836.1659574468085,0.7718383570240901,717.044776119403,0.6210717051418971,897.1245901639344,2.2246899030670875,1179.6719367588933,2.035085970899654,2130.4891304347825,3.817487031827783,1326.1803921568628,2.0692156335993146,1826.395,4.226162934602678,855.205533596838,3.418313066029549,1516.2989130434783,2.7256048788239333,666.1165919282511,0.5767328309096695,1621.9786324786326,1.9993914967599182,1065.881679389313,1.5436085301573106,1717.5355450236966,2.7104953572734,1096.8091286307053,1.5261110766010928,803.2765957446809,1.2514207792569212,1367.1682242990655,3.172892330951464,2075.0046296296296,7.550859567421338,1183.6753246753246,2.2171789015922996,1095.4007782101166,3.1075930897630433,1535.8590308370044,2.391657441041935,984.3411764705883,2.8987078706659157,1819.9842931937173,2.905681724977501,1694.4357798165138,2.2588609465498,1531.0281690140846,7.243756683173948,971.0806451612904,2.0708675875478044,955.0319634703196,1.5006575895397827,1093.819188191882,2.0814754906139354,2017.94708994709,6.199933549298116,1067.1188405797102,2.104098371713411,1376.84496124031,2.886256546364176,1816.7435897435898,3.4371146261396044,1302.353982300885,2.588959449045487,1371.8333333333333,3.4657042485950282,162.91164658634537,0.6383411820773995,1629.5204460966543,3.4422295616254828,650.4598540145986,4.141159332496791,1478.1083333333333,2.8350504318872227,1712.345945945946,4.357352441286846,1307.1752136752136,2.0444688186769433,2091.093596059113,5.520414119381893,818.2910798122066,1.2318572602971267,1287.072033898305,1.860402482319594,1945.5329341317365,3.2341706001787993,1451.2157534246576,1.6641372069483649,1216.59670781893,2.4421719124044072,1643.7720588235295,7.761733432099927,1038.0628019323672,1.5660166013257657,1052.3458445040214,2.367099400737369,202.8780487804878,2.658124383516891,1169.2068965517242,4.1195059715239095
21,540.0,1.4483262214257844,781.3035714285714,1.9966576716025366,406.45849802371544,0.23984668601377593,549.8666666666667,0.8434260029551635,601.4306784660766,0.7285113446671205,211.38434163701066,0.10303320668664782,447.23722627737226,0.7370577904156559,709.3333333333334,1.2164715547340315,854.7011494252873,1.268566587921358,724.472602739726,1.6149622427170907,708.0262008733624,0.93193002356855,731.3226837060703,1.6720051361368082,364.9872340425532,-0.09188218565743038,792.9909638554217,1.3191343359574919,1285.2956521739131,2.2786081625274357,946.7756097560975,1.4480222995812522,905.1521035598705,1.7345744374016794,767.233870967742,1.7224625985829243,1016.2951388888889,1.9792243245691619,890.4295081967213,1.2853947504613603,932.1219512195122,1.763732242602711,816.6666666666666,1.4896082581753483,830.5481171548117,1.5991740298648178,545.4172932330827,0.97759612225898,536.3980099502487,0.7093924946926322,1084.5936507936508,2.130693991104041,921.4186046511628,1.3856479381505373,953.2761904761904,1.8267515401918406,842.4009661835748,1.0408289854665382,1377.1255060728745,2.493623354227628,1108.4701492537313,1.8325400276131416,673.7325581395348,1.1131825448444803,731.8501529051988,1.232266116454865,1233.6731517509727,2.291796620305576,1321.0474308300395,2.0813689769366364,387.5,1.4818141574861,551.5257731958762,0.0584580887687131,1473.5250965250966,2.648015706876347,809.8372093023256,1.2765115237650073,617.6376306620209,1.009005629368371,1454.549019607843,2.680529886754071,1666.5979381443299,4.602009876115394,498.0451612903226,0.31748759687408795,154.5151515151515,-0.07897113543585854,935.1191335740073,1.6792304509722802,2028.1278195488721,2.669788301589796,1009.5537848605578,1.4233353543892937,877.5936395759717,1.4987046645156545,1535.3722943722944,2.6984924308704934,1052.423645320197,3.129904021805318,779.7787234042553,0.6523536264711294,924.6940298507462,1.0905184412849938,953.1508196721311,2.4260746589670314,1458.3162055335968,2.751988089766067,2074.5,3.690883752824978,1611.2509803921569,2.7289623100436358,1931.615,4.5272461416739285,784.7747035573123,3.054440938932623,1460.5760869565217,2.5886917471547095,1050.6860986547085,1.4870289778155183,1717.6324786324785,2.176276276276276,1067.3625954198474,1.5471425721814425,1900.6350710900474,3.1060562778939866,1492.929460580913,2.4384338610180682,745.950354609929,1.0907469949450275,1404.3691588785048,3.2864376078615956,2003.138888888889,7.254708971895935,1189.186147186147,2.2321570814551777,1165.1089494163425,3.3689885607563905,1571.7533039647576,2.470923230479779,998.4470588235295,2.954577436896281,1856.8638743455497,2.984825213560457,1740.6926605504586,2.34782551158595,1555.6760563380283,7.376472194204503,1144.0,2.6176938935603946,1478.86301369863,2.8722578516191044,1124.90036900369,2.1690364860004285,2161.4232804232806,6.711849368340774,1072.9188405797101,2.120969754610331,1374.6705426356589,2.8801190735369886,1745.6358974358975,3.263445109235446,1301.58407079646,2.586837766917366,1123.7222222222222,2.6580326342012572,157.30522088353413,0.5819594665546571,1680.3754646840148,3.580865236597791,646.2262773722628,4.107697633161698,1227.5416666666667,2.1849385412049602,1809.6,4.661627547111738,1652.076923076923,2.8477601363187564,1920.320197044335,4.987911277687322,1546.4741784037558,3.217948488115695,1616.4025423728813,2.5923100827753762,1784.185628742515,2.883021562857567,1480.835616438356,1.7185132560873633,1217.0041152263375,2.4433246085490463,1639.1801470588234,7.737257345765382,1487.816425120773,2.677775216950501,1045.9276139410188,2.3465635470583286,202.90243902439025,2.6585641676457104,1730.5714285714287,6.577504707549552
22,497.8503401360544,1.2572223001867546,946.7642857142857,2.6312754270372447,525.1541501976285,0.6019117226844656,621.737037037037,1.0843711585979114,770.188790560472,1.2135220395051975,199.48398576512454,0.04093547704203849,683.7773722627737,1.6557735841567875,676.8356807511738,1.114925329343074,798.448275862069,1.1192589737618464,574.7123287671233,1.0744070023721142,587.589519650655,0.603304839774371,881.6038338658147,2.2210815069892322,734.8553191489361,0.8283795816424087,829.7379518072289,1.426602397242475,1516.1565217391305,2.86750172182992,1007.780487804878,1.605759043438777,960.2815533980582,1.9011272009456412,680.9717741935484,1.416369057839131,1007.03125,1.9520676433436097,840.9639344262295,1.1584353880604172,1363.1121951219511,3.0416139959097594,819.1855345911949,1.4972870268114609,653.7949790794979,1.0460306818836522,541.4323308270676,0.9631472840955091,571.8955223880597,0.8225159221025894,1178.9777777777779,2.403135028342812,870.562015503876,1.2539749760156709,1200.4238095238095,2.5596188034019067,1006.3333333333334,1.4379770657341282,1170.4048582995952,1.9691946949100838,1035.152985074627,1.6451882956894517,696.531007751938,1.184690571565773,756.4036697247707,1.3071584744308218,1125.3618677042803,2.002790801981802,1358.209486166008,2.1680501980336766,403.53921568627453,1.5845402286220205,544.1683848797251,0.044338191650728595,1290.5019305019305,2.1949040592028415,990.3372093023256,1.7839102025606912,1088.7456445993032,2.541390647791037,1481.6960784313726,2.7492216668113763,1621.8917525773195,4.451736983453174,491.06129032258065,0.29901304056210426,231.94545454545454,0.38257288392760386,1193.678700361011,2.4200351675630953,1999.548872180451,2.618076232107059,1073.7928286852589,1.5775349110320966,982.4381625441696,1.7972203861156129,1519.4112554112555,2.660044569070066,1111.911330049261,3.3633446419423745,957.5106382978723,1.0289681265847441,1110.955223880597,1.5116117418203234,995.7967213114754,2.5793641908016856,1501.8616600790515,2.86402279540675,2243.5815217391305,4.073212874651447,1756.9019607843138,3.0660463664152067,1860.08,4.32255133823502,776.2490118577075,3.010394012721945,1495.875,2.6754225371860767,1261.1076233183855,1.9851077380320554,1701.0384615384614,2.1455903271692747,1278.675572519084,2.0514175789443967,1892.5734597156397,3.08864029389089,1608.3526970954356,2.7042703759096716,789.854609929078,1.2138016852558995,1382.9158878504672,3.2209575970219495,2134.1018518518517,7.794392541194563,1215.4588744588746,2.303565230385115,1101.0311284046693,3.1287060814754284,1288.876651982379,1.846243046732573,1006.8823529411765,2.987987344308434,1892.2303664921467,3.060721616936078,1876.788990825688,2.6095757773592068,1547.225352112676,7.330969733279741,1124.8645161290322,2.5571813733240973,1615.8949771689497,3.231062616871595,1139.5055350553505,2.2101817335060367,2050.5925925925926,6.3164110580008925,803.0405797101449,1.3359319141473418,1389.4147286821706,2.9217357342047587,1801.5589743589744,3.4000285566492527,1222.0486725663716,2.367658248222176,1258.412037037037,3.096485953307803,146.57831325301206,0.47408298936178817,1584.1561338289962,3.318562080508006,655.3795620437957,4.180044134827572,911.5166666666667,1.3649906487497432,1577.9351351351352,3.936826386293416,1909.4700854700855,3.4472401821830108,2035.7980295566501,5.347992381186446,1859.4600938967137,4.071605463117808,1628.5169491525423,2.619233268356075,1884.4610778443114,3.1012565518715345,1459.2534246575342,1.6788927379148615,1210.880658436214,2.425999236193261,1646.7205882352941,7.7774498622362795,1607.657004830918,2.974012512493985,943.4504021447722,2.018676132259819,186.4390243902439,2.3617098806928487,1135.8029556650247,3.9732430001488304
23,468.4251700680272,1.123810419728488,758.9071428571428,1.910757092174294,595.0711462450593,0.8151840647979461,678.5222222222222,1.2747432856947738,849.8967551622419,1.442602673412794,222.50889679715303,0.1610826991714113,652.948905109489,1.536036617086934,630.3145539906103,0.9695596044949092,917.6321839080459,1.435599523663762,505.1986301369863,0.8234993813219811,491.7117903930131,0.3416915498764378,717.1948881789137,1.6203869612163309,792.736170212766,0.9723918293536389,723.6174698795181,1.1162487304234154,1555.7434782608696,2.968482471715963,1144.1463414634147,1.958352252661319,832.6828478964401,1.5156360145052943,539.5967741935484,0.914712177924293,972.8020833333334,1.8517263526683876,829.0852459016394,1.127947300966985,1644.190243902439,3.875007593267014,774.8176100628931,1.362031412970121,544.8995815899582,0.7052459840672092,696.6353383458646,1.5258886376245016,562.8507462686567,0.7936920410890924,1142.4444444444443,2.2976810760188475,862.7170542635658,1.2336635610807596,1500.5619047619048,3.4496188175223907,1386.7971014492753,2.35970141917181,1062.182186234818,1.694645096550952,1022.8470149253732,1.6137421146174213,759.9263565891473,1.3835320005105982,829.8746177370031,1.5312572289920825,1183.2918287937744,2.1573646855571846,1266.8774703557312,1.955016484367509,395.7598039215686,1.5347155724812178,517.6013745704468,-0.006647760997164234,1200.9266409266409,1.9731419296746404,1115.6356589147288,2.136133292801583,1156.9372822299651,2.7631993218010806,1479.5882352941176,2.7438880688654312,1740.1701030927834,4.849311270900112,529.2322580645161,0.39998737074210533,317.169696969697,0.8905747624724543,1285.4584837545126,2.6829954489035996,1945.4924812030076,2.520264097525072,1152.0597609561753,1.765407045133304,1068.2579505300353,2.0415684475391638,1526.8398268398269,2.6779389359942685,1145.3497536945813,3.494563168730246,1489.9191489361701,2.1571434754538275,1181.6380597014925,1.6714092175212878,953.1704918032787,2.426145369906603,1402.2608695652175,2.60776768535505,2140.679347826087,3.8405292710172865,1796.7764705882353,3.1583290374576154,1913.595,4.475682566389534,766.1620553359684,2.9582810059117226,1431.125,2.5163292912378536,1375.5964125560538,2.2561086933446552,1728.1880341880342,2.1957957957957963,1387.4007633587787,2.3108782003346415,1870.1516587677725,3.0402011285066175,1568.149377593361,2.6116762790342083,1169.854609929078,2.2788643307379304,1365.1261682242991,3.166659535321553,2119.7638888888887,7.735307416261098,1226.857142857143,2.334545236338735,1033.6420233463034,2.876006770164584,1330.660792951542,1.9385155078049765,968.3882352941176,2.835522606438747,1894.3507853403141,3.0652720304619288,1763.665137614679,2.392007834245711,1574.4272300469484,7.477437099167557,977.4451612903226,2.0909942231557297,2035.2100456621004,4.328998024840145,1125.3948339483395,2.1704294782100675,2082.830687830688,6.431434957599924,855.6695652173913,1.4890222186247928,1346.4728682170542,2.800528851045393,1913.4923076923078,3.673408373861648,966.1548672566372,1.662479392857491,1243.6759259259259,3.048515757222279,160.67469879518072,0.6158450391360188,1605.5501858736059,3.3768843253519853,606.3102189781022,3.792205731758326,1592.2541666666666,3.1312093923308932,1626.9513513513514,4.090181580803205,1991.3034188034187,3.637833630601649,2007.8522167487686,5.2608522011612555,1933.112676056338,4.272490031320987,1795.6313559322034,2.9906300910623314,1992.4610778443114,3.336302906932798,1414.6849315068494,1.5970740417077938,1215.40329218107,2.438795327738293,1567.0698529411766,7.352890686545404,1658.6811594202898,3.1001405535924764,1076.3806970509384,2.4440016263984363,169.21602787456445,2.0511594594424793,1122.4827586206898,3.9149189956364854
24,464.4353741496599,1.1057209346079762,557.9,1.1398024738709365,706.1778656126482,1.1541000881350454,701.662962962963,1.3523225349839205,932.3834808259587,1.6796694646476893,247.93594306049823,0.2937646005801236,524.7627737226277,1.0381650065276276,861.1549295774648,1.6908722823695095,1210.2145593869732,2.212178099312648,679.0513698630137,1.4510156579310076,412.2576419213974,0.12489186825442601,716.7603833865815,1.6187994280211284,535.7234042553191,0.3329232411119921,657.222891566265,0.9220750849394082,1290.8260869565217,2.292715522643311,1201.1512195121952,2.1057464305534537,724.0550161812298,1.187458141824543,601.9153225806451,1.1358441216533315,958.6527777777778,1.8102482882028237,827.2852459016393,1.123327383822548,1422.3219512195121,3.217170329272984,849.2704402515724,1.589000858948402,596.6945606694561,0.8673367307923975,783.2255639097745,1.8398509861332044,562.9402985074627,0.793977426049622,1156.7333333333333,2.3389261437465296,1037.0813953488373,1.685110849747713,1570.1571428571428,3.655989697694548,1431.5893719806763,2.4682166841049478,1143.1012145748987,1.8999282068874137,853.2910447761194,1.180465609434236,857.0,1.6880064189456154,1036.0366972477063,2.160086262862942,1121.6848249027237,1.9929793887645302,1303.2648221343873,2.0398906942610795,393.77941176470586,1.5220317910817946,675.0103092783505,0.295442854316428,1358.6023166023167,2.3635006299191526,1036.2480620155038,1.9129689616135992,1146.7282229965156,2.729992055189797,1498.3039215686274,2.791245457138958,1674.5979381443299,4.628900632417915,872.9580645161291,1.3092512727390642,284.41212121212124,0.695314475633106,1398.5234657039712,3.0069404220107576,1918.203007518797,2.4708852613799546,1222.2948207171314,1.933999452976021,1018.6042402826855,1.9001932690846928,1504.6277056277056,2.6244331104184626,1090.4532019704434,3.2791389992364275,1431.0170212765956,2.032329677226216,1059.5335820895523,1.39535935240814,950.0327868852459,2.414866975044931,1153.2766798418972,1.967175671882818,2072.0760869565215,3.685402772196434,1735.556862745098,3.0166468209309585,1909.295,4.463378272620228,739.802371541502,2.8220969767513098,1429.4619565217392,2.51224312930566,1388.0627802690583,2.2856172380851287,1768.491452991453,2.2703255887466414,1181.3740458015268,1.8192182662609202,1727.7014218009479,2.7324573124095797,1496.2323651452282,2.4460409310059785,1256.0744680851064,2.520521041845155,1372.3084112149534,3.1885812902029587,2111.7638888888887,7.702340320398965,1153.7359307359307,2.135804909501437,1131.544747081712,3.24312769931131,1437.5374449339206,2.1745326061789965,951.8901960784314,2.7701783570278082,1866.4869109947645,3.005476226055556,1711.7614678899083,2.2921829578688735,1612.2863849765258,7.681288124110489,963.5354838709677,2.047007374325839,2084.178082191781,4.457216028924375,1153.3874538745388,2.249289470018442,1824.8148148148148,5.5108473219612035,860.7072463768116,1.5036761234098237,1260.8720930232557,2.5589137220107707,1915.302564102564,3.67782964455739,1008.5309734513274,1.7792572649322522,1244.8240740740741,3.052253303131551,162.05220883534136,0.6296981397264921,1567.3420074349442,3.2727251537609483,641.4635036496351,4.070053221409719,1610.65,3.178938606069124,1503.291891891892,3.7032928749363707,1594.7820512820513,2.7143178488390607,2029.8866995073893,5.329559767749071,2018.868544600939,4.506385844859952,1742.7203389830509,2.8730400881430627,1919.4251497005987,3.177350789352279,1372.3116438356165,1.519285296650928,1208.275720164609,2.4186289669048127,1589.8382352941176,7.4742520978102815,1452.7149758454107,2.5910069584178705,1088.479892761394,2.4827143697791834,160.1184668989547,1.8871199793929723,1082.1231527093596,3.738199850307474
25,389.48979591836735,0.7659223709716967,559.75,1.1468980726819444,902.2450592885375,1.752176549808357,755.5074074074074,1.5328358394278407,873.0825958702065,1.5092387632138269,338.62277580071174,0.76698124069184,622.5583941605839,1.4180006605590936,1123.262910798122,2.5098876272628576,1342.6896551724137,2.5637964120206767,887.5890410958904,2.2037261598822226,392.26637554585153,0.07034342404087437,921.7731629392971,2.367846616278052,534.0340425531915,0.32871997230289374,624.8463855421687,0.8273886758613521,1254.208695652174,2.1993097153352106,1023.4536585365854,1.6462842439836538,751.0582524271845,1.269038198121039,761.866935483871,1.7034184952439821,945.0173611111111,1.7702766663239842,1066.3573770491803,1.736934849070084,1427.8292682926829,3.2334994691944767,933.2955974842768,1.8451515430394505,948.9916317991632,1.9698392579362798,641.6503759398496,1.3265219329274023,576.1990049751244,0.8362302549280431,1118.0063492063491,2.2271401892453095,978.1937984496124,1.5326447790431152,1469.2190476190476,3.356677788901581,1329.6859903381642,2.2213421156731523,1240.4817813765183,2.146972518336002,873.3582089552239,1.2317444335110646,894.5813953488372,1.8058816020618431,1013.2477064220184,2.0905760060891434,1127.7587548638132,2.009186389856764,1233.2252964426877,1.8765221303555752,386.5882352941176,1.4759745947626028,917.3058419243986,0.7604431840664773,1435.957528957529,2.555009434449217,1004.4069767441861,1.8234613461117302,1168.0383275261324,2.799307974164067,1436.9656862745098,2.6360377569119704,1678.0876288659795,4.640630685263797,1029.409677419355,1.7231154672569424,226.22424242424242,0.3484700697229147,1329.4440433212997,2.809019445593712,1876.6842105263158,2.3957592293663605,1206.2868525896415,1.8955738874469479,972.0106007067138,1.767530793771524,1503.7272727272727,2.622264096245832,1074.5073891625616,3.2165646958757406,1408.9787234042553,1.985630453051906,1408.6940298507463,2.184730032274991,938.6,2.373772133997231,1150.7430830039525,1.9606571780718276,1975.141304347826,3.466212703831647,1794.2745098039215,3.1525386810330427,1855.115,4.308344171126974,733.5612648221344,2.789853074810345,1504.6141304347825,2.696894917535644,1452.2511210762332,2.4375543997452493,1803.6965811965813,2.335427532795954,1347.0381679389313,2.2145573384655886,1821.7962085308056,2.93573594050921,1470.058091286307,2.3857577683379607,1210.7517730496454,2.3934907537534613,1321.481308411215,3.0334460085861394,2063.7314814814813,7.504404197962834,1203.6493506493507,2.2714674498148617,1156.342412451362,3.3361153262518966,1526.4008810572686,2.370770886068561,912.7450980392157,2.6151352627516036,1836.4083769633507,2.940927767522182,1761.6284403669724,2.3880907113900935,1521.0234741784038,7.189886825268022,933.4451612903226,1.9518521503264838,1961.5251141552512,4.1360612538678225,1087.870848708487,2.0647180022412623,1999.978835978836,6.135823724410818,1044.255072463768,2.0375908913081604,1245.6782945736434,2.516027993877843,1858.9692307692308,3.5402442094504973,1203.8982300884957,2.317640201730512,1184.5787037037037,2.8561376381422585,163.59437751004015,0.6452071503000831,1490.810408921933,3.064092650789098,606.9890510948906,3.7975711421689535,1559.5041666666666,3.0462373379747243,1497.8,3.6861105990627547,2027.025641025641,3.7210322642290663,1900.5812807881773,4.926361709317686,1892.1643192488264,4.1608049724308716,1650.385593220339,2.6678343739111594,1920.4071856287426,3.179488048291626,1337.9691780821918,1.4562395086100124,1221.469135802469,2.4559576925584725,1494.375,6.96540817646298,1826.497584541063,3.5149706891425048,965.4369973190348,2.0890247270893125,175.10452961672473,2.1573359134002223,1133.2610837438424,3.962113123548102
26,397.5578231292517,0.8025023016672241,504.0,0.9330712436475211,844.9723320158103,1.577473839806416,719.4518518518519,1.4119597203769696,899.6991150442478,1.5857346205006868,459.5729537366548,1.3981162698280059,727.6313868613139,1.8261014397636728,1060.1455399061033,2.312663204530117,1339.8659003831417,2.5563015399572273,797.75,1.8794548216711602,406.9868995633188,0.11051004820948128,851.1246006389777,2.109720722561065,626.4638297872341,0.5586927728127916,829.7560240963855,1.4266552503873695,1410.5608695652174,2.5981420872904,1102.439024390244,1.8505120831441402,755.8122977346278,1.2834007463832098,825.116935483871,1.927855613932672,958.2013888888889,1.8089250616063761,1146.8918032786885,1.9436361693229087,1593.3902439024391,3.7243861024411267,954.2893081761006,1.9091508681514202,1099.3430962343095,2.4403594043796843,557.3796992481203,1.0209698987081919,595.681592039801,0.8983173385632768,1081.4317460317461,2.1215671109758985,815.8178294573644,1.112236623969878,1384.152380952381,3.1044294547657336,941.9323671497584,1.281957113531404,1350.761133603239,2.4267396991262604,1046.847014925373,1.67507074913995,1045.9961240310076,2.280798477931835,979.9938837920489,1.9891462513711764,1143.692607003891,2.051702513798273,1200.5573122529645,1.8003234181276413,354.75,1.2720608319179199,1025.1683848797252,0.9674470751170612,1453.2586872586874,2.5978420250705914,987.6860465116279,1.7764575903874376,1109.01393728223,2.607317838875623,1481.8676470588234,2.7496557968767434,1647.5103092783504,4.537849779086892,841.1483870967742,1.2251045753753362,307.75757575757575,0.8344712980022398,1186.2129963898917,2.3986450144807616,1864.6992481203008,2.374073083942661,1389.8605577689243,2.336224654715022,869.8904593639576,1.4767719937904378,1527.813852813853,2.680285225363701,1143.0197044334975,3.485419626719247,1302.4382978723404,1.7598709481953307,1592.563432835821,2.6004160487516015,914.760655737705,2.2880822603930353,1164.2252964426877,1.9953445140925568,2028.1739130434783,3.5861306611709383,1784.5764705882352,3.1300942430424965,1803.25,4.159934358023472,707.9130434782609,2.657344727948459,1498.1630434782608,2.6810443482104347,1405.4484304932735,2.3267699819552057,1869.0128205128206,2.4562114746325276,1394.1221374045801,2.3269180147792183,1844.7725118483413,2.9853730307190927,1408.8257261410788,2.244730718323387,1164.1170212765958,2.2627830377145086,1286.7009345794393,2.9272888052144395,2129.7916666666665,7.776630755171619,1205.017316017316,2.2751855211712395,1194.7859922178989,3.480273141122913,1538.4625550660794,2.3974068374039583,920.3411764705883,2.645221264916802,1891.931937172775,3.0600811883657726,1763.1146788990825,2.3909491523928414,1432.943661971831,6.715624786707214,1048.5806451612902,2.315947374917499,1996.3561643835617,4.227262944948994,1090.490774907749,2.0720987818594994,1992.3915343915344,6.108752614608584,1131.4608695652173,2.2912602695374154,1211.6511627906978,2.4199836552862672,1815.123076923077,3.433156774751914,1195.6238938053098,2.2948382156409433,1316.1435185185185,3.2844182012457477,164.33333333333334,0.6526385511999291,1450.7695167286245,2.9549373251219393,598.5912408759124,3.731195823056842,1639.7583333333334,3.254462113923093,1460.281081081081,3.568726566741136,2021.525641025641,3.708222521259993,1897.3546798029556,4.916300574483119,1725.4272300469484,3.706036012733274,1502.5338983050847,2.339247205507058,1953.0119760479042,3.250447651491259,1272.9486301369864,1.3368749960706403,1209.5761316872429,2.422308279851337,1461.5625,6.790509000693718,1691.6425120772947,3.181618647174658,1070.0750670241287,2.423826050854116,146.9268292682927,1.6492595920059814,1030.9162561576354,3.5139846036707025
27,524.374149659864,1.377479593426099,515.8535714285714,0.9785351286933411,763.7272727272727,1.3296467725814403,758.9851851851852,1.544495076797,919.29203539823,1.6420446597447653,407.7615658362989,1.127757165194074,726.6131386861314,1.8221465902534928,1237.1690140845071,2.8658128685855115,1392.367816091954,2.695653279286187,823.0171232876712,1.970655749255547,531.0786026200873,0.44910837481858873,705.3099041533546,1.5769632591122658,566.7276595744681,0.410064340716758,1017.3704819277109,1.9753413652495857,1310.895652173913,2.3439101565229348,1317.3756097560977,2.4062610362746586,901.8899676375405,1.7247191285873382,705.5120967741935,1.5034482561267355,1004.9166666666666,1.9458688356725597,1156.849180327869,1.9691929787357587,1612.3902439024391,3.78072091200199,970.566037735849,1.958770476716363,1223.1589958158995,2.8278373409732516,642.2481203007519,1.3286892586519232,728.9303482587064,1.322954305111403,1074.6095238095238,2.1018746758399756,785.6860465116279,1.034222325697151,1316.104761904762,2.9026477320383908,1277.3091787439614,2.0944522858192833,1287.7327935222672,2.266843393441663,1097.4813432835822,1.8044596748972141,1103.0813953488373,2.459848157896337,987.1926605504588,2.0111037318389062,1123.704280155642,1.9983678791981427,1194.5138339920948,1.786226886851596,373.9950980392157,1.395319559081619,1439.381443298969,1.7623821143573168,1496.100386100386,2.7039054987449407,1066.7054263565892,1.9985868365513582,1107.8397212543555,2.6034984365384206,1461.2303921568628,2.6974361518711003,1614.7628865979382,4.4277744087325654,1085.9225806451614,1.872610040942689,327.23030303030305,0.9505436942307,1253.537906137184,2.591539098055441,1799.218045112782,2.2555883659407794,1394.3386454183267,2.346973867172632,836.1095406360424,1.3805901900596707,1534.1038961038962,2.695437040713856,1109.0098522167489,3.351958709078784,1243.1531914893617,1.6342456168192951,1621.3097014925372,2.6654046858629474,902.3967213114754,2.2436404348722787,1206.1739130434783,2.103270839858607,2097.9184782608695,3.7438378907810144,1782.235294117647,3.124675994162449,1792.035,4.127843042994923,756.699604743083,2.909394431341318,1516.8695652173913,2.7270069932124312,1393.206278026906,2.297792166436684,1869.423076923077,2.45697012802276,1354.8664122137404,2.233238576072532,1765.0284360189573,2.8130971066531925,1380.2780082987551,2.1789811686791323,1280.5531914893618,2.5891299205476788,1225.2570093457944,2.7397486913981712,2057.490740740741,7.478686810681495,1277.3376623376623,2.471749129018253,1158.6887159533073,3.344913622038052,1505.7929515418502,2.3252621277241543,917.6196078431373,2.6344418712654614,1848.9633507853403,2.9678707098308035,1662.059633027523,2.1965928089035147,1329.5070422535211,6.158674664988131,1087.641935483871,2.439471668164518,2033.744292237443,4.325160093162504,1065.4944649446495,2.001679907022968,1930.7671957671957,5.888880079136746,1155.6666666666667,2.3616715231966765,1176.391472868217,2.320460321402275,1774.323076923077,3.3335090986744955,1177.358407079646,2.244503136187605,1281.9537037037037,3.173120715197494,153.14859437751005,0.5401578364930252,1453.0446096654275,2.9611394474233323,595.6715328467153,3.70811878903264,1639.4791666666667,3.253737797429217,1488.5513513513513,3.6571746994370105,1932.0726495726497,3.4998825524731663,1807.2906403940888,4.63546434825351,1666.281690140845,3.5447188409954076,1519.1313559322034,2.37613357064158,1927.7005988023952,3.195361105536282,1200.0239726027398,1.2030001446004313,1229.530864197531,2.4787671041478427,1395.7720588235295,6.439828804571483,1633.3574879227053,3.037542258625775,1024.5227882037534,2.2780763892582216,168.6794425087108,2.0414842086084604,1084.192118226601,3.7472590521917883
28,521.2176870748299,1.363168389511491,611.1071428571429,1.343876279057025,870.403162055336,1.6550471480295004,730.2111111111111,1.448030097967394,815.2772861356932,1.343106343908351,518.9964412811388,1.708196380356022,725.9671532846716,1.819637599704024,1353.5023474178404,3.2293225361617224,1349.9693486590038,2.5831183345723097,991.8390410958904,2.5800134242623147,1223.9257641921397,2.3396206631127168,881.8690095846646,2.2220503691598337,1214.9829787234044,2.0229761048932615,975.406626506024,1.8526163628051278,1225.1173913043478,2.125101895731969,1465.1463414634147,2.788343171383886,1105.9708737864078,2.3412723321004427,1114.9596774193549,2.9563373510525053,1031.1944444444443,2.022900980918054,1105.0622950819672,1.8362756903999133,1558.1365853658538,3.6198593582315355,1001.9779874213837,2.0545298024418677,1159.3305439330543,2.628088222200108,1406.342105263158,4.099172190621068,1230.2388059701493,2.9205234594364913,1064.968253968254,2.074045022276552,1152.860465116279,1.9848748198666508,1159.7190476190476,2.4389169023610857,1414.1352657004832,2.4259317776981937,1306.4655870445345,2.3143665310574537,1117.5858208955224,1.8558338482192578,1148.453488372093,2.602159099888763,900.6422018348624,1.7471102687132951,1166.3929961089493,2.1122737145491315,1215.407114624506,1.8349608726757778,404.80882352941177,1.592671662736997,1421.6219931271478,1.728299149244872,1497.015444015444,2.7061709136026213,1024.8798449612402,1.881012073449633,1050.2369337979094,2.416132384791752,1450.6960784313726,2.6707805658575308,1562.3762886597938,4.251685003898467,1105.7,1.9249275950991653,189.57575757575756,0.13001697915537735,1259.5740072202166,2.6088332643773278,1889.4661654135339,2.418887489855877,1351.7450199203188,2.244732025193706,827.3851590106007,1.3557499313346428,1523.1515151515152,2.6690543202486854,1071.9852216748768,3.206667246595335,1346.7702127659575,1.8538104186429005,1628.358208955224,2.6813397242200785,884.7934426229508,2.180365929112283,1206.5177865612648,2.104155565227649,2067.3695652173915,3.6747603299894434,1856.3019607843137,3.296090511076098,1713.685,3.903647364663499,749.0355731225296,2.8697991648033,1501.7934782608695,2.6899644664153546,1335.3632286995517,2.160874641757775,1813.1965811965813,2.352995100363522,1368.4809160305344,2.2657280809696396,1637.0379146919431,2.5365914840855175,1479.5311203319502,2.4075755331399713,1285.450354609929,2.602855671885964,1209.8831775700935,2.6928244405459756,2014.712962962963,7.302404423085364,1251.5497835497836,2.401658777531083,1137.964980544747,3.267202638029648,1497.2246696035243,2.3063406794599666,868.1450980392157,2.4384867843701907,1846.523560209424,2.9626349253788358,1735.1743119266055,2.337212226010931,1298.9953051643192,5.994385501904783,1092.141935483871,2.4537021074311456,1946.1187214611873,4.095721124645499,1038.5535055350554,1.9257826225261396,1896.4391534391534,5.766399353615901,1108.6927536231883,2.2250310278306147,1196.5968992248063,2.377491775677009,1741.0923076923077,3.2523480955345163,1166.9646017699115,2.2158604274579807,1268.837962962963,3.130425281483926,152.6425702811245,0.5350689423985655,1453.4275092936803,2.9621832686603313,595.7992700729927,3.7091284092711994,1643.425,3.2639755245889233,1529.9351351351352,3.7866505892877997,1889.611111111111,3.400987753607032,1724.5615763546798,4.377499923197444,1676.0,3.5712251551323644,1477.1949152542372,2.282933581941972,1866.2694610778442,3.061665133226817,1176.400684931507,1.1596325891650268,1228.5802469135801,2.4760774798103515,1291.0735294117646,5.881758358906826,1546.536231884058,2.8229263568437184,1064.8605898123324,2.407141741996249,815.3519163763066,13.701732121204506,1133.103448275862,3.9614228986426303
29,606.7925170068028,1.7511593154679748,702.4464285714286,1.6942043477665298,600.296442687747,0.8311231250203455,879.2148148148148,1.94756447347182,978.4690265486726,1.8121192904697678,439.4128113879004,1.2929178133576973,726.1240875912408,1.8202471284815782,1300.0140845070423,3.0621864272511217,1371.6168582375478,2.640575630581112,966.3698630136986,2.4880831859260333,1457.1048034934497,2.975876194811106,931.3386581469648,2.4027956926489042,1371.0595744680852,2.4113073224754182,990.2560240963855,1.8960440301932395,1304.091304347826,2.3265532236759654,1464.419512195122,2.786463851470663,1104.4595469255664,2.3367064301001474,685.2379032258065,1.4315070453166674,1016.6666666666666,1.9803134418446993,1077.8196721311476,1.7663542121610696,1580.370731707317,3.6857833792786243,1074.4119496855346,2.275344729738021,1038.041841004184,2.2485190674970017,896.3195488721805,2.2499117394083874,1640.7412935323382,4.22871226378449,1071.7968253968254,2.0937557844810053,1828.0077519379845,3.7329008794922944,1089.6761904761904,2.231218696651044,1397.111111111111,2.3846884867550986,1289.5303643724696,2.27140364265312,1034.25,1.6428808439552396,1050.3178294573643,2.2943536377064424,957.256880733945,1.9197945660366094,1194.4669260700389,2.1871830757794104,1204.8853754940712,1.8104187103102896,388.04901960784315,1.4853304533196032,1659.914089347079,2.185616302842445,1491.023166023166,2.6913357918341827,989.3410852713179,1.781110025179805,995.4564459930314,2.2379464989000803,1435.2303921568628,2.6316468413936813,1527.4020618556701,4.134124577666118,1095.8225806451612,1.8987986845091909,310.3333333333333,0.8498247895668509,1172.7075812274368,2.3599503516756313,1927.4473684210527,2.4876124356575193,1393.6892430278886,2.3454150400991534,861.851590106007,1.453883541542792,1542.948051948052,2.716741348188299,1072.2266009852217,3.2076144634209993,1374.4851063829788,1.9125383674838508,1512.563432835821,2.4195546287532546,911.1737704918032,2.2751892990778115,1348.5217391304348,2.4695064656136743,2059.304347826087,3.656523165745591,1828.5529411764705,3.231870194367199,1731.44,3.9544526520760632,723.7747035573123,2.7392920227483897,1523.016304347826,2.742109768197108,1393.2825112107623,2.297972614372147,1847.6752136752136,2.4167535957009645,1308.1946564885495,2.12186160217799,1689.132701421801,2.6491349856504987,1535.1535269709543,2.5356820321198024,1271.5780141843973,2.5639743255895318,1187.8738317757009,2.625647169569124,2011.773148148148,7.290289778483248,1281.857142857143,2.484032883752617,1106.9066147859921,3.150738298120695,1539.0264317180618,2.398652053536512,876.3176470588236,2.470856029859232,1777.931937172775,2.815437474509258,1760.1880733944954,2.385320493875085,1250.1267605633802,5.731254882034869,1086.9,2.437125430866078,2090.1552511415525,4.47286665997121,1027.8376383763837,1.895594194341125,1968.2804232804233,6.022725384923244,1081.51884057971,2.145985943043695,1195.8217054263566,2.375303728323288,1687.5692307692307,3.121626276125263,1176.1814159292035,2.2412596451181797,1258.9490740740741,3.0982341602653656,172.6024096385542,0.7357975427911372,1459.092936802974,2.9776277692932114,547.014598540146,3.3235400170193135,1713.3083333333334,3.4452924833245047,1465.6432432432432,3.585502962082303,1817.4017094017095,3.2328088670892123,1667.384236453202,4.199210469724433,1747.5023474178404,3.7662450412704587,1435.4025423728813,2.1900537710352097,1875.8443113772455,3.0825034078854423,1174.5821917808219,1.1562942052948901,1202.514403292181,2.402328213344262,1286.1286764705883,5.855401004127033,1629.2898550724638,3.0274873627154437,1023.1394101876675,2.273650115031661,131.06271777003485,1.3632114293612452,1038.655172413793,3.547870332623696
30,720.8163265306123,2.2681361353272376,857.9321428571428,2.2905634015040475,617.4268774703557,0.883377199909815,972.7481481481482,2.261134633770814,1059.6725663716813,2.045498206505751,440.9074733096085,1.3007171693537305,733.6569343065694,1.8495045098041993,1387.981220657277,3.337059531144558,1324.3409961685825,2.5150949977576404,972.2397260273973,2.509270281328533,1133.703056768559,2.0934377435198406,927.1565495207668,2.3875156856450817,1300.4808510638297,2.235701739433331,1010.9698795180723,1.9566225430995372,1286.8434782608695,2.282556448849174,1511.0682926829268,2.907080873820695,1035.8284789644013,2.1293636384079377,825.7822580645161,1.9302164531895656,1060.701388888889,2.1093992856612105,1108.2426229508196,1.844438385536714,1590.4682926829269,3.7157225463623185,1111.9654088050315,2.3898264464077554,917.3430962343097,1.8707961681689864,941.2857142857143,2.412951884005817,1598.8557213930349,4.095231375856749,1068.3809523809523,2.083895821611646,1819.2519379844962,3.710231172803577,1243.0428571428572,2.685997139189851,1371.4830917874397,2.3226011829942816,1291.8218623481782,2.277216933314572,994.1455223880597,1.540399475197755,1385.9496124031007,3.347072875699793,940.4097859327217,1.868408091993821,1157.365758754864,2.0881864355395345,1229.9486166007905,1.8688792105204928,381.70098039215685,1.4446732827447202,1630.553264604811,2.1292686143902917,1494.1660231660233,2.69911658379263,955.2906976744187,1.685391899533558,1015.6271777003484,2.3035563509180736,1458.0245098039215,2.689324121506803,1503.8453608247423,4.054942389326865,1078.225806451613,1.8522496292288815,218.83030303030304,0.3043965174668547,1192.3935018050543,2.4163529168390574,1858.4924812030076,2.3628422727461342,1360.7609561752988,2.2663739004531123,900.3144876325089,1.563395982296914,1487.4025974025974,2.5829402864141495,1051.7931034482758,3.1274296594852165,1333.1744680851064,1.8250009918738483,1472.3544776119404,2.328651519522743,898.7377049180328,2.2304882001119597,1387.407114624506,2.569551617115267,2063.9945652173915,3.6671287403698796,1796.4588235294118,3.1575938981623333,1697.695,3.857892560623685,718.2173913043479,2.7105808599054537,1504.1358695652175,2.695719812143379,1491.4529147982062,2.530347096911155,1830.517094017094,2.385024498182393,1335.2709923664122,2.1864762777429134,1655.516587677725,2.5765120729321205,1472.3941908713693,2.3911381457289083,1265.4539007092199,2.5468096821708355,1247.3738317757009,2.8072540042502814,2012.6944444444443,7.294086336397927,1304.8658008658008,2.546569432041068,1101.976653696498,3.1322516633594017,1559.1629955947137,2.443119889020113,852.4588235294118,2.376357714333643,1807.9947643979058,2.879952226275773,1730.3577981651376,2.3279487597983213,1242.3286384976525,5.689266222259297,1070.9,2.3865283134736246,2066.6666666666665,4.411364103741326,1029.361623616236,1.8998875210768038,1931.2010582010582,5.890428078442035,1103.095652173913,2.2087498482334373,1182.7945736434108,2.338533592544009,1678.3384615384616,3.099081553030825,1192.6681415929204,2.286692907241033,1265.0694444444443,3.1181576912817213,355.0642570281124,2.5707477443274986,1481.1635687732341,3.037794436128781,578.6642335766423,3.573695065841663,1847.4625,3.793364396060583,1420.2054054054054,3.443343305592527,1723.3675213675215,3.0137990890849444,1667.6748768472905,4.200116739885103,1646.6760563380283,3.491245233345199,1465.0593220338983,2.2559633113917372,1770.1736526946108,2.8525265267717743,1156.4931506849316,1.1230864019011813,1166.79012345679,2.3012518978734495,1201.8970588235295,5.4064245317405275,1707.5555555555557,3.220954546377312,1009.0536193029491,2.228581035988354,114.25435540069687,1.0601373383008,1058.7389162561576,3.63580929948643
31,715.0918367346939,2.242181656676068,902.4821428571429,2.4614330917907483,684.8102766798419,1.0889211474676543,966.8703703703703,2.241429405118144,1157.3333333333333,2.326175181702035,405.88967971530246,1.1179894003038033,729.4087591240876,1.8330047075466749,1337.8779342723005,3.1805005427925943,1387.8773946360154,2.683734703901707,968.4041095890411,2.495425738241719,1052.3624454148471,1.8714906333481878,920.1821086261981,2.3620334432544436,1254.1531914893617,2.1204347683384803,1068.617469879518,2.1252152664547252,1404.291304347826,2.5821493095489747,1464.0585365853658,2.7855304979567124,1054.9320388349515,2.1870778129427197,998.258064516129,2.5422318372766504,1073.8020833333333,2.1478033929565656,1125.6786885245901,1.8891901512454843,1554.3658536585365,3.6086791765138075,1108.566037735849,2.3794634640161973,919.0167364016736,1.8760337720699536,1096.0601503759399,2.974139305883267,1489.0796019900497,3.745396978407456,1057.695238095238,2.0530513652749702,1808.6356589147288,3.6827445297666594,1261.1380952380953,2.7396549800830563,1475.7342995169083,2.5751636740703288,1257.165991902834,2.189298615183781,1124.7910447761194,1.8742457874703466,1418.3023255813953,3.4485481390528405,925.5412844036697,1.8230566603735567,1174.6186770428017,2.134222209301843,1231.9367588932807,1.8735165913130702,385.8921568627451,1.4715164339736968,1555.2096219931273,1.9846732177009825,1478.07722007722,2.6592854288898704,918.9147286821706,1.5831363947879655,1052.020905923345,2.4219351562951577,1426.2156862745098,2.608836407387653,1466.6546391752577,3.929931560252967,1102.3516129032257,1.9160700480082462,223.11515151515152,0.32993750225786656,1161.4115523465705,2.3275858502275555,1832.0751879699249,2.315041600257948,1287.4501992031871,2.090398581562997,874.3144876325089,1.4893681881702419,1451.138528138528,2.495585326202003,983.7783251231527,2.860527155159916,1011.6595744680851,1.1437098967369155,1514.6828358208954,2.4243461066711207,896.4524590163934,2.2222739459650573,1423.8695652173913,2.6633630140051014,1978.820652173913,3.474532488328337,1549.8117647058823,2.5867718490659186,1696.305,3.8539151261261653,702.5533596837945,2.629654587966225,1502.3260869565217,2.691273106511286,1338.4529147982062,2.1681880904362587,1794.2649572649573,2.317986407460092,1304.3053435114505,2.112580187686779,1662.303317535545,2.5911738537036864,1156.0497925311204,1.6625509487335095,1186.177304964539,2.324613522200732,1225.9859813084113,2.741973671073838,1802.7222222222222,6.428814539099779,1392.5541125541126,2.7849025124043574,1158.544747081712,3.3443737597758836,1027.092511013216,1.2681417289436876,840.556862745098,2.329217282443412,1722.586387434555,2.69666606369006,1773.545871559633,2.411011173504722,1194.962441314554,5.434224928776009,1059.7612903225806,2.351304150901822,1659.0730593607307,3.344120193020464,1031.0147601476015,1.904544689061269,1867.4708994708994,5.663042082927457,1323.8811594202898,2.8509837845859134,1150.3837209302326,2.2470513326849413,1455.0461538461539,2.553724701376355,1267.632743362832,2.4932764624974393,1002.7824074074074,2.2643394415081595,134.1847389558233,0.34944547209589744,1371.263940520446,2.7381974727365037,550.529197080292,3.3513189967259462,1673.7541666666666,3.3426665657668564,1426.3891891891892,3.462690277639197,1327.0128205128206,2.0906714813517215,1205.0541871921182,2.7575804122761207,1484.81220657277,3.0497678456641046,1458.457627118644,2.241291634884312,1062.3532934131736,1.3120580500379226,1151.4212328767123,1.113775391521385,991.6255144032922,1.8056507726557185,1066.1066176470588,4.6826260939771975,1333.1545893719806,2.2954622804074027,1469.0402144772117,3.700360106573703,110.55749128919861,0.9934786296326548,709.7290640394089,2.107629789244139
32,724.4421768707483,2.2845755139619053,914.6357142857142,2.508047614481596,720.0355731225296,1.1963711510244037,928.3925925925926,2.112432794864472,1122.7522123893805,2.2267890645598585,444.30960854092524,1.3184699891923208,680.1569343065694,1.6417118970094815,1307.2535211267605,3.0848076753806875,1352.1072796934866,2.5887928781427365,976.0479452054794,2.5230159348218693,1480.4497816593887,3.0395756231129076,939.0894568690096,2.431114483322147,1275.4553191489363,2.1734361881328064,1042.632530120482,2.0492212529542706,1434.2260869565218,2.658508723383726,1563.5853658536585,3.042871197215075,1080.0485436893205,2.262957824557905,1297.2459677419354,3.6031643830912397,1022.8576388888889,1.9984620035482823,1159.6098360655737,1.9762785347204865,1539.180487804878,3.56365471896234,1114.8364779874214,2.398578900546046,885.8284518828452,1.7721720867137707,1074.0225563909773,2.8942345046433924,1130.636815920398,2.6031119644473755,1083.4984126984127,2.127532571782546,1808.2054263565892,3.681630613236138,1276.247619047619,2.784459277228883,1397.1739130434783,2.38484063283406,1241.6923076923076,2.150043496971645,1118.2350746268658,1.8574929250860055,1369.1007751937984,3.2942259882197757,1017.5626911314985,2.1037374355453737,1199.715953307393,2.2011889979276633,1229.312252964427,1.8673948798890716,354.5049019607843,1.2704910569922485,1514.0756013745704,1.9057310558596579,1433.6988416988418,2.5494175876486143,1042.84496124031,1.9315133269920755,1057.4146341463415,2.439479473262484,1422.4411764705883,2.599285545949566,1485.458762886598,3.9931386987784805,1064.4935483870968,1.815923446217281,266.630303030303,0.5893211950435318,1166.8628158844765,2.3432043856019864,1817.9774436090227,2.2895324894239226,1406.788844621514,2.3768593555445476,934.3886925795053,1.6604128372525402,1404.0389610389611,2.382129200249019,1033.0837438423646,3.0540106900184614,1380.2212765957447,1.9246933306402458,1492.2014925373135,2.3735210107993847,872.5213114754098,2.1362540879761944,1441.6126482213438,2.709012809196263,1968.1902173913043,3.450494824405847,1830.2627450980392,3.2358272404504493,1640.18,3.6933154778000503,680.9604743083004,2.5180976302059404,1435.0815217391305,2.5260506176647723,1570.2690582959642,2.7169090330113574,1756.9273504273503,2.2489410463094677,1285.2366412213742,2.0670748424482173,1569.6208530805686,2.3909463503735577,1462.9253112033196,2.3693299375474854,1127.872340425532,2.161196575420072,1184.266355140187,2.614636372712621,1920.0740740740741,6.9124082577996395,1293.047619047619,2.514448119373623,1096.2101167315175,3.110627991128749,1431.8898678414098,2.162060988351393,850.8392156862745,2.36994288785237,1731.9895287958116,2.716845181449144,1687.8623853211009,2.246218520756781,1216.5492957746478,5.550458437293816,1021.583870967742,2.230574940349467,1603.593607305936,3.1988526855956807,988.9372693726938,1.7860052102066826,1813.5449735449736,5.470637096104329,1198.0869565217392,2.485066170221377,1125.124031007752,2.175753809663948,1634.2871794871794,2.991493124485698,1247.283185840708,2.4371982090076383,1264.3333333333333,3.1157614420898905,153.12048192771084,0.5398751201544439,1353.7955390334573,2.6905769291184574,584.0547445255474,3.6163010399088464,1610.5,3.1785494210873395,1417.427027027027,3.434650697522607,1719.7094017094016,3.0052791667993755,1688.5073891625616,4.265076341740653,1729.4835680751173,3.717099517764352,1461.4406779661017,2.2479211985949843,1747.065868263473,2.8022357813636227,1112.414383561644,1.0421667431581991,1135.8724279835392,2.213775068230297,872.4669117647059,3.650476000109741,1406.8502415458938,2.4776326332721528,1370.058981233244,3.3836584700531667,103.78397212543554,0.8713442944291917,1033.463054187192,3.5251360497997273
33,689.0918367346939,2.124299283051864,1021.4035714285715,2.917551333506842,1070.4703557312253,2.2653250688140587,902.6925925925926,2.0262736382035587,1073.2330383480826,2.084470993377933,482.6370106761566,1.5184677608048935,682.5583941605839,1.6510391048148518,1217.7887323943662,2.805254819118035,1315.0191570881227,2.4903527674586288,933.0171232876712,2.3676974670666753,1543.707423580786,3.2121812943399735,854.4536741214057,2.121884028365483,1230.8936170212767,2.06256306226661,1029.4066265060242,2.010541559749159,1430.5304347826086,2.6490816352559783,1501.1268292682928,2.8813758135311036,996.0355987055016,2.009144514220292,1210.3548387096773,3.2948387761409292,1022.9756944444445,1.998808078196584,1154.9114754098362,1.964219625307048,1611.0975609756097,3.7768881200806472,1087.622641509434,2.315617522547396,874.744769874477,1.737486054879614,1024.766917293233,2.715641412551133,698.6517412935324,1.2264624790123144,1073.247619047619,2.097943519640203,1729.8372093023256,3.47872720485226,1260.5380952380951,2.737875799042913,1433.6328502415458,2.4731672834434635,1171.6882591093117,1.9724505485137591,1095.4141791044776,1.7991773267122821,1303.3100775193798,3.0878714752025678,962.3853211009174,1.93543717213023,1160.0739299610896,2.095412619242414,1212.1146245059288,1.8272810750610322,362.51960784313724,1.3218226970616953,1365.9965635738831,1.62154586823188,1386.030888030888,2.4314057233746844,1109.9806201550387,2.1202365659583413,1063.3310104529617,2.4587238209436983,1354.0980392156862,2.426352935339427,1518.278350515464,4.103456640388114,997.3870967741935,1.6384055732573752,281.92727272727274,0.6805028720060693,1116.3826714801444,2.19857261067439,1780.751879699248,2.2221748319629837,1381.011952191235,2.3149844404193343,909.9116607773851,1.5907212729802573,1364.6666666666667,2.287286969960196,1017.6551724137931,2.993466136998483,1368.9404255319148,1.9007891709016675,1397.1044776119404,2.1585287463367977,859.6852459016393,2.090115199905719,1412.6561264822135,2.6345128315686286,1981.6195652173913,3.4808614233590536,1802.7725490196078,3.1722059261302986,1609.72,3.6061552944946875,644.2292490118577,2.3283303213158946,1357.9782608695652,2.336604933573162,1583.1659192825111,2.747436577857976,1732.1666666666667,2.2031531531531536,1202.9351145038167,1.870671367792672,1606.0663507109005,2.469681751304663,1525.9004149377593,2.5143707682089462,1055.241134751773,1.9576260910531158,1134.177570093458,2.461754596151926,1973.7037037037037,7.133409900430978,1277.112554112554,2.4711372944912537,1122.0428015564203,3.2074967900081703,1508.374449339207,2.330962882831,833.5764705882353,2.3015698462771494,1762.2303664921467,2.781741943240052,1623.4128440366972,2.1222645204832884,1171.8169014084508,5.309598744132079,959.0290322580645,2.0327565329957467,2271.4520547945203,4.947574570653811,960.9261992619926,1.707093241077053,1757.2857142857142,5.2699068935052,1056.2434782608696,2.072463474847222,1061.7248062015503,1.99680435683989,1601.2923076923078,2.9109082642692443,1209.216814159292,2.332296879420171,1261.375,3.106131233073664,127.09236947791165,0.278120178676726,1210.100371747212,2.2988500738275506,566.1459854014598,3.4747522824628967,1710.075,3.436903384828272,1384.9513513513514,3.3330452708998886,1774.7051282051282,3.13336664330987,1657.2906403940888,4.167736782280115,1523.3192488262912,3.1547943135632934,1390.2161016949153,2.0896309480087765,1685.6047904191616,2.6684746487206414,1045.349315068493,0.9190489063806508,1127.3991769547324,2.189801317100887,721.1433823529412,2.843882154209143,2166.68115942029,4.355880024313264,1027.01072386059,2.2860368204253683,91.5191637630662,0.6501957039373246,1035.8866995073893,3.535748257721353
34,673.1496598639455,2.052018450349529,992.8857142857142,2.808172266893141,1197.7786561264822,2.653661824262818,840.4740740740741,1.8176862808398624,1070.2507374631268,2.0758998627432197,468.2597864768683,1.4434453840811432,682.5693430656934,1.651081630078402,1164.619718309859,2.6391162749757937,1256.1417624521073,2.3340790917476073,876.5856164383562,2.1640096269019256,1520.7161572052403,3.14944700889123,894.2555910543131,2.267306738261301,1131.3191489361702,1.814813716843673,1022.1325301204819,1.9892681689292215,1427.4347826086957,2.6411850626125015,1434.590243902439,2.709336057716563,998.1165048543689,2.0154311844262662,1094.0645161290322,2.882192690269336,1005.2361111111111,1.9468052729561995,1103.5573770491803,1.8324131367217775,1514.351219512195,3.490036187341083,1052.4308176100628,2.2083352506288727,1088.7405857740587,2.407179183667057,951.2218045112782,2.448978562558698,625.0348258706467,0.9918601867368922,1036.8253968253969,1.9928102910155214,1665.891472868217,3.3131650884509933,1190.0142857142857,2.5287514244038682,1391.2125603864733,2.370398458877255,1130.1255060728745,1.8670101917461541,1056.0149253731342,1.6984980586893674,1244.891472868217,2.904639754912986,977.7492354740061,1.9822996962890551,1179.4824902723735,2.147200269113048,1200.810276679842,1.8009134626022436,326.8578431372549,1.0934204453765421,1293.9931271477662,1.4833608125041213,1325.3513513513512,2.281180998044287,1082.608527131783,2.0432916139590476,979.6376306620209,2.18649223595973,1295.7843137254902,2.2787983279790622,1428.319587628866,3.8010742441306418,952.5354838709677,1.5197588153073431,231.0,0.376937249376829,1074.043321299639,2.0772652047993385,1783.672932330827,2.227460319727794,1312.8565737051792,2.151384104554262,913.3286219081272,1.6004501227927732,1356.909090909091,2.2686000786267635,1022.6256157635468,3.0129710712249063,1326.655319148936,1.811186894280675,1377.9850746268658,2.1153042166692826,820.432786885246,1.9490233051471677,1372.2450592885375,2.5305423468204804,1746.804347826087,2.949894497267497,1784.172549019608,3.129159436284297,1540.53,3.408170623355553,623.098814229249,2.2191625570496525,1323.7771739130435,2.2525715445558574,1526.408071748879,2.6130877826133103,1734.525641025641,2.2075154101469896,1159.2480916030534,1.7664171280807877,1543.222748815166,2.3339169377355535,1368.8713692946058,2.152710018683194,1001.049645390071,1.8057383778368379,1092.4859813084113,2.334502873932081,2017.2407407407406,7.312821109625135,1254.7705627705627,2.4104127176866066,1082.6303501945524,3.0597058480214767,1563.819383259912,2.4534026503647133,766.4196078431372,2.03557976518318,1648.5968586387435,2.5378847206102275,1631.8899082568807,2.1385682210174815,1111.7136150234742,4.98597513037719,937.583870967742,1.964940074039088,1392.8127853881278,2.6469437629425574,912.7232472324723,1.571297291565744,1715.8253968253969,5.121978569648643,971.5565217391304,1.826121049010482,1039.0193798449613,1.9327164498494074,2056.0615384615385,4.021611622055252,1155.0088495575221,2.182913386594871,1213.601851851852,2.9506161675987923,95.41767068273093,-0.040420358807421626,1216.6617100371748,2.316736913471273,480.91970802919707,2.8011336592964393,1065.5625,1.7646728143479529,1375.2054054054054,3.3025534958997618,1836.7393162393162,3.2778470076758923,1788.334975369458,4.576357101164327,1519.4272300469484,3.1441789829258355,1356.0042372881355,2.0135981392020037,1732.7425149700598,2.7710630778092566,1012.1746575342465,0.8581469769079395,1104.1316872427983,2.1239695595070645,652.6139705882352,2.478602531089921,1162.425120772947,1.8734313108503318,974.9356568364611,2.119416761168193,473.0452961672474,7.5295503521414355,1035.3990147783252,3.53361287442005
35,635.6598639455782,1.882042060751677,929.0821428571429,2.5634562963165894,1184.1739130434783,2.6121623951512456,800.1296296296297,1.682431677365683,1004.0353982300885,1.885597024605334,418.29893238434164,1.18274262496611,661.0474452554745,1.5674911370263216,1216.774647887324,2.8020860839714805,1236.9501915708813,2.28314040224175,824.0513698630137,1.9743888314093132,1426.1965065502184,2.891539390935283,867.9073482428115,2.171039192225757,1026.4297872340426,1.5538404854193157,990.4277108433735,1.896546135069735,1435.2347826086957,2.661081763908005,1391.3658536585365,2.59757328086373,982.3462783171522,1.9677874147315364,937.6008064516129,2.3269948376314917,977.8263888888889,1.8664548825534604,1073.4163934426228,1.7550526662139314,1496.0829268292682,3.4358708826413573,1001.3301886792453,2.0525549880360763,1115.9623430962342,2.4923688111162905,898.327067669173,2.2571906824077215,972.5522388059702,2.099328235512353,1022.0666666666667,1.9502090202165894,1575.562015503876,3.079292793461811,1219.8,2.6170750546109733,1444.8260869565217,2.500284396132213,1109.582995951417,1.8148959924242343,1053.2649253731342,1.6914708193169943,1238.1627906976744,2.88353503978409,946.7584097859327,1.8877724630435269,1087.2062256809338,1.900980518374856,1174.5573122529645,1.7396779094724264,331.9950980392157,1.1263229278186095,1225.4982817869416,1.3519092527863876,1218.957528957529,2.0177811169546707,1076.7519379844962,2.0268283142605297,961.1811846689895,2.12645848468329,1261.9705882352941,2.193237493953188,1464.7886597938145,3.9236593606514774,930.9774193548387,1.462730889287488,223.35151515151514,0.33134641089556016,1060.4115523465705,2.0382085229623508,1698.5676691729323,2.073466919444949,1279.4820717131474,2.0712718690049714,913.3427561837456,1.6004903662252963,1274.891774891775,2.0710320857678255,925.3004926108374,2.631049380926146,1285.9914893617022,1.7250201079880112,1335.3768656716418,2.0189769519789316,784.8196721311475,1.8210129342093635,1341.098814229249,2.4504086007508983,1741.0597826086957,2.9369048189617346,1738.8235294117646,3.024206957140471,1528.84,3.3747201130850444,619.8656126482214,2.2024586230485705,1229.733695652174,2.0215030933314106,1479.5112107623318,2.502080458550047,1622.3418803418804,2.000063221115853,1134.6374045801526,1.7076864503189293,1502.601895734597,2.2461612652543437,1377.759336099585,2.1731802999823207,1019.4574468085107,1.8573316980374464,1053.2943925233644,2.2148816909845532,1831.2222222222222,6.54625981810863,1217.8961038961038,2.310189515744738,1038.4980544747082,2.894216178358818,1444.2555066079294,2.189368189008244,736.7411764705882,1.9180315646740325,1661.6178010471203,2.5658276303356407,1472.5412844036698,1.8320974693092544,1157.112676056338,5.2304244621229925,916.9387096774194,1.899653470952052,2062.4566210045664,4.4003405118198735,874.1217712177122,1.4625503400356359,1693.7566137566137,5.043238263522341,991.3623188405797,1.8837333225410446,1059.0736434108528,1.9893212348901652,1592.6205128205129,2.8897287494066353,1159.1194690265486,2.1942412181869613,1243.4722222222222,3.0478526442383767,116.75100401606426,0.1741209541272547,1192.6022304832713,2.251148456715368,468.16058394160586,2.7002870206106766,1501.1083333333333,2.894725462427433,1397.6216216216217,3.3726862695689395,1732.8803418803418,3.0359548682995188,1537.6600985221676,3.7947067678412343,1478.8028169014085,3.033377467840286,1365.864406779661,2.03551148402407,1676.11377245509,2.6478188229958635,1016.181506849315,0.8655027379777313,1070.0905349794239,2.027655392755013,569.8786764705883,2.037601853049419,1497.3381642512077,2.7013122713914326,953.8552278820375,2.051967547518112,79.73170731707317,0.43765431710948755,953.0788177339901,3.173164487065833
36,597.6700680272108,1.7097987024302825,896.1428571428571,2.437119022505924,1166.1343873517787,2.557135261372857,794.5296296296297,1.6636576977041608,984.6873156342183,1.8299906489049556,382.085409252669,0.9937753711193561,669.5802919708029,1.6006324924198716,1131.3990610328638,2.535310858785904,1207.9808429118773,2.2062493199191735,812.1404109589041,1.931396580645082,1358.7248908296942,2.70743541287858,849.7987220447284,2.1048764117080574,1056.127659574468,1.6277311983127631,988.9096385542168,1.8921064708986175,1443.904347826087,2.6831966035865076,1345.2439024390244,2.4783184501286515,967.7281553398059,1.9236242898164748,1106.0846774193549,2.924845186177215,906.6805555555555,1.6578940136210905,1105.183606557377,1.8365870509360593,1520.8731707317072,3.509373707336686,1006.5534591194969,2.0684781274924844,1092.2175732217572,2.418060305771316,901.9097744360902,2.2701810057754455,1290.4626865671642,3.112444845392697,1046.7396825396825,2.0214280085257523,1521.062015503876,2.9381866643117194,1252.7857142857142,2.714887650365508,1375.9033816425122,2.3333099262442625,1093.3036437246963,1.7735969787321886,1020.1194029850747,1.6067720847921771,1212.7248062015503,2.803748032070414,940.1651376146789,1.8676618734562602,1063.9610894941634,1.8389557749251424,1147.2648221343873,1.6760176423297901,315.2450980392157,1.0190445093982425,1183.4536082474226,1.271219415682912,1189.899613899614,1.945842246832721,1068.2015503875969,2.0027925504386035,973.7247386759582,2.167259221816608,1240.5735294117646,2.1390952729437736,1485.6443298969073,3.9937624534349823,913.3032258064516,1.4159770352305094,247.4969696969697,0.47527184711535,1048.9602888086642,2.005399255275135,1705.0676691729323,2.0852283201468236,1274.203187250996,2.0586004219352794,941.0212014134275,1.6792970679641144,1221.861471861472,1.9432896645431876,924.0,2.625946008640937,1304.1617021276595,1.7635228473632387,1323.5597014925372,1.992261088306601,783.8229508196721,1.8174302466044019,1334.9130434782608,2.434493713365251,1673.8097826086957,2.784838329505249,1738.450980392157,3.023344756732424,1564.695,3.477317892875385,598.0276679841897,2.0896355969410156,1242.929347826087,2.053925319381628,1456.8834080717488,2.448519265470756,1603.491452991453,1.9652046783625732,1134.7862595419847,1.7080416761924888,1601.2511848341233,2.459279258801932,1317.319502074689,2.0339785645000226,1050.6702127659576,1.9448147272044198,1028.196261682243,2.1382767817665767,1752.3472222222222,6.221224857342907,1196.125541125541,2.2510180573547807,1033.727626459144,2.8763277693474953,1455.6167400881056,2.214457348428985,760.9098039215686,2.013756929332843,1657.6910994764398,2.557400938621101,1548.9954128440368,1.9791395563240806,1212.8309859154929,5.530437354486921,905.5032258064516,1.8634908134608732,1918.296803652968,4.022872159810996,885.070110701107,1.493393682468465,1610.4550264550264,4.746022396907023,994.3768115942029,1.8925020572800735,1079.1162790697674,2.045893199220617,1544.6923076923076,2.7726715371618447,1145.203539823009,2.1558924233999592,1273.5,3.1456015263655224,109.70281124497993,0.10323992924013936,1219.3345724907063,2.3240233937567325,469.6350364963504,2.711940922792899,1450.7416666666666,2.764045794099523,1228.118918918919,2.8423695305484302,1565.837606837607,2.646904959072523,1552.1133004926107,3.839774507695616,1524.0281690140846,3.156727865947197,1316.9618644067796,1.9268299573410173,1521.2035928143712,2.3106792573807104,1010.7294520547945,0.8554938733425959,1078.008230452675,2.05005728550537,572.9448529411765,2.0539453726675214,1470.6521739130435,2.6353464222124834,936.8310991957104,1.9974969247687782,148.84668989547038,1.6838768855744524,820.1970443349753,2.5913264612816183
37,614.0,1.7838375925100585,897.3071428571428,2.44158459241401,1091.6126482213438,2.3298167731481083,773.5962962962963,1.5934787737313283,944.8731563421829,1.7155647832504342,426.93594306049823,1.2278117606860464,694.1459854014598,1.6960450087389412,1088.0798122065728,2.3999501217615817,1170.9118773946361,2.1078600563996757,811.181506849315,1.9279354448733783,1369.056768558952,2.735627116462954,858.3801916932907,2.1362301923133047,1181.7446808510638,1.9402765263847757,960.9367469879518,1.810298611459795,1420.0217391304348,2.622275432897432,1224.2731707317073,2.1655315069875383,975.5533980582525,1.947265298460402,1086.399193548387,2.85499296040658,869.6215277777778,1.5492571100527557,1143.0524590163934,1.9337820291113685,1468.239024390244,3.3533139909922154,1011.0817610062893,2.0822826553776306,1064.3179916317993,2.33074944874219,922.0488721804511,2.3432021624185717,1403.2985074626865,3.4720298956600866,1051.4888888888888,2.035136655786497,1398.2868217054263,2.6203090064667367,1271.8380952380953,2.7713837086322757,1377.5169082125603,2.3372189101191183,1129.3076923076924,1.8649354837715726,1079.794776119403,1.7592641326651262,1168.6046511627908,2.6653638314297354,971.4617737003058,1.9631218798737398,1113.7587548638132,1.9718303424961896,1173.3359683794467,1.7368291009934873,357.37254901960785,1.2888574236226011,1233.8144329896907,1.3678691551803728,1208.07722007722,1.990844665186978,1081.062015503876,2.0389442568579828,1007.3344947735192,2.2765825302577136,1219.0735294117646,2.0846925738951385,1436.4278350515465,3.8283288573161225,905.858064516129,1.396282219540875,184.66060606060606,0.1007189046638489,1041.2563176895308,1.983326437732727,1700.9248120300751,2.0777320427763977,1270.589641434263,2.0499264577902148,987.0035335689046,1.8102190148206496,1201.7229437229437,1.894778828336084,885.2758620689655,2.4739853664665916,1256.2723404255319,1.6620451356703085,1210.8208955223881,1.7373848315981104,744.2819672131147,1.675301258065467,1320.8577075098815,2.3983318350627854,1721.0978260869565,2.891766608538777,1720.4627450980392,2.981714090714374,1624.935,3.6496924641923587,645.5296442687747,2.3350486517393128,1187.4184782608695,1.917532973056703,1410.695067264574,2.339189045748858,1627.2136752136753,2.009072230124862,1137.206106870229,1.7138163737267658,1600.7582938388625,2.458214436734723,1490.734439834025,2.433378408727107,1017.436170212766,1.8516664711997761,1055.8130841121495,2.222569281017785,1729.6805555555557,6.12781808573353,1206.7099567099567,2.279786046172328,1072.3268482490273,3.0210692190965327,1482.7885462555066,2.2744612008163956,777.1176470588235,2.077951790948106,1638.9738219895287,2.517233708115129,1628.9633027522937,2.132939562499725,1279.887323943662,5.8914993819249055,886.2258064516129,1.8025294478283531,1542.3059360730595,3.0383769255417343,957.2730627306273,1.696801731468526,1632.7037037037037,4.82540455640381,1158.1565217391305,2.368914160832086,1057.4573643410852,1.9847591561576567,1675.3538461538462,3.0917920925636233,1140.8716814159293,2.14395491303542,1262.1759259259259,3.108738472760373,109.86345381526104,0.10485545117488831,1226.8438661710038,2.3444944510260357,496.54014598540147,2.9245957913259204,1608.0458333333333,3.172181922357596,1288.172972972973,3.03025839369397,1415.2820512820513,2.296254419212026,1611.039408866995,4.023516942643851,1348.338028169014,2.677539804288644,1262.6271186440679,1.8060758444689287,1612.622754491018,2.509639819740453,1030.9041095890411,0.892530444677761,1066.8148148148148,2.0183872500163003,608.0661764705883,2.2411511795161227,1021.3140096618357,1.5246147912056682,1457.7613941018767,3.6642722467459157,73.5226480836237,0.32569784317297973,846.5073891625616,2.7065293119104785
38,571.0374149659864,1.5890479194007798,876.8714285714286,2.3632042518800596,1053.1581027667985,2.2125163821468057,807.0962962962963,1.7057874020636477,982.4985250737464,1.8237000663817537,423.93238434163703,1.2121387691130647,720.7700729927008,1.7994522746054717,1022.0140845070423,2.193512894991638,1180.0191570881227,2.1320327984550604,813.5513698630137,1.93648939470916,1370.5152838427948,2.739606841313834,870.5111821086261,2.1805527183587707,1205.8425531914893,2.000233985492899,949.7319277108434,1.7775296616253573,1375.9260869565217,2.5097936354955372,1227.1951219512196,2.1730866252964027,991.9288025889967,1.9967373843736655,1036.258064516129,2.677071529137049,872.6944444444445,1.5582652295747246,1099.7180327868853,1.8225589965102376,1486.9756097560976,3.4088677788030695,962.7421383647799,1.9349193202036936,1030.8410041841005,2.2259842767130897,928.4436090225564,2.366388458377122,1436.8059701492537,3.578811435058273,1028.4666666666667,1.9686827052952403,1388.3527131782946,2.594588573424159,1289.847619047619,2.82478738080546,1419.5652173913043,2.4390865617560933,1134.0526315789473,1.8769728983567693,1041.8544776119404,1.6623130201301333,1136.0852713178294,2.563365813036052,980.8654434250765,1.9918046549112374,1034.0,1.7590109264881162,1204.1581027667985,1.8087223324458082,296.79901960784315,0.9009032484922314,1248.7079037800688,1.3964518894677833,1187.2509652509652,1.9392849700716712,1073.1434108527133,2.016684481024712,1035.1602787456445,2.3670921654651225,1236.2892156862745,2.1282544250257374,1424.3041237113403,3.7875768864246733,893.2290322580645,1.3628744190968032,301.7818181818182,0.7988511975723424,1044.0180505415162,1.9912391394290445,1747.6616541353383,2.162299847013359,1285.6454183266933,2.0860663811686044,982.583038869258,1.7976328812989775,1310.5454545454545,2.156916704641794,860.6600985221675,2.3773885812045124,1235.5787234042552,1.6181952945504647,1165.0223880597016,1.6338450429292808,728.8655737704918,1.6198874517545154,1310.407114624506,2.3714443192495906,1783.9782608695652,3.033952585830804,1652.2117647058824,2.823758975960037,1590.91,3.552331162913142,649.201581027668,2.3540192564911533,1143.8858695652175,1.8105716754198669,1358.726457399103,2.2161766266850647,1542.7478632478633,1.852876560771298,1121.8778625954199,1.6772372171058567,1528.0284360189573,2.3010917497791006,1413.253112033195,2.2549276324905994,1043.014184397163,1.9233564381824362,1032.1822429906542,2.150442856531599,1657.1990740740741,5.829130092204848,1180.7056277056276,2.2091073922553512,1079.307392996109,3.0472452433757438,1565.2863436123348,2.4566421579595583,773.1921568627452,2.06240399117146,1551.7068062827225,2.3299589114512,1656.6284403669724,2.1861471479552006,1272.9577464788733,5.854187363966601,855.7322580645161,1.7060990948624541,1791.8219178082193,3.691710067576292,883.8745387453874,1.490025552051129,1647.5714285714287,4.878451849670391,1125.7623188405796,2.2746839882903664,1045.4147286821706,1.950767840517604,1590.0461538461539,2.8834412766325195,1109.641592920354,2.0578926575166077,1277.9305555555557,3.1600242337654114,113.94377510040161,0.14588970831751474,1178.895910780669,2.2137837101055067,439.7153284671533,2.4754590166298884,1667.8166666666666,3.3272613269045737,1275.6864864864865,2.9911923924458876,1601.8846153846155,2.730860034398191,1666.128078817734,4.19529353936899,1563.1267605633802,3.263367761663418,1254.4406779661017,1.7878822122402085,1633.5329341317365,2.5551477966684817,997.5582191780821,0.8313141664413831,1071.2304526748972,2.0308806132809223,490.6139705882353,1.6151003147205338,1475.5169082125603,2.647371695587429,1340.9919571045577,3.290655242990446,92.38675958188153,0.6658394536624596,922.4334975369458,3.0389804515365055
39,584.6972789115646,1.65098088806572,832.7214285714285,2.193868745120063,1054.106719367589,2.2154100088135045,843.925925925926,1.8292586016365149,979.6017699115044,1.8153747940936351,457.97508896797154,1.3897783868703415,694.4890510948906,1.6973774669968515,1115.6807511737088,2.486195464014317,1258.9463601532566,2.3415231166464463,830.2808219178082,1.996873852726201,1466.1266375545852,3.0004932952360073,841.0095846645368,2.0727638836198095,1180.804255319149,1.9379366714557815,954.6686746987951,1.7919673790389712,1340.7608695652175,2.4200921192870464,1226.6731707317074,2.171737046566773,1000.2686084142395,2.0219329506579498,1070.5725806451612,2.7988336023259275,894.7326388888889,1.6228692234797393,1069.0426229508196,1.7438268566134238,1410.658536585366,3.182588421786457,959.6855345911949,1.9256012638812197,1011.276150627615,2.164756687110781,908.781954887218,2.2950984361177333,1453.636815920398,3.6324479529178233,1008.6,1.9113373078635953,1509.0,2.906956860320888,1223.5523809523809,2.62820199635409,1346.3574879227053,2.2617310478651564,1095.8218623481782,1.7799854359608518,1058.3619402985075,1.704495526213415,1127.391472868217,2.53609745126525,987.5688073394496,2.0122510428404063,1077.1400778210116,1.874121125789585,1261.6126482213438,1.942736183739849,363.69607843137254,1.329357616704917,1276.9621993127148,1.450675987601398,1250.5752895752896,2.0960574134506382,1054.4883720930231,1.9642438050161304,1043.574912891986,2.3944626599587235,1238.299019607843,2.1333399486486146,1311.1546391752577,3.407242484622715,913.5516129032258,1.4166340979723213,251.35151515151514,0.49824789566850913,1041.043321299639,1.982716177079024,1811.0563909774437,2.277009216611805,1266.4501992031871,2.03999013061632,967.0282685512367,1.7533449838070483,1337.948051948052,2.2229256455684845,869.64039408867,2.41262891331033,1242.8978723404255,1.6337045947203457,1229.1305970149253,1.778778814244187,708.4590163934427,1.546536637105566,1261.9209486166008,2.2466980422146205,1786.195652173913,3.03896657707844,1658.043137254902,2.837254681294426,1627.375,3.656674435540523,659.494071146245,2.407194127076505,1182.1630434782608,1.9046201672121559,1338.1300448430493,2.1674238403566495,1436.1581196581196,1.6557689268215585,1105.3129770992366,1.6377069532276827,1483.0142180094788,2.203844826756521,1463.0829875518673,2.369693089129823,964.7092198581561,1.7038835626921955,978.2056074766355,1.985694521700683,1652.5555555555557,5.80999467718765,1147.8311688311687,2.1197560192163105,1098.9377431906614,3.120856192366055,1431.3348017621145,2.1608352287209107,772.2078431372549,2.058505392026666,1533.5706806282722,2.2910388313189793,1620.0825688073394,2.1158594952734266,1287.7417840375588,5.933791391439976,840.158064516129,1.6568485136586713,1792.3287671232877,3.6930372028293084,891.7084870848709,1.5120951226560826,1663.2010582010582,4.93421758074138,1031.768115942029,2.001268093946875,999.9147286821706,1.82234040109096,1539.297435897436,2.7594953989977618,1092.1725663716813,2.009752421644084,1342.9953703703704,3.371828549123862,121.05622489959839,0.21741694197852973,1160.899628252788,2.1647241119665486,487.22627737226276,2.8509800527887155,1544.775,3.0080215349023254,1311.0486486486486,3.101828660915566,1431.3589743589744,2.333698283275472,1680.615763546798,4.240468802801757,1524.7417840375588,3.1586742233137755,1241.3474576271187,1.7587837010669454,1661.0419161676646,2.6150171111035805,975.2910958904109,0.7904362532142158,1329.1687242798355,2.7606769935821602,481.4742647058824,1.566383300607101,1563.3671497584542,2.864531175551079,1014.4504021447722,2.2458486523024344,89.92682926829268,0.621484082955852,991.7044334975369,3.3422911584346564
40,606.6666666666666,1.7505887178981032,829.8678571428571,2.182923989425092,1088.1541501976285,2.319267092592436,864.7555555555556,1.899089859319319,971.6725663716815,1.7925862687265646,469.2384341637011,1.448552105269022,663.5474452554745,1.577201072203645,1159.018779342723,2.6216148813191325,1286.0191570881227,2.413380329672677,830.5445205479452,1.9978256650634196,1379.3275109170306,2.763652005233219,864.9616613418531,2.160276651005341,1078.3531914893617,1.6830301227206266,995.2590361445783,1.9106755424714659,1295.182608695652,2.3038283959421375,1295.6439024390245,2.350070632157813,1009.4207119741101,2.0495825670537426,1129.8024193548388,3.0090055286562967,910.6909722222222,1.6696503729972194,1069.3049180327869,1.7445000685834695,1381.0439024390244,3.0947813283733625,1028.5251572327045,2.1354588471685383,981.6820083682009,2.072142756131925,872.4624060150376,2.163409544139155,1421.3432835820895,3.5295349652068166,1025.6126984126984,1.960444687990822,1545.6860465116279,3.001940823936962,1195.857142857143,2.5460772588185954,1261.7584541062802,2.0567785759595147,1036.2429149797572,1.6288398787631042,1074.5559701492537,1.7458770986368872,1150.1821705426357,2.607581163798606,1003.6085626911315,2.0611749957092433,1133.9961089494163,2.0258294537586536,1072.8853754940712,1.502526127906891,347.45098039215685,1.2253129346314326,1200.8659793814434,1.3046362856954428,1289.003861003861,2.191195278760732,968.9341085271318,1.7237445235830502,1028.184668989547,2.344402422203761,1180.3970588235295,1.9868272534451321,1400.8144329896907,3.7086199428224895,942.583870967742,1.4934336392230614,346.74545454545455,1.0668689714966946,1041.2707581227437,1.9833678113363677,1294.8646616541353,1.342988021601795,1133.6254980079682,1.7211573956303117,1102.8021201413428,2.139923396626192,1385.060606060606,2.336413055379728,884.935960591133,2.4726515305284122,987.4595744680851,1.092430018791501,1340.089552238806,2.029631241785737,749.8819672131148,1.6954303055301851,1212.2766798418972,2.11897217284483,1527.8315217391305,2.454750572369221,1286.513725490196,1.9774139796266579,1472.46,3.2133907915237723,589.4268774703557,2.045200682043271,1261.7554347826087,2.1001817407316903,1337.2600896860986,2.16536461097548,1512.7735042735044,1.797447447447448,1139.679389312977,1.719718588241295,1419.0236966824646,2.065602254146407,1685.5228215767636,2.882004405602092,1048.127659574468,1.937688468182297,1002.9485981308411,2.0612154664612836,1736.8055555555557,6.157179405485743,1317.6580086580086,2.581338105642644,1051.0272373540856,2.941198786039453,1219.770925110132,1.6936359727375498,745.6901960784314,1.953476199129883,1526.1727748691098,2.2751629441287866,1538.6605504587155,1.9592628045364517,1227.0093896713615,5.606780372260689,910.6483870967742,1.8797614590739704,1674.0228310502282,3.383264704897726,950.239852398524,1.6769879766060471,1362.7089947089946,3.862077037506891,1397.3449275362318,3.064679536471191,1031.2403100775193,1.9107593946548185,1311.7333333333333,2.2037053504890327,1113.2654867256638,2.067879195809312,1181.6805555555557,2.846703348871276,129.97991967871485,0.30715918545384047,1129.7583643122678,2.0798300294195444,466.87226277372264,2.6901042793474974,1471.2125,2.8171587334190984,1197.464864864865,2.74646334306883,675.1581196581196,0.5724730866006305,846.2512315270936,1.6387668581610402,990.5727699530516,1.7017489045337317,1273.2796610169491,1.8297501671516416,346.7185628742515,-0.24541727374377398,1002.9623287671233,0.841235013422692,1220.0946502057614,2.4520687984947416,454.31617647058823,1.4216236130544353,1382.4541062801932,2.417327141173366,1054.225201072386,2.373112614366862,100.60975609756098,0.8141095313785978,313.9408866995074,0.37462603830316865
41,619.9353741496599,1.8107482076296604,861.7357142857143,2.305151843074942,1090.094861660079,2.3251869704813903,823.7962962962963,1.7617740914114013,937.2271386430679,1.6935901337893304,476.3523131672598,1.4856733258310957,640.1715328467153,1.4864096345237097,1124.3098591549297,2.5131590529002725,1265.697318007663,2.359441657454856,821.1883561643835,1.9640548688909412,1241.3187772925764,2.387079477726648,868.5814696485623,2.1735022032859606,1128.8510638297873,1.808672921102421,976.8253012048193,1.856765334679327,1347.908695652174,2.4383252167953002,1311.1365853658538,2.3901291559457145,962.6245954692556,1.90820581560991,1159.9959677419354,3.1161447065691426,882.6354166666666,1.5874067506949476,1126.183606557377,1.8904860842878217,1459.570731707317,3.3276125900706095,1018.8081761006289,2.1058366310816616,952.8117154811715,1.9817940888402377,932.375939849624,2.3806464628290005,1292.5721393034826,3.119167246685174,959.3968253968254,1.7693116902872035,1474.1046511627908,2.8166091979399566,1197.6904761904761,2.5515136453301435,1267.4685990338164,2.0706121656004735,1020.2955465587045,1.58838307325876,1063.7126865671642,1.7181686079772995,1179.6782945736434,2.700096648897048,939.6422018348624,1.8660668313322237,1080.9260700389104,1.8842232475466274,1186.1778656126482,1.7667830775244682,288.15686274509807,0.8455529846130665,1174.0137457044673,1.2531029479654419,1251.6486486486488,2.0987147355199847,986.3100775193799,1.7725896410869917,959.1428571428571,2.119828364899126,1203.9068627450981,2.046315476116644,1374.221649484536,3.619232435242138,933.1193548387097,1.46839698877532,202.33939393939394,0.2060980455908386,1065.2635379061371,2.052110053785685,1675.8308270676691,2.0323258254918324,1215.434262948207,1.917531353463561,899.2685512367491,1.560417968290187,1425.2164502164503,2.43314274511685,935.9901477832512,2.672997554634114,1250.5063829787234,1.6498270532690362,1307.8992537313434,1.9568564530578578,763.7213114754098,1.7451754515188125,1239.9802371541502,2.190248495966873,1726.016304347826,2.9028883293209105,1630.8,2.7742051419817173,1471.415,3.210400561991464,597.7549407114625,2.0882265853932473,1210.8315217391305,1.9750597233962153,1428.0269058295964,2.3802144146056676,1459.8076923076924,1.6995021337126603,1133.8053435114505,1.7057008287692885,1510.2322274881517,2.2626455299486326,1440.8132780082988,2.3184027064349513,1101.0106382978724,2.085908692445768,1123.46261682243,2.4290502474576754,1954.9305555555557,7.056047878601725,1126.5194805194806,2.0618317619775435,1011.5758754863813,2.7932619353332546,1420.7577092511012,2.1374776979845014,763.1803921568627,2.022750112220633,1730.848167539267,2.714395823057451,1486.8440366972477,1.8596055527863184,1185.530516431925,5.3834391265549835,911.8161290322581,1.8834542325610812,2030.5022831050228,4.3166712100125775,919.2214022140222,1.5896037041118223,2052.2486772486773,6.32231988461742,1036.7217391304348,2.0156774859362985,1078.3139534883721,2.043628570209516,1823.076923076923,3.452582811151622,1034.924778761062,1.8519919424853435,1194.0462962962963,2.8869573211441106,145.3453815261044,0.46168385851258886,1198.814126394052,2.2680826828029943,526.8941605839416,3.1645104063000304,1490.1958333333334,2.8664122550026487,1332.9675675675676,3.1704055592103604,1435.8247863247864,2.344099356626429,2158.0197044334977,5.7291020245153765,1471.7464788732395,3.0141315788799736,1295.5254237288136,1.8791893851644679,1833.065868263473,2.989402323356851,1027.9109589041095,0.8870356282888736,1071.1316872427983,2.0306011717913126,446.99632352941177,1.3826068893618189,1509.3478260869565,2.730999291858281,964.1769436997319,2.0849930432007793,105.91637630662021,0.9097939925488004,924.3891625615763,3.047543554270012
42,618.9965986394558,1.80649185818954,856.8928571428571,2.2865772639480566,1039.5454545454545,2.1709928394796774,837.7851851851852,1.8086717906055603,966.4601769911504,1.7776058653323628,484.87188612099646,1.5301296550084864,691.6459854014598,1.686335073561618,1089.0,2.4028254555056767,1244.72030651341,2.3037640122073872,828.5719178082192,1.990705614333058,1318.0436681222707,2.596432069433092,845.9169329073483,2.0906936702950363,1258.4468085106382,2.1311176354124863,975.3102409638554,1.8523344793656915,1426.682608695652,2.6392663729112065,1274.019512195122,2.294157711518087,980.4822006472492,1.96215580969477,1173.4717741935483,3.1639624326087703,918.9375,1.6938247050477018,1170.0196721311474,2.0029966347816646,1455.0487804878048,3.314205050028782,1032.5251572327045,2.1476528468004177,935.3430962343097,1.9271265981238908,1016.7142857142857,2.6864438546774014,1264.686567164179,3.030301540920239,1064.9968253968254,2.074127494084939,1487.7868217054263,2.8520337506673457,1261.2333333333333,2.739937389771968,1407.4782608695652,2.4098042933282775,1142.5748987854251,1.8985929987849606,1021.2798507462686,1.6097374463183753,1196.608527131783,2.753198835350398,990.0917431192661,2.0199464215090033,1179.1673151750972,2.146359290837282,1228.501976284585,1.865504893681361,307.98039215686276,0.9725163806013496,1295.4673539518901,1.48619006792851,1227.915057915058,2.039957329907491,1024.8217054263566,1.8808486389721495,943.2613240418118,2.0681700982731086,1190.1421568627452,2.0114858411580108,1486.9845360824743,3.998267348176384,923.6129032258065,1.4432494056568832,342.96363636363634,1.0443264332935949,1120.5342960288808,2.2104675217211422,1655.8721804511279,1.9962117269804083,1278.4900398406373,2.068890593291497,940.3851590106007,1.6774861135005643,1327.2857142857142,2.1972415979377673,914.8965517241379,2.5902224026444745,1278.936170212766,1.7100698639870446,1296.3768656716418,1.9308070097297376,754.3540983606557,1.7115052591261308,1269.2213438735178,2.2654806601068183,1686.7717391304348,2.8141480577542963,1723.835294117647,2.989519273355647,1529.615,3.376937747427187,686.5889328063241,2.547176361278729,1179.1847826086957,1.8973024654512343,1444.9551569506727,2.4202844708629656,1533.6752136752136,1.8360992571518888,1149.7900763358778,1.7438466225761526,1529.1516587677725,2.3035183154514893,1399.676348547718,2.223658369927227,1100.627659574468,2.084835281044946,1130.2570093457944,2.4497881990501047,1840.0509259259259,6.582641908275926,1157.82683982684,2.146923825424784,1002.0739299610894,2.757631026030115,1423.079295154185,2.1426044862802485,792.4313725490196,2.138605295571285,1649.6806282722514,2.540210487523441,1447.0045871559632,1.7829834536848745,1244.9859154929577,5.703574218305639,903.9,1.8584209006898955,2002.8036529680364,4.24414506186124,947.2546125461255,1.6685780460269575,1729.883597883598,5.172137522748041,1020.0811594202899,1.9672723838817165,1119.0387596899225,2.1585776379372397,1674.8102564102564,3.090464458870284,1113.712389380531,2.069110746929658,1194.2175925925926,2.8875149388805745,120.05622489959839,0.20736031793471676,1242.1412639405205,2.386196629572165,480.2007299270073,2.795450939667979,1487.7083333333333,2.859958270721397,1202.1459459459459,2.7611088656146476,1596.0555555555557,2.717283896550626,1792.9014778325122,4.5905962950446995,1449.4225352112676,2.9532438862610215,1291.2330508474577,1.869649970336469,1894.2335329341317,3.1225248847313694,1062.5342465753424,0.9505969483022021,1048.201646090535,1.9657241726203223,414.56617647058823,1.2097457544082433,1570.2512077294687,2.88154807183638,946.0026809651474,2.026842436646805,88.85714285714286,0.6021964075919308,898.6600985221675,2.9348859079800786
43,622.6122448979592,1.8228849721563805,838.425,2.215744558442803,1026.8339920948617,2.1322182421459135,900.1296296296297,2.017681314178576,1055.5604719764012,2.0336800501211916,483.2562277580071,1.521698922574679,754.2591240875912,1.929522880718053,1157.6103286384975,2.6172138602822512,1373.8122605363985,2.646402715645368,870.8664383561644,2.143366424263551,1416.82096069869,2.8659571476573245,862.9424920127796,2.15289929086293,1326.2978723404256,2.299936580402603,1014.855421686747,1.9679859692518022,1412.091304347826,2.6020460108444783,1316.4536585365854,2.403877200948489,1047.9644012944984,2.1660277336993885,1167.6612903225807,3.1433444364318994,949.0763888888889,1.7821755270258848,1161.6918032786884,1.9816221547327222,1450.121951219512,3.2995970506304575,1047.5314465408806,2.1933995183753607,954.2175732217573,1.9861936761170504,991.9511278195489,2.5966565933728902,1365.3432835820895,3.3510742365555934,1110.031746031746,2.2041213911711184,1666.0736434108528,3.313636746801755,1265.509523809524,2.7526175848040992,1418.5942028985507,2.436734149304458,1230.8542510121458,2.1225484808926582,1127.186567164179,1.8803672090131736,1182.7209302325582,2.7096399676621306,1041.8623853211009,2.177855591788611,1229.1984435797665,2.279856805279267,1302.9723320158103,2.0392084553373206,334.52941176470586,1.1425544005500492,1319.872852233677,1.5330277649541644,1306.3938223938223,2.234247719769138,1080.4418604651162,2.0372009557648236,1026.7212543554008,2.3396423362048746,1321.6666666666667,2.3442899492688007,1531.6288659793815,4.14833232261977,990.7290322580645,1.6207928784638725,416.6969696969697,1.4838336765290272,1055.8628158844765,2.025175837815474,1798.7142857142858,2.25467684038031,1365.402390438247,2.277515210518162,991.148409893993,1.8220204014081176,1476.2770562770563,2.556140447838858,891.5714285714286,2.498690327756353,1316.6978723404254,1.790087032421651,1355.294776119403,2.0640067215662063,749.7081967213114,1.6948056922306356,1296.4387351778655,2.3355061646036632,1762.9891304347825,2.986491717697545,1699.5607843137254,2.933340109926014,1649.06,3.7187252751654993,679.3438735177865,2.509745663205399,1219.8315217391305,1.9971730703233814,1387.9730941704036,2.285404946396348,1554.9188034188035,1.8753832780148574,1129.4923664122136,1.6954083867917913,1624.909952606635,2.510390718027949,1443.97510373444,2.325684851322876,1030.2695035460993,1.8876356921217567,1143.7570093457944,2.4909931111206194,1838.1064814814815,6.574629072476102,1202.4415584415585,2.26818472225654,1071.5136186770428,3.0180197268588764,1430.259911894273,2.158461535468231,815.6745098039215,2.2306650450979393,1823.0314136125655,2.912220837747984,1573.7293577981652,2.026709660913025,1367.9577464788733,6.365710862195797,911.983870967742,1.8839846862111633,1948.4794520547946,4.1019024663194585,962.7490774907749,1.7122286004170661,1694.3015873015872,5.045182701674106,1040.8115942028985,2.027574298163962,1082.1356589147288,2.05441564366336,1784.7076923076922,3.3588719121557387,1146.070796460177,2.1582823641879565,1239.2962962962963,3.0342588280683667,149.77510040160644,0.5062318758632947,1176.4795539033457,2.207196488706969,523.3211678832117,3.136269885912914,1475.9166666666667,2.8293640068756014,1213.7135135135136,2.7972998797578934,1678.2435897435898,2.908703458929197,1837.6995073891626,4.730284783877607,1551.3896713615025,3.231355304976272,1259.4533898305085,1.799022516032432,1733.4191616766468,2.7725357013467335,1043.3424657534247,0.9153647388704819,1123.1069958847736,2.177657255698277,448.50735294117646,1.3906610698930424,1551.8357487922706,2.836026381563,931.1823056300268,1.9794229716769915,118.50522648083624,1.1367854293235495,886.7783251231527,2.8828602057301613
44,701.8707482993198,2.182238068727706,891.9642857142857,2.4210922838787443,1105.5691699604743,2.372389255481915,963.4481481481481,2.229956417547214,1092.6047197640119,2.140145192070475,531.5195729537367,1.7735438416656453,707.2153284671533,1.7468059983301745,1226.9389671361503,2.8338467857876357,1391.5325670498084,2.6934363429092105,904.9554794520548,2.26640980094761,1441.1484716157206,2.9323375283287305,887.3194888178914,2.2419645723290635,1261.2425531914894,2.1380736747262845,1099.3584337349398,2.2151184659198515,1396.4347826086957,2.5621084292585765,1431.3365853658536,2.7009232632056905,1059.9449838187702,2.2022225285711077,1185.6612903225807,3.207215869418404,1010.65625,1.9626941707796952,1190.4688524590165,2.055481922996332,1457.7853658536585,3.3223189982094348,1136.8993710691823,2.465837628075342,1008.1338912133891,2.1549230857867148,970.3458646616541,2.5183193547639586,1433.547263681592,3.568426593439,1134.7333333333333,2.2754228512886683,1707.8255813953488,3.4217368266826154,1214.4714285714285,2.601274232516369,1334.5700483091787,2.233174399198541,1159.8704453441296,1.9424699911978973,1221.597014925373,2.121619869257115,1211.984496124031,2.801426027122477,1044.5779816513761,2.186138617555537,1343.272373540856,2.584239028867358,1309.9288537549407,2.0554346783888833,343.9313725490196,1.202770966698795,1261.6872852233678,1.421361208204181,1359.5521235521235,2.3658520731891497,1080.6007751937984,2.037647676669946,1105.5226480836236,2.5959616337068487,1298.7156862745098,2.2862157502387714,1519.4123711340205,4.107268474400069,1019.3709677419355,1.696559892548908,385.1818181818182,1.2959791915031973,1089.346570397112,2.121110881257758,1939.360902255639,2.50916933491966,1291.597609561753,2.1003540354494494,992.8833922261484,1.8269602827503564,1503.4242424242425,2.6215341395531206,827.0344827586207,2.24543547810286,1348.2851063829787,1.8570204830966663,1404.0559701492537,2.1742444564793777,830.9377049180328,1.9867829468784068,1314.600790513834,2.382233901049061,1931.4673913043478,3.3674567389639956,1634.7411764705882,2.783326314719485,1560.82,3.466229721164673,674.1936758893281,2.4831378074555093,1247.8641304347825,2.0660502704745425,1389.7399103139014,2.2895870926653217,1604.465811965812,1.9670064801643752,1152.351145038168,1.749958329272525,1616.6824644549763,2.4926163804445425,1461.1825726141078,2.365316156900597,1084.4645390070923,2.0395333443324875,1144.981308411215,2.4947299359605206,1854.6435185185185,6.642776333135558,1217.2380952380952,2.3084010763581255,1132.6186770428017,3.2471547799696507,1495.0660792951542,2.301573836452536,823.3450980392157,2.261046160345811,1820.0732984293193,2.9058727299896967,1714.0,2.2964882640705437,1374.8544600938967,6.402845926139394,918.7967741935483,1.905529265229885,1863.0456621004566,3.8782024610587427,1001.7564575645756,1.8221190530147886,1686.915343915344,5.018828957403591,1096.0289855072465,2.188193910450983,1095.9883720930231,2.0935160498743506,1754.876923076923,3.2860148820222115,1167.4115044247787,2.2170919785783263,1277.6805555555557,3.1592104132851673,137.49799196787149,0.38276561200009696,1149.4609665427508,2.133541219284546,477.6861313868613,2.7755758441146354,1775.7375,3.6072691106042094,1156.5945945945946,2.61859406365898,1638.4871794871794,2.8161090231550783,1779.9556650246304,4.550228871616848,1631.4084507042253,3.449603429686559,1327.9745762711864,1.951304724505843,1741.5149700598802,2.7901550555296355,999.8664383561644,0.8355515877756051,1210.7201646090534,2.425545143772646,401.46691176470586,1.139923259924671,1691.7053140096618,3.1817738890355063,1165.4343163538874,2.728938740707826,112.58885017421603,1.0301063649328703,859.1822660098522,2.7620277082160496
45,701.3605442176871,2.1799248353363363,938.2107142857143,2.5984685560867358,1126.1581027667985,2.4351930109270574,962.1555555555556,2.2256230055750774,1110.867256637168,2.1926317101313137,511.0996441281139,1.6669897828436453,700.9124087591241,1.7223256216130398,1249.981220657277,2.905847489951001,1402.3908045977012,2.7222565158099097,877.5034246575342,2.1673224282834127,1460.580786026201,2.9853608085275734,931.7667731629393,2.404359879767707,1280.5744680851064,2.1861730455064725,1142.5753012048192,2.3415079530769773,1490.3565217391304,2.8016895560063304,1446.2585365853658,2.739506079410726,1095.0388349514562,2.308245315061904,1213.4354838709678,3.3057701773061825,1054.0277777777778,2.0898358893660416,1259.055737704918,2.2315184380135875,1505.370731707317,3.463409131012059,1136.3364779874214,2.464121648567397,1025.0543933054394,2.207875261225495,980.9398496240601,2.556731454711752,1353.0,3.311738676162587,1178.2539682539682,2.401045742530345,1524.7906976744187,2.9478406075762376,1243.7333333333333,2.6880446094344603,1372.9661835748793,2.3261941711666796,1147.0485829959514,1.909942267655816,1211.55223880597,2.095951852445136,1245.2325581395348,2.9057095791821923,1024.0183486238532,2.123428277205262,1360.1673151750972,2.6293196174275617,1250.4268774703557,1.91664515462853,322.5882352941176,1.0660749661713502,1203.93470790378,1.3105256215788428,1351.7876447876447,2.3466295023925454,1057.1937984496124,1.9718489560350356,1112.0383275261324,2.6171553499399893,1259.0980392156862,2.1859689162873193,1609.541237113402,4.410222645759335,996.2709677419355,1.6354530575604027,439.5090909090909,1.6198114229977243,1137.9675090252708,2.260415804716591,1885.4022556390978,2.4115340635061218,1307.9282868525897,2.1395542328371233,992.7526501766785,1.8265880309995155,1472.1515151515152,2.546202608865219,889.2364532019704,2.489527454789728,1355.5531914893618,1.8724215788467578,1406.7985074626865,2.1804446963907016,858.6983606557377,2.0865678677705435,1296.2332015810277,2.3349773632336617,1978.4565217391305,3.473709112314632,1714.3921568627452,2.9676647619600813,1539.94,3.406482359791857,608.1778656126482,2.1420753310666627,1326.9728260869565,2.2604233851314453,1427.0807174887893,2.3779747372890347,1579.7136752136753,1.9212343922870243,1129.293893129771,1.6949347522937122,1565.8436018957345,2.3827861274161988,1479.265560165975,2.406963909422351,1151.5602836879432,2.2275890583597877,1073.9345794392523,2.277879993724416,1889.3101851851852,6.785633748538137,1236.7792207792209,2.3615130197210745,1163.3774319066147,3.3624956227384137,1492.387665198238,2.295659059822908,796.8627450980392,2.15615675785661,1695.6492146596859,2.638858958528318,1692.6376146788991,2.2554025858304256,1285.8826291079813,5.923780850036528,898.2870967741935,1.8406711054756075,2010.75799086758,4.264972716012186,999.5018450184502,1.8157674243574047,1843.4708994708994,5.577411292088592,1032.5333333333333,2.003494003534475,1133.1589147286822,2.198432920485265,1783.5948717948718,3.3561540205382423,1122.5088495575221,2.0933515749222047,1321.5833333333333,3.3021263320658827,132.9678714859438,0.3372078934401734,1178.9665427509294,2.2139762596540797,442.64233576642334,2.4985937432391503,1488.1708333333333,2.861158257748565,1237.8216216216217,2.872726012037741,1626.1581196581196,2.7873940981622445,1833.4679802955666,4.717090104758687,1526.413145539906,3.163232797146025,1353.207627118644,2.0073829232232483,1801.1916167664672,2.9200326322950247,981.0308219178082,0.8009732237723107,1170.3333333333333,2.311276861313188,397.5110294117647,1.1188373761008361,1542.9082125603866,2.8139581539593252,1007.2922252010724,2.222945256595234,109.02090592334494,0.9657722295170542,866.4729064039409,2.7939506100941083
46,677.8979591836735,2.073546942445211,979.3071428571428,2.756092215388408,1129.3320158102767,2.4448746034827207,988.8814814814815,2.315221575176627,1125.9675516224188,2.23602994724219,503.98932384341634,1.6298871321768003,754.6569343065694,1.9310679652937148,1250.3849765258217,2.9071091159815743,1385.0344827586207,2.6761889846736477,888.3664383561644,2.2065321520971395,1392.7205240174671,2.8001963648668933,936.9904153354632,2.4234452972247356,1281.6468085106383,2.188841115380258,1130.5903614457832,2.306457509154605,1552.4391304347826,2.9600535458605655,1445.1073170731706,2.7365294384743453,1096.0258899676376,2.311227328145609,1199.274193548387,3.255520071426119,1105.5833333333333,2.240968724012592,1311.150819672131,2.365226750414236,1491.6,3.4225790495254564,1139.3867924528302,2.4734205319344746,1033.1673640167364,2.2332645461354343,1009.7330827067669,2.661131125932529,1312.5820895522388,3.182934930643527,1171.4666666666667,2.38145410627134,1548.2945736434108,3.008694570108501,1235.2238095238095,2.6628113037302077,1500.6521739130435,2.6355305567844276,1119.3238866396762,1.8396076131511834,1153.0186567164178,1.9463774914757774,1227.922480620155,2.851415997519953,1054.8195718654433,2.2173771910841804,1304.7470817120623,2.481442412714761,1284.2213438735178,1.9954714086574272,325.4901960784314,1.084661101291297,1202.890034364261,1.3085207412781108,1328.3436293436293,2.288589000216027,1111.6860465116279,2.1250306439645277,1097.2543554006968,2.5690671478131373,1299.3480392156862,2.2878158296225544,1687.319587628866,4.67166247942476,954.3129032258065,1.5244606538883605,466.77575757575755,1.782341678407572,1125.4151624548736,2.2244517997517583,1847.1654135338347,2.342346552494689,1342.0916334661354,2.221560012929658,1054.3710247349823,2.002029275084989,1371.8008658008657,2.304472236097192,921.5418719211823,2.6162998617836672,1364.0808510638299,1.8904917169516655,1328.7611940298507,2.0040204548867173,821.1704918032787,1.9516749653811027,1342.4308300395257,2.453835640398798,1904.608695652174,3.306723541057583,1687.3686274509803,2.9051234670984316,1514.815,3.334588085151436,599.4347826086956,2.0969052797092127,1385.983695652174,2.40541536637249,1524.1973094170403,2.6078547924848734,1601.2264957264956,1.9610162794373323,1095.145038167939,1.6134422935568407,1513.5355450236966,2.2697818855336753,1527.414937759336,2.517858934723504,1129.2517730496454,2.1650628442619206,1028.6542056074766,2.1396745254089824,1840.7824074074074,6.585656260791098,1208.3376623376623,2.2842100804444745,1161.1011673151752,3.3539599626473673,1523.5154185022027,2.364398881640262,784.6392156862745,2.1077426800306305,1618.1727748691098,2.4725947132059742,1657.0366972477063,2.1869323369960787,1313.643192488263,6.07325643417437,882.6225806451613,1.7911348953833188,2190.981735159817,4.736870925933896,943.3468634686346,1.6575692493851084,1845.142857142857,5.583376752826044,1059.5942028985507,2.0822102607686808,1136.4147286821706,2.207622719370892,1723.3589743589744,3.2090371775008673,1131.8982300884957,2.119226342024914,1336.2222222222222,3.349780042409089,132.58634538152612,0.3333710288451443,1204.6877323420074,2.284094697894825,384.16423357664235,2.036389598026914,1752.0458333333333,3.5457995048702173,1177.4432432432432,2.6838224475610812,1594.8119658119658,2.714387521100742,1744.0738916256157,4.43834290805198,1715.75117370892,3.679644943440391,1339.8771186440679,1.977757060391182,1766.7245508982037,2.845020056350656,957.1746575342465,0.75717815401832,1147.954732510288,2.2479600771258506,401.1985294117647,1.1384927120444295,1726.3478260869565,3.267407687815783,1095.7935656836462,2.506115292434331,105.56794425087108,0.9035113621370997,814.6551724137931,2.567060741948635
47,682.5884353741496,2.09481326808987,961.9107142857143,2.6893689300439707,1116.2529644268775,2.4049787258156106,943.6481481481482,2.163576989458261,1103.3067846607669,2.170902919016804,479.0391459074733,1.4996935967287273,780.2518248175182,2.0304778563865145,1242.225352112676,2.8816125341079126,1360.0536398467434,2.609884282022782,844.3664383561644,2.0477154649726885,1374.6855895196506,2.750985994704821,917.5335463258785,2.352356494586629,1249.7276595744681,2.1094236863196834,1105.8855421686746,2.234207260084159,1479.7739130434782,2.7746948118852286,1423.560975609756,2.680818323999798,1068.4466019417475,2.2279069494592783,1168.0443548387098,3.144703707519202,1053.6631944444443,2.0887671294227568,1277.872131147541,2.2798129817147217,1424.6780487804879,3.2241561349258463,1127.3459119496856,2.436713908828763,1049.7782426778242,2.2852477648525356,996.2330827067669,2.6121822789089215,1258.4129353233832,3.010308738963133,1092.2507936507936,2.1527964357517124,1475.65503875969,2.8206233115634567,1233.804761904762,2.6586033993654254,1487.5893719806763,2.603884172360441,1082.004048582996,1.7449310878556656,1125.7089552238806,1.876591378902645,1217.406976744186,2.8184338015840695,1048.4220183486239,2.197863576326963,1220.2101167315175,2.255873350748159,1275.6126482213438,1.9753914576311185,340.94117647058823,1.1836197126056067,1222.979381443299,1.3470751170612674,1286.996138996139,2.186224748271307,1118.8255813953488,2.1451003977995176,1085.8362369337979,2.531927143483726,1260.9803921568628,2.1907319432902095,1567.139175257732,4.267694706748679,909.9483870967742,1.4071024215748684,370.7878787878788,1.2101802680539,1101.404332129964,2.1556578402978905,1804.8195488721803,2.265723985978832,1352.0438247011953,2.2454492769146324,1065.756183745583,2.0344453599825343,1283.4199134199134,2.0915751526912976,943.0147783251232,2.700563497356492,1334.8,1.828445499237159,1296.8432835820895,1.9318614722996905,808.8426229508196,1.9073627765828942,1364.2687747035573,2.510020785961544,1800.0434782608695,3.0702794439876953,1673.3921568627452,2.872777338105991,1539.75,3.4059386816950736,639.1304347826087,2.301987931509787,1401.875,2.4444609137245634,1534.2600896860986,2.631673919966033,1526.3675213675215,1.8225857436383757,1115.0114503816794,1.6608512851434525,1526.4881516587677,2.297764180819073,1395.4771784232364,2.213987069892345,1015.1808510638298,1.84534527072827,1031.7570093457944,2.1491449517207935,1772.5185185185185,6.304348489675845,1217.7186147186146,2.3097071077522964,1143.7665369649806,3.288957628107855,1508.5286343612336,2.331303371617245,741.0901960784314,1.9352568493416653,1538.9895287958116,2.3026676658850445,1614.2614678899083,2.10466393467933,1270.018779342723,5.838362619222767,862.0709677419355,1.726144122216521,1948.5022831050228,4.101962247186712,939.0774907749078,1.6455416972466577,1655.8042328042327,4.907826080390247,1072.7391304347825,2.1204470031162734,1087.9767441860465,2.0709025804736463,1599.0051282051281,2.905322182880288,1172.9203539823009,2.232272980012291,1329.9212962962963,3.3292687521570006,123.08032128514056,0.23777251835636795,1123.825278810409,2.0636558673394414,386.0875912408759,2.051591594190357,1478.625,2.8363909579355897,1165.9675675675676,2.64791893212832,1489.482905982906,2.4690714877217568,1587.088669950739,3.948834137200086,1517.2910798122066,3.138352715808775,1262.3305084745762,1.8054166548954238,1635.2694610778442,2.5589270960124475,966.8664383561644,0.7749702940418334,1152.201646090535,2.2599760611790565,382.45588235294116,1.0385895189831744,1568.3816425120774,2.876926641055741,1025.2573726541555,2.280426775184728,94.65853658536585,0.7068022039467485,746.0985221674877,2.2668776166534017
48,641.343537414966,1.9078114807315367,912.3035714285714,2.499102776598222,1062.102766798419,2.23980087025822,915.437037037037,2.06899934191738,1091.725663716814,2.1376187856123696,615.8042704626334,2.2133532402610183,763.9124087591241,1.9670159880815858,1172.1455399061033,2.662632397382859,1319.9003831417624,2.5033086250011443,808.0890410958904,1.9167732820096344,1369.301310043668,2.736294375719389,891.2907348242811,2.256474158811685,1239.2085106382979,2.0832511913673115,1082.5301204819277,2.1659033791658184,1435.8739130434783,2.6627120956195096,1404.458536585366,2.631426265072398,1017.4660194174758,2.0738884179589543,1092.4637096774193,2.876512367936083,1025.9930555555557,2.007653339060529,1220.6196721311476,2.1328676389530545,1401.770731707317,3.15623616940651,1085.0503144654087,2.3077757837904165,1006.2133891213389,2.1489129353103547,933.6541353383459,2.385280995824831,1248.084577114428,2.9773943401820437,1091.911111111111,2.1518159375853356,1421.8527131782946,2.68132353354394,1183.0619047619048,2.508135517113321,1463.4202898550725,2.545331339049344,1072.0323886639676,1.7196340297299488,1092.4067164179105,1.791492177547923,1145.6782945736434,2.59345462060749,1028.4373088685015,2.1369068495399564,1254.988326848249,2.3486716696222034,1252.1778656126482,1.9207293687261675,314.9901960784314,1.0174119434755446,1174.7319587628865,1.254481303172195,1212.5212355212354,2.001846743251071,1107.3217054263566,2.1127621625214235,1062.871080139373,2.457227793915477,1253.2303921568628,2.171121668051748,1527.9226804123712,4.135874556007971,854.4580645161291,1.2603128983976202,393.27878787878785,1.3442433438098336,1090.3068592057762,2.123862225899876,1750.8796992481202,2.1681227267130727,1311.9641434262949,2.149241912747763,1039.9434628975266,1.9609507913367965,1270.6406926406926,2.060791836164348,905.320197044335,2.552643024907937,1325.9106382978723,1.8096089131587396,1177.8208955223881,1.6627794958487925,790.0852459016394,1.8399398957013646,1316.494071146245,2.387104975207351,1774.0869565217392,3.0115862523241934,1650.2901960784313,2.8193118370132644,1409.505,3.0332473463501315,636.3557312252965,2.2876527705455327,1356.5489130434783,2.333092970866734,1513.932735426009,2.583558008703959,1465.1410256410256,1.7093646277856807,1025.3358778625955,1.4468504672131077,1390.5734597156397,2.0041394957862737,1436.7634854771784,2.3090754447412314,930.8794326241135,1.6090655556196072,966.3457943925233,1.9494958139004177,1858.7592592592594,6.65973683557852,1200.7445887445888,2.2635724312068555,1106.3346303501946,3.1485934399439706,1435.8237885462554,2.1707483165261587,688.7176470588236,1.7278234167571427,1529.0628272251308,2.281364989230688,1435.8899082568807,1.7616069026056809,1182.5492957746478,5.367386869506525,791.7161290322581,1.5036596201339802,1978.13698630137,4.179557812881103,880.789667896679,1.4813349439372616,1626.4761904761904,4.803185102960833,1030.2579710144928,1.9968752951016502,1002.0387596899225,1.828335650840155,1560.4564102564102,2.8111729142686803,1170.5265486725664,2.2256762556944,1264.0694444444443,3.1149024093607434,136.65060240963857,0.37424373379429576,1010.7360594795539,1.755363771701094,352.24817518248176,1.7841287698498554,1610.7375,3.1791656306418306,1077.6702702702703,2.3716664947311643,1347.6068376068376,2.138635856929006,1520.857142857143,3.742312064145495,1452.9718309859154,2.962924453163214,1161.7711864406779,1.5819325554896362,1536.9880239520958,2.345031785210689,911.9554794520548,0.6741649325093202,1103.724279835391,2.122816863362426,325.24632352941177,0.7336476619360606,1679.352657004831,3.1512390091747946,934.71581769437,1.9907288426665384,99.73867595818815,0.7984029553493458,768.5911330049261,2.365364082852872
49,637.4761904761905,1.8902771716249538,852.6071428571429,2.2701395833047955,896.2094861660079,1.7337658501414857,896.9037037037037,2.006866409228057,1092.117994100295,2.1387463428570945,697.3843416370107,2.639049518482617,776.5255474452555,2.016005091691555,1138.2206572769953,2.556626470674529,1356.5862068965516,2.600680945228451,817.667808219178,1.9513475561291154,1387.7467248908297,2.786624788204763,860.0926517571885,2.142486940788514,1227.6,2.054368276225697,1021.8283132530121,1.9883784743235016,1409.4391304347826,2.5952806887763304,1427.2341463414634,2.6903158266485043,1015.252427184466,2.067200886977794,1019.7096774193549,2.618351018165585,973.65625,1.854230304535511,1167.1639344262296,1.9956670394577956,1356.2146341463415,3.0211627967521064,1062.2138364779873,2.2381587827474076,1000.8912133891214,2.1322573549052786,927.7443609022556,2.363853096208815,1226.4328358208954,2.9083945986139796,1057.1555555555556,2.0514935644498857,1496.5232558139535,2.8746532809357697,1203.0761904761905,2.567483913238095,1349.0966183574878,2.2683669576167835,1098.3684210526317,1.7864457890104157,1071.7686567164178,1.7387545100192987,1139.0581395348838,2.572690304109706,1025.177370030581,2.126963487526957,1182.6225680933853,2.1555789045271627,1203.687747035573,1.8076252185008441,313.578431372549,1.0083700399036786,1176.701030927835,1.2582602387390356,1199.2972972972973,1.9691081530082224,1092.0813953488373,2.0699205381570476,1123.2020905923346,2.6534680059886417,1146.9166666666667,1.9021098721176863,1468.0927835051546,3.9347656588408557,855.3483870967742,1.2626680843293094,364.3757575757576,1.1719591055236445,1066.2563176895308,2.0549544890359956,1720.0338345864661,2.112308792208225,1294.3784860557769,2.1070292581322003,962.5547703180212,1.7406079374134134,1286.142857142857,2.0981343349729547,848.5073891625616,2.3296991136756846,1327.4510638297872,1.8128730798224006,1184.8246268656717,1.6786133057992074,781.9508196721312,1.810700922188504,1294.1422924901185,2.329597826219599,1617.4782608695652,2.657460831265676,1536.8117647058823,2.556685592721939,1424.775,3.076941896549504,619.7430830039526,2.2018255888749354,1314.9402173913043,2.23085880173969,1453.6412556053813,2.4408449209213456,1462.482905982906,1.7044491860281337,971.7671755725191,1.3190146945103032,1400.1990521327014,2.0249342421180128,1379.3941908713693,2.1769456084939254,909.4432624113475,1.548984334156945,936.8084112149533,1.8593413489652417,1851.6435185185185,6.630413672187259,1181.108225108225,2.210201634774792,1051.9844357976654,2.944788140539278,1413.5991189427314,2.1216692900516967,674.1803921568627,1.670245301100772,1340.4502617801047,1.8766028972089674,1432.8532110091744,1.7557665077173499,1110.6713615023475,4.980363160196469,766.6451612903226,1.4243772015101606,1805.2009132420092,3.7267416557865483,876.6273062730627,1.4696088602620905,1567.6719576719577,4.593374562973368,1025.4260869565217,1.9828200250920716,908.0271317829457,1.5629802080176616,1521.825641025641,2.716823248118455,1161.0530973451328,2.1995698106581605,1237.5324074074074,3.0285168724577525,135.43775100401606,0.3620465431869402,950.8289962825279,1.5920513519511854,325.26277372262774,1.5708392828811681,1428.8083333333334,2.7071383012075545,1020.227027027027,2.191945977301132,1558.1410256410256,2.628979281460012,1786.6354679802955,4.571057724801082,1635.3239436619717,3.460282785237391,1101.915254237288,1.4489080995564594,1497.0239520958085,2.2580557720326633,870.1712328767123,0.5974575471994668,1100.5267489711935,2.1137699451363208,319.12867647058823,0.7010390088850742,1170.5507246376812,1.893517219307789,971.0107238605898,2.1068584947579527,91.56445993031359,0.6510124458908457,859.615763546798,2.763925826706096
50,628.9115646258504,1.8514456937618262,788.825,2.02550580113146,1068.8577075098815,2.260405903480671,857.4444444444445,1.8745793858723319,1043.4631268436578,1.9989122887631716,462.3950177935943,1.4128421967443259,742.0109489051094,1.8819512858930938,1169.7840375586854,2.6552533521110226,1342.1417624521073,2.5623421831128432,815.6095890410959,1.9439184754191376,1402.9475982532751,2.82810210019851,821.4792332268371,2.0014066011031026,1109.476595744681,1.7604676745335908,1000.4397590361446,1.9258267773411517,1340.3695652173913,2.419093957014696,1415.9512195121952,2.6611422228949095,1013.1391585760517,2.0608164458510427,973.4274193548387,2.454122454586037,938.7986111111111,1.752046675291389,1118.3737704918033,1.870441197879719,1333.5365853658536,2.953922609422593,1031.5,2.1445276550708634,952.4644351464435,1.980707286030787,837.3421052631579,2.036068934589019,1280.7960199004974,3.0816391243755215,884.4095238095238,1.5528598474088275,1466.422480620155,2.796719264935513,1174.6,2.4830434162535244,1262.5990338164252,2.0588149927086916,1064.2914979757086,1.6999961997923236,1084.891791044776,1.7722888395615461,1112.6821705426357,2.4899612796557116,934.0703363914373,1.8490717041392741,1156.2529182879377,2.0852170554547307,1161.3201581027668,1.708801988449879,269.3480392156863,0.7250884568170618,1152.6941580756013,1.212187561828134,1216.4594594594594,2.011596629980328,1048.8062015503876,1.948270808750064,1091.4843205574914,2.5502988087318115,1046.5441176470588,1.648131380161496,1421.0979381443299,3.776799792081781,862.4548387096775,1.2814669053710186,307.6969696969697,0.8341100393771902,1036.884476534296,1.9708005792304513,1764.1766917293232,2.1921829200517253,1263.4701195219122,2.0328367401196186,914.6148409893993,1.6041122751523964,1126.064935064935,1.7125294980713497,768.8029556650247,2.0169242516503805,1254.5659574468084,1.6584293046423302,1245.044776119403,1.8147570771309849,720.016393442623,1.5880793141038867,1287.7391304347825,2.313123629692604,1525.8804347826087,2.450338751639071,1458.4705882352941,2.375378460600164,1402.76,3.0139467739143253,584.7075098814229,2.020818656129711,1198.2445652173913,1.9441330860270623,1373.0269058295964,2.2500265364610974,1368.6068376068376,1.5308519045361153,907.0419847328244,1.1645551980019913,1434.1469194312797,2.0982738619970123,1261.1161825726142,1.9045341386378958,950.7517730496454,1.6647636805289137,893.7429906542056,1.7278963958181792,1651.7824074074074,5.806808621048195,1141.935064935065,2.103730661028376,1014.9533073929961,2.8059268121862955,1322.6563876651983,1.9208392756733417,645.6745098039215,1.5573412485768563,1456.764397905759,2.126212741382584,1423.6743119266055,1.7381129878207475,1032.4647887323943,4.559263163482758,767.4322580645161,1.4268662532528535,1793.945205479452,3.6972696882308207,843.9040590405904,1.3774218832838856,1345.037037037037,3.7990243828768633,1019.7797101449275,1.9663955104078137,839.8488372093024,1.3705414432579146,1603.6410256410256,2.916644643812162,1122.8893805309735,2.0944002224108162,1169.1944444444443,2.8060575371079524,111.18875502008032,0.11818350713656818,891.8066914498141,1.4311508686518188,303.6715328467153,1.4001846162721938,1287.8166666666666,2.3413260397184894,884.8054054054054,1.768257436492381,1402.448717948718,2.266365018950855,1465.1625615763546,3.568646124543025,1406.0140845070423,2.8348490164492803,1091.3093220338983,1.4253373638067255,1457.9520958083833,2.1730215367934336,800.3904109589041,0.46935413903017104,1056.6213991769548,1.989546559609527,314.94485294117646,0.6787381391903492,1395.657004830918,2.449963756996333,890.632707774799,1.849679952923657,97.602787456446,0.7598904309256201,619.7733990147783,1.7137486330311444
51,580.0680272108843,1.629992150428025,796.8821428571429,2.0564086407407913,1018.7905138339921,2.1076826993678623,837.8296296296296,1.8088207904441438,971.7935103244838,1.792933861561404,405.2811387900356,1.1148139482197041,659.5802919708029,1.5617927517105785,1104.1220657276995,2.450077751371651,1246.448275862069,2.30835042645517,770.986301369863,1.782852050043079,1334.8296943231442,2.6422346512498005,822.9616613418531,2.0068228908279107,1110.0297872340425,1.76184405978594,964.6024096385543,1.821018991015846,1279.9782608695652,2.265044246315395,1344.1609756097562,2.475518389586802,968.2135922330098,1.9250908536281333,945.733870967742,2.3558543090324284,906.5902777777778,1.657629368301801,1087.6491803278689,1.791582830738522,1288.3121951219512,2.8198327456385717,1013.1761006289308,2.088667249524511,917.6652719665271,1.8718044069199224,790.327067669173,1.8655999062188615,1241.9850746268658,2.9579564534259672,1061.5809523809523,2.0642675312155796,1412.7829457364342,2.6578409688464637,1113.404761904762,2.3015810706433713,1163.0966183574878,1.8177570859110388,997.6518218623481,1.5309383123585834,1027.6231343283582,1.625946818004989,1123.0348837209303,2.522432877644928,871.7920489296636,1.6591124476714247,1071.863813229572,1.8600425265063896,1070.395256916996,1.4967178776100245,268.0686274509804,0.7168942317050582,1085.3573883161512,1.0829585174437772,1190.4517374517375,1.9472091427173126,957.6744186046511,1.6920927131103867,1025.9756097560976,2.3372169590530603,996.156862745098,1.5206335818211132,1364.7628865979382,3.587438274278784,834.1677419354838,1.2066385523457137,402.58787878787876,1.3997326686174634,1023.3104693140795,1.931909391808027,1547.906015037594,1.8008527525691076,1158.0796812749004,1.7798572764708922,871.6360424028269,1.4817420577070701,1105.9610389610389,1.6641020854862705,701.5960591133005,1.753192024047709,1144.0595744680852,1.424265923182076,1289.5,1.9152600135983497,652.872131147541,1.346731092189388,1208.6600790513835,2.1096673025842123,1530.3423913043478,2.4604281801055143,1433.1686274509805,2.3168214392030726,1318.135,2.771795411070717,518.9565217391304,1.6811243503742048,1130.304347826087,1.777201352973618,1261.7488789237668,1.9866256236068354,1312.5,1.4270981507823615,867.8358778625955,1.070994167919825,1327.5829383886255,1.8680572833317461,1254.6929460580914,1.8897404899679384,993.354609929078,1.784170759875882,875.1588785046729,1.6711736767789138,1557.3657407407406,5.417728208425308,1065.7056277056276,1.896542311299054,1025.1595330739299,2.844198669312477,1245.8854625550662,1.751305044876423,613.5607843137254,1.4301475099445344,1407.34554973822,2.0201600172578646,1339.4587155963302,1.576143486680459,965.6525821596244,4.1995156515826,737.1967741935484,1.331251982825543,1710.041095890411,3.477575001076055,781.509225092251,1.2016449782630845,1041.8042328042327,2.717105014762628,956.9507246376811,1.7836348429047444,792.9069767441861,1.2380442357533499,1519.0923076923077,2.710147505113268,1039.8053097345132,1.8654414562055541,1118.8055555555557,2.6420274980897824,107.91566265060241,0.08526724771605594,849.1933085501859,1.3149826857419085,299.014598540146,1.3633767470035916,1274.1541666666667,2.305877774294332,821.3243243243244,1.5696465626146832,1350.320512820513,2.1449561263815013,1487.0197044334975,3.6368007127277195,1269.4366197183099,2.4623392654549736,1059.6949152542372,1.3550771722650694,1332.994011976048,1.9010683688283385,750.5856164383562,0.3779226576301874,1016.1028806584362,1.8749056884972564,277.2610294117647,0.4778735395673867,1341.1014492753623,2.315106346645522,845.7131367292225,1.705954711322855,81.1602787456446,0.46341310179746076,583.9753694581281,1.5570028709042163
52,560.5,1.5412719390910223,751.3107142857143,1.8816213032341136,936.6521739130435,1.857130800365079,747.6111111111111,1.5063635347728372,914.0,1.6268353537520104,390.47330960854094,1.037544614173287,601.42700729927,1.3359269019069742,984.4272300469484,2.0760643135874184,1123.4942528735633,1.9820031545580927,708.513698630137,1.5573590545165972,1275.8689956331878,2.4813536783858043,763.5303514376997,1.7896810342311846,1054.4170212765957,1.6234749916093436,874.1385542168674,1.556453765390175,1182.8565217391304,2.017300370318203,1198.0926829268292,2.0978381514555267,888.0614886731391,1.68294161413924,916.5725806451613,2.252378008996944,886.6840277777778,1.5992750753984688,1031.2065573770492,1.6467160299343704,1237.3219512195121,2.6686471835487886,987.933962264151,2.011716593042518,856.1882845188285,1.6794141216276381,738.0451127819549,1.6760338757100033,1136.1243781094527,2.6205997206398326,970.1492063492063,1.8003485808434483,1285.515503875969,2.328332416777389,1030.7047619047619,2.056350617276977,1167.9371980676328,1.8294840375356078,939.582995951417,1.3836237753317224,961.1305970149253,1.4560344630311908,1051.1937984496124,2.297101140943269,806.4648318042813,1.4598534426792227,1121.7120622568093,1.9930520658994728,1045.2727272727273,1.4381190857260864,258.02941176470586,0.6525962507495675,972.213058419244,0.8658181098727163,1111.5791505791506,1.7519437641827398,865.8837209302326,1.4340623600592286,915.6655052264808,1.9784084765798107,965.3921568627451,1.4427878592426289,1266.9329896907216,3.258598284674694,732.5903225806452,0.9379340240740961,334.6,0.9944727430367403,971.5956678700361,1.7837401737691356,1488.375939849624,1.6931362805539625,1088.386454183267,1.612565485082121,821.6925795053004,1.3395418888858703,1010.4545454545455,1.4340405918488863,630.6650246305419,1.4748455939919392,1094.0765957446808,1.318351830277761,1205.3283582089553,1.724967480374343,591.0688524590164,1.124580890368581,1103.3675889328063,1.8387684622862932,1422.8695652173913,2.217409364120222,1390.270588235294,2.2175413311648233,1198.67,2.429950654059058,493.7865612648221,1.5510868788352172,1060.0380434782608,1.6045543346032483,1234.2286995515694,1.9214839189045743,1229.491452991453,1.2735972814920185,806.0572519083969,0.923566322036847,1187.829383886256,1.5661392725831866,1094.2821576763486,1.5202910946631059,913.6560283687943,1.560791859565984,780.1728971962617,1.3812559725015332,1399.5092592592594,4.767219488742922,953.7229437229437,1.592178166214262,978.8482490272373,2.670538111357534,1152.259911894273,1.544550525617404,570.5843137254902,1.259929390311904,1284.6230366492146,1.756797812206119,1248.0779816513761,1.4003934767553168,888.0704225352113,3.78177778114833,651.8967741935484,1.0615061007270272,1637.1598173515981,3.2867425166310373,721.4243542435424,1.0323756338634327,863.1005291005291,2.0794992033466992,872.7275362318841,1.5386414531817019,801.8139534883721,1.2631848998476023,1376.5128205128206,2.3619192072273374,925.4159292035398,1.5502131436988476,1051.5601851851852,2.423124859653644,89.48995983935743,-0.10003311819966237,839.3382899628252,1.2881169566226403,274.2883211678832,1.1679431151111308,1194.275,2.098625960800424,709.0108108108108,1.218255491648163,1279.3931623931624,1.979763193935726,1247.6453201970444,2.8903873920924092,1114.962441314554,2.0410169205041067,1010.0550847457627,1.2447570886421635,1144.1497005988024,1.4900760812054137,685.1541095890411,0.2578037080580161,974.835390946502,1.7581457194221144,254.44117647058823,0.35623777665424256,1203.4396135265702,1.9748161876659154,804.5174262734585,1.5741443823202939,67.09407665505226,0.2097833120771005,513.6108374384237,1.248903728724357
53,480.5238095238095,1.1786648942158369,637.025,1.443283152747147,826.7588932806324,1.5219162078057986,666.9703703703703,1.236015744316277,802.0117994100295,1.3049813444382183,346.8505338078292,0.8099148384604816,555.5109489051094,1.1575901216647786,844.9530516431925,1.6402458703752603,1025.103448275862,1.720852117123393,610.832191780822,1.204780570172674,1107.8908296943232,2.0230061459343656,674.9329073482428,1.465976011906499,944.2978723404256,1.3494896257608497,801.7319277108434,1.344697640371346,1041.7782608695652,1.6574295990603964,1035.0146341463415,1.676176782200696,791.5339805825242,1.3913202887370837,823.616935483871,1.92253299451713,774.6041666666666,1.270717911500569,943.5049180327869,1.4216191926000543,1083.1365853658538,2.2114891192099533,881.311320754717,1.6866774802135103,796.8326359832636,1.4936624992798297,647.421052631579,1.3474454863056362,980.0,2.123062751396404,840.4603174603175,1.4259998790413477,1144.3023255813953,1.9627169126649293,924.7095238095238,1.742042754002804,1079.4927536231885,1.6152155441797105,841.7125506072874,1.1353366932646967,850.2537313432836,1.1727041808737044,913.6589147286821,1.8657188185736082,745.2660550458716,1.2731868755083613,1050.9922178988327,1.804351076244544,910.7233201581028,1.1242799613520866,219.66666666666666,0.40689507938351804,890.4742268041238,0.7089494163424124,984.6254826254826,1.437643739138913,795.6472868217054,1.2366226156271687,826.2369337979094,1.6875218878954412,888.8529411764706,1.249116235224073,1261.5979381443299,3.2406653383002686,609.4032258064516,0.6120650372648438,424.55757575757576,1.5306889201979699,858.173285198556,1.4587712039718663,1429.484962406015,1.5865762215632935,1012.1115537848606,1.42947502912042,752.8551236749116,1.1435463116391047,1020.1645021645022,1.4574304898739363,536.9802955665025,1.1072094799006391,983.9531914893618,1.0849999819659304,1041.7649253731342,1.3551885463432085,519.0032786885246,0.8655431484045846,1005.0592885375494,1.585838699311338,1264.983695652174,1.8603959824166205,1233.5176470588235,1.854763702633432,1073.975,2.0731404420675217,506.498023715415,1.6167590692355602,941.8260869565217,1.3141030006583263,1130.9058295964126,1.6769132788451329,1051.0641025641025,0.9436462778568043,717.0038167938932,0.711050166090867,1062.5876777251185,1.2955720807749447,996.792531120332,1.2957582939520933,776.436170212766,1.17619253024933,663.2990654205607,1.024531827193245,1208.3472222222222,3.9794623387178327,847.2597402597403,1.302815733089541,858.15953307393,2.217973036068635,1115.4669603524228,1.4633001729683037,484.96078431372547,0.9207978615174095,1175.130890052356,1.5218279404378963,1064.1238532110092,1.0465996462238143,786.924882629108,3.237163882168849,560.016129032258,0.7709501138945191,1380.3698630136987,2.6143631902896742,603.9557195571956,0.7014464248958896,662.7037037037037,1.364493426666365,768.3710144927536,1.235083033172798,710.922480620155,1.006636347623835,1128.2820512820513,1.7556540286793927,822.3318584070796,1.266139416464253,978.2777777777778,2.184569963694564,94.14859437751004,-0.053182982091939356,742.3494423791822,1.0237160238720904,216.32116788321167,0.7097774508531292,819.9291666666667,1.1273607852888077,655.7351351351351,1.0515738863230104,1147.4188034188035,1.6723890817594038,957.1625615763547,1.9846087677797923,1182.7136150234742,2.2258056254849885,837.1271186440678,0.8604401502952226,1000.6646706586827,1.1778016988602154,597.3390410958904,0.0965930880993843,849.9094650205761,1.404687165252382,254.3566176470588,0.3557870560892349,1223.4057971014493,2.02417115773409,637.4986595174263,1.0397489719206083,68.38327526132404,0.23302904460039342,433.23645320197045,0.8969753050470541
54,418.6462585034014,0.8981159485105089,586.0464285714286,1.2477569414955547,695.794466403162,1.122426932912471,605.4407407407407,1.029737884450625,706.6666666666666,1.0309595003480168,292.9501779359431,0.5286552053273317,480.41970802919707,0.8659376891488283,736.4976525821596,1.3013525804653343,881.6091954022988,1.3399865153319457,559.2157534246576,1.0184725760615492,966.0524017467249,1.6359838618582694,606.6325878594249,1.216429801266525,796.3106382978723,0.9812853955995903,681.6867469879518,0.9936206254112634,915.1173913043478,1.3343355621927184,953.0487804878048,1.4642424701074617,678.1715210355987,1.0488385303466279,733.9395161290323,1.6043204789212826,673.0451388888889,0.9730021059660212,823.0459016393443,1.1124465953566887,888.8390243902439,1.6353987983835738,745.2264150943396,1.2718226578317688,694.63179916318,1.1738282170672565,563.8345864661654,1.0443742903371347,863.9402985074627,1.753203842549946,744.3079365079365,1.1484547532168585,1043.7635658914728,1.7024116794649984,824.5238095238095,1.444961881752239,917.3429951690821,1.2223860718457191,778.8056680161943,0.9757485125268196,743.5597014925373,0.9000625491048616,819.9147286821706,1.5716873438573244,659.9388379204893,1.0129245050705549,876.7120622568093,1.339321237089426,832.7272727272727,0.9423526548313578,192.0441176470588,0.22998144526037856,785.5085910652921,0.5075051111257665,865.7528957528957,1.1433500993150225,719.3914728682171,1.022261954959637,771.8989547038327,1.5107753613415285,777.3774509803922,0.9670433261805235,1107.1907216494844,2.721649484536082,529.2290322580645,0.39997883745974416,348.72727272727275,1.078682128535819,822.4837545126354,1.3565163425734386,1292.1954887218046,1.3381582966172199,890.7450199203187,1.138146506792852,661.565371024735,0.8836240418290235,833.4805194805194,1.0077354553521984,457.9655172413793,0.7971409516629455,892.8893617021276,0.8920354333406674,931.5970149253732,1.1061244873202989,463.8196721311475,0.6671871777496244,907.8774703557312,1.3358071746142803,1084.8152173913043,1.4529969043519717,1077.4117647058824,1.4934835800739132,896.215,1.5644866605717491,483.7509881422925,1.4992393379687774,834.7336956521739,1.050972867083562,1028.7040358744396,1.4349962848954463,937.6153846153846,0.7338549075391183,601.1793893129772,0.4346480030385477,948.8815165876778,1.0499258208088755,933.6473029045643,1.1503256418465306,673.7198581560284,0.888299616951154,589.5467289719626,0.7994237873147632,937.949074074074,2.8651821298499125,793.4848484848485,1.1566578774283656,747.7003891050583,1.8037673631376205,946.7444933920705,1.0907081583058837,424.1490196078431,0.6799389892532243,1017.7015706806283,1.1839850162185728,889.8211009174312,0.711368037512627,668.4976525821596,2.5994974505982307,480.49032258064517,0.5194640785969092,1198.8401826484019,2.139045514761092,551.3025830258302,0.5531135454978284,627.1322751322751,1.237576361673048,720.7623188405797,1.0965960446261147,615.0968992248062,0.7361608739936346,1108.9948717948719,1.7085480822581798,715.2699115044247,0.9711036649010366,877.0648148148148,1.8550932351926113,85.63855421686748,-0.1387652565852712,677.8401486988847,0.8478574809046584,177.4014598540146,0.40216058731051607,770.8083333333333,0.9999135144484922,584.0864864864865,0.8274094505899646,1003.8675213675214,1.3380518043125136,937.6009852216749,1.9236121778132782,1068.150234741784,1.9133384382530927,697.3644067796611,0.549830023259975,1074.88622754491,1.339334165647993,553.4246575342465,0.01597520416952182,790.0987654320987,1.2354620565030687,215.56617647058823,0.149023896028564,832.1787439613527,1.0570860147384236,590.4959785522789,0.8893585848274869,66.49477351916376,0.1989771877689751,384.73399014778323,0.6846017294447789
55,401.55102040816325,0.8206072083436784,568.1035714285714,1.178937851869101,636.505928853755,0.9415752662437952,558.7481481481482,0.8732011373654346,670.4867256637168,0.9269783754867361,260.4626334519573,0.35913063178497545,462.8868613138686,0.7978405671169145,671.6009389671361,1.0985682011560012,807.0229885057471,1.1420181646410852,504.0308219178082,0.8192842124000136,916.8908296943231,1.501840920627128,557.2651757188498,1.0360580149998542,704.4085106382979,0.752625454868857,632.2861445783133,0.84914655384282,798.9565217391304,1.0380255462997567,876.6,1.2665733313152718,633.3398058252427,0.9133964737939717,700.991935483871,1.4874088572965674,617.7847222222222,0.8110086345624745,777.1213114754098,0.9945755945513588,812.1853658536585,1.4081214691308381,730.1383647798742,1.2258267378366772,622.5439330543933,0.9482315230428385,554.6917293233083,1.0112237484375488,772.0497512437811,1.4603671636064413,694.0285714285715,1.003322697524563,1041.4108527131782,1.6963202620413367,716.1333333333333,1.1235514148019388,852.9468599033817,1.0663778231875305,711.1821862348178,0.8041948130246468,682.3246268656717,0.74358490278191,734.4806201550388,1.3037206786089854,600.2782874617737,0.8309497869546076,861.0661478599221,1.2975734142887398,763.4347826086956,0.7807265660149132,182.41666666666666,0.16832068618001553,681.5601374570447,0.30801292620193876,794.6409266409266,0.967297732864574,670.4457364341085,0.8846719161820833,724.8745644599303,1.357817931243958,687.2058823529412,0.7388769675394747,996.7216494845361,2.350324872216928,459.4129032258065,0.21529300731643625,285.6787878787879,0.7028647808966441,737.8158844765343,1.1139325610260655,1151.9285714285713,1.0843528474629998,842.5577689243028,1.0224777125981919,604.5583038869258,0.7213122176042883,830.0822510822511,0.9995495124410688,370.83251231527095,0.455215008553948,838.0851063829788,0.7759050398011926,815.7686567164179,0.844263470548439,419.7934426229508,0.5089360949883623,868.8458498023715,1.2353857605994167,955.054347826087,1.1595801028113988,994.8941176470588,1.3025107275882346,786.935,1.2517859110113414,480.85375494071144,1.4842711428308877,779.0760869565217,0.914219977058738,938.9865470852018,1.2226302940239884,870.3589743589744,0.6094831673779044,516.0229007633587,0.23143147829524374,850.7582938388625,0.8379443200445584,904.2282157676349,1.0825692018788322,589.5673758865248,0.6524373396094771,531.4719626168225,0.6221670731533382,735.3564814814815,2.0303209522301446,719.8138528138528,0.9564232624193585,687.6108949416342,1.5784405276059292,924.9471365638766,1.0425727721818718,394.01960784313724,0.5606045779805258,944.565445026178,1.0270350741380339,844.0137614678899,0.6232680626563212,630.7136150234742,2.39605089197463,414.9483870967742,0.3121995158590338,1122.675799086758,1.9396165416050921,522.2767527675277,0.47134282369916364,613.8677248677249,1.19024911461991,674.368115942029,0.9616418444021748,517.3565891472869,0.4602809233997441,1039.0461538461539,1.5377091805869894,677.0176991150443,0.8656902051447132,791.4583333333334,1.5764200037074043,73.94377510040161,-0.25637525343500345,580.8438661710037,0.5834362797805746,162.2189781021898,0.28216001038466554,748.9,0.9430708857201543,535.3405405405406,0.6748998405227746,903.2393162393163,1.103684269197694,924.3004926108374,1.8821387975791835,1019.8028169014085,1.7814727266674006,595.0677966101695,0.3224849563522331,925.9700598802395,1.0152396988028742,507.06164383561645,-0.06913786708076884,755.8189300411523,1.1384725728177947,212.44117647058823,0.13236683166958663,831.4541062801933,1.0552947624978657,581.9758713136729,0.8620975393003396,58.46689895470383,0.05422538308338937,363.2167487684729,0.5903860298479133
56,374.6938775510204,0.6988386026219728,512.35,0.9650973247674752,603.6758893280632,0.84143167002046,515.8111111111111,0.7292548766405503,639.7935103244838,0.8387660963035624,251.94661921708186,0.3146928725028134,434.3430656934307,0.6869772050412282,604.169014084507,0.8878619839802832,768.4137931034483,1.0395407890869783,476.472602739726,0.7198136425610924,837.1572052401747,1.2842786569977622,560.5782747603834,1.0481629556132723,654.2127659574468,0.6277343745864226,612.5753012048193,0.7915013904781536,777.0173913043478,0.9820619148966846,831.5804878048781,1.150169012663337,615.9611650485436,0.8608934893366148,613.008064516129,1.1752057507182674,584.8819444444445,0.7145555943475828,747.2327868852459,0.9178630905646817,754.2731707317073,1.2364123910546971,694.940251572327,1.1185252929627585,593.4853556485356,0.8572936253122924,495.4398496240602,0.7963858821220162,694.8457711442786,1.214333618189803,691.0730158730158,0.9947914471236582,1003.1317829457364,1.5972117966771164,702.152380952381,1.082093672469715,804.8695652173913,0.9499041479702541,700.8785425101214,0.7780555467112282,688.8917910447761,0.7603663699398159,667.9806201550388,1.0951414173955858,574.3792048929664,0.7519532270220658,856.0505836575876,1.284190439011425,748.6363636363636,0.7462089642506803,189.89705882352942,0.21623021691149935,604.8419243986255,0.16077952911692928,751.7490347490348,0.8611099959279884,671.8255813953489,0.8885507611143616,691.1289198606272,1.2480526148172413,666.7598039215686,0.687141067463812,1015.4896907216495,2.413410725114788,418.02258064516127,0.10580246133996411,324.8787878787879,0.9365268595787726,714.5415162454874,1.047248655357882,1089.8308270676691,0.9719903160612843,793.6533864541833,0.9050875142733095,581.2720848056537,0.6550111625220958,763.8441558441558,0.8399914073669311,312.2758620689655,0.22542793903016606,815.3319148936171,0.7276909537498244,734.3134328358209,0.6601121273318388,386.9901639344262,0.39102560325270336,841.2727272727273,1.1644450229621828,855.7173913043479,0.9349582105950057,910.0509803921568,1.106155929397585,718.245,1.0552319717058474,426.4861660079051,1.2033877538518087,720.4891304347826,0.7702695665062916,895.1210762331839,1.1187984290415027,836.982905982906,0.5477635530267111,458.89694656488547,0.09510671804993752,788.1421800947867,0.7026709628141606,847.6348547717843,0.9522264536814496,521.1666666666666,0.46072407562382095,508.7943925233645,0.5529502374737922,571.6157407407408,1.3555638651630522,698.2900432900433,0.8979224687993806,660.6459143968872,1.4773257849889105,875.5374449339207,0.9334607085668929,381.58039215686273,0.5113362254415437,864.3874345549738,0.8549732649160869,806.3623853211009,0.5508542239200342,617.206572769953,2.3233227919298853,374.7064516129032,0.18494164499797494,1050.972602739726,1.7518687499103283,487.12546125461256,0.37231563124377576,514.3280423280423,0.8350965422981375,675.6927536231884,0.9654950288019212,471.08527131782944,0.32967637685614765,881.851282051282,1.1537850711348636,676.429203539823,0.8640684596100004,818.3333333333334,1.6639057053336888,74.10843373493977,-0.2547193434518856,496.5613382899628,0.3536739973995676,165.8029197080292,0.3104870696493735,695.8666666666667,0.8054723732716402,515.4918918918919,0.6128001190582899,860.9529914529915,1.0051975507214064,853.8472906403941,1.6624527664280673,1017.2206572769953,1.7744299861962283,514.4957627118644,0.1434208172067311,919.8023952095808,1.0018166700984439,472.64383561643837,-0.13232196857769765,744.7572016460905,1.1071751259815379,194.24632352941177,0.03538352400772897,834.3574879227053,1.0624717131417014,546.0911528150134,0.7472803289854052,47.08362369337979,-0.15102815246687476,341.9408866995074,0.49722723713755135
57,362.50680272108843,0.6435831676801198,506.84285714285716,0.9439749051408844,599.9249011857708,0.8299897879092218,521.0,0.7466506077951749,619.6253687315634,0.7808028716254883,250.20284697508896,0.30559362384077426,428.94160583941607,0.6659980750230698,612.0516431924883,0.9124930317166916,736.9961685823755,0.9561514391273002,448.3595890410959,0.618340558454257,796.5764192139738,1.1735493664611667,558.4472843450479,1.0403770391338607,632.2851063829787,0.5731765806990554,607.4216867469879,0.7764294353258087,728.9782608695652,0.8595208599278884,827.4536585365854,1.139498511679532,617.1844660194175,0.8645892301419933,581.7701612903226,1.0643607705779334,585.8645833333334,0.7174361568613876,709.3967213114754,0.8207522638856279,682.7658536585366,1.0243939126586268,644.1666666666666,0.9637420240505552,604.9037656903765,0.8930271779266422,484.67293233082705,0.7573467571218456,633.7512437810946,1.0196376562284475,689.0,0.9888076592484802,955.8100775193799,1.4746910136038311,683.952380952381,1.0281251809187069,798.0434782608696,0.9333670395415956,650.7044534412955,0.650769131221171,663.4813432835821,0.6954335339481456,665.7170542635658,1.0880416745181232,534.0030581039755,0.6287991851293568,810.5758754863813,1.162850771000577,732.9169960474309,0.7095432318210985,190.35294117647058,0.2191499982732476,583.7628865979382,0.1203257930488689,692.2972972972973,0.7139249411661246,668.7170542635658,0.8798124643849031,729.5191637630662,1.3729255375213782,680.1911764705883,0.7211272497240172,1023.3453608247422,2.4398163389066965,393.02258064516127,0.03966952304071556,317.09090909090907,0.8901051262598895,659.2996389891697,0.8889739346297065,1068.451127819549,0.9333048991777904,768.2509960159363,0.8441115546383235,587.148409893993,0.671742369593672,717.6450216450216,0.7287042955865773,289.8374384236453,0.1373754361546864,779.2978723404256,0.6513347015181082,678.4850746268656,0.5338971755587388,378.8327868852459,0.36170413364367604,787.2569169960474,1.0254719552227272,807.1032608695652,0.825031368168283,841.4549019607844,0.9474021447915835,619.945,0.7739500932121791,423.59683794466406,1.1884603996283478,697.2282608695652,0.7131167133370458,906.9596412556053,1.1468209319605132,771.9487179487179,0.4275011853959223,448.30534351145036,0.0698310308928102,752.5118483412323,0.6256966137634395,817.4564315352698,0.8827211521461786,467.85460992907804,0.31130123303165186,496.6448598130841,0.5158672428793518,489.09722222222223,1.015514376362898,699.3939393939394,0.9009228111913948,667.1400778210117,1.501677950274308,866.7797356828194,0.914120945508175,364.5686274509804,0.443957248986908,791.6387434554974,0.6988547564180494,748.6651376146789,0.439886721041743,588.4694835680751,2.168589145640738,346.69354838709677,0.09635588543425272,983.7214611872146,1.5757782273298993,469.2878228782288,0.3220639570542581,459.8201058201058,0.6406149710410864,664.4811594202898,0.9328820807533017,452.29457364341084,0.2766381090019548,795.774358974359,0.9435555282792238,694.9823008849557,0.915196121467521,797.1388888888889,1.5949118135085156,65.34538152610442,-0.3428460649924474,456.04089219330854,0.24321136163946813,164.62773722627736,0.30119856345463203,725.5375,0.8824553248072994,507.12432432432433,0.586620824715419,854.2222222222222,0.9895212918431694,765.6059113300493,1.3872999293416486,855.1549295774648,1.3324019842601151,499.47457627118644,0.11003757380568968,895.185628742515,0.9482418438810535,482.60616438356163,-0.11403315750759163,731.4362139917696,1.0694854550704658,196.8014705882353,0.04900312368948109,789.9951690821256,0.95281125097474,535.7613941018767,0.7142290991502582,44.69686411149826,-0.19406417078702506,304.7389162561576,0.3343341594462671
58,355.51360544217687,0.6118764486624112,498.12142857142857,0.9105242250318478,562.399209486166,0.7155227396857278,518.4518518518519,0.7381079503830538,634.6902654867257,0.8240993742481189,224.87544483985766,0.17343167949846436,424.3284671532847,0.6480807639805347,603.6197183098592,0.8861455857759,708.9616858237548,0.8817416984376703,413.77054794520546,0.4934924466892383,771.5240174672489,1.105191038708186,556.2332268370607,1.0322876236612486,668.2808510638298,0.6627369103115607,606.8373493975904,0.774720516974228,694.3521739130434,0.771194589516856,813.5658536585366,1.10358962716311,591.3624595469256,0.7865778124538649,533.8508064516129,0.894323111614757,566.4826388888889,0.6606188425431598,698.1508196721311,0.7918883006699299,666.990243902439,0.9776193878525081,641.0754716981132,0.9543185164734034,566.5230125523012,0.7729158264677076,430.03007518796994,0.5592204715501012,601.4776119402985,0.9167880873975586,663.8190476190476,0.9161225054568848,885.7403100775193,1.293273148389738,681.1238095238095,1.019737613158032,791.0628019323672,0.9164554176878009,631.080971659919,0.6009864106627664,629.6305970149253,0.6089326986887573,616.0387596899225,0.9322242011269627,525.0122324159022,0.6013756538739936,748.0856031128404,0.996108658546208,732.8181818181819,0.709312745698207,181.64705882352942,0.1633915929134082,538.2027491408935,0.03288926993339043,653.6988416988416,0.6183664925069251,679.1550387596899,0.9091544009091312,704.9965156794425,1.2931600964257424,669.4509803921569,0.6939507076320065,931.7422680412371,2.1319067833318894,383.4290322580645,0.014291541298526576,297.90909090909093,0.7757667714316682,603.1263537906137,0.7280306164666945,1026.5225563909773,0.8574374023426204,770.9003984063745,0.8504711865638671,589.2544169611307,0.6777386410396484,722.2034632034632,0.7396849298355197,300.42857142857144,0.17893699075013786,751.4212765957446,0.5922641053478231,611.4402985074627,0.38232450790340805,386.6360655737705,0.3897528063404145,792.4782608695652,1.0389055438722092,825.5271739130435,0.8666917366229046,791.8509803921569,0.832602429408476,566.545,0.6211479333794028,393.798418972332,1.0345105726917225,653.679347826087,0.6061153552891095,905.6816143497758,1.143795775395393,733.982905982906,0.35729413624150486,459.55725190839695,0.09668246359162518,733.431279620853,0.5844757133539947,814.5477178423237,0.8760219611141112,436.3191489361702,0.22291375536954186,500.1214953271028,0.5264786844094533,448.0740740740741,0.8464626191670852,721.2164502164502,0.9602354621645058,652.0038910505837,1.4449194583868328,842.9691629955947,0.8615397486609067,381.10980392156864,0.5094723533404474,752.1832460732984,0.614183358070355,727.2614678899082,0.39872164166265983,558.3333333333334,2.0063223141540463,335.06451612903226,0.05958116603913311,933.2237442922375,1.4435549051397198,494.23247232472323,0.3923372953912749,427.968253968254,0.5269691683845686,673.7130434782608,0.959736330891578,456.7480620155039,0.28920844104908094,783.3128205128205,0.9131201521017317,688.566371681416,0.8975154370665183,842.0833333333334,1.741218650956917,64.59437751004016,-0.3503986300373993,448.3345724907063,0.2222031924715153,197.14963503649636,0.5582478761917127,716.0583333333333,0.8578609960973392,484.2162162162162,0.5149490873607114,790.5854700854701,0.841308484887091,734.9310344827586,1.2916500261128692,773.9577464788732,1.1109398088984384,497.978813559322,0.10671337495644632,779.2155688622754,0.6958498080376572,489.20205479452056,-0.10192444313116523,727.0041152263375,1.0569455182242424,215.46323529411765,0.14847519273203302,797.6618357487922,0.9717626996798435,548.911528150134,0.7563044384550585,38.87456445993031,-0.29904692496654495,303.53694581280786,0.3290711945420466
59,327.9625850340136,0.4869618455284426,487.77142857142854,0.8708272262783718,504.79446640316206,0.539807260350442,494.3,0.6571389547661324,568.8938053097345,0.6350003942211421,209.91459074733095,0.09536383995721491,382.02919708029196,0.483791495797795,572.8028169014085,0.7898512454889535,659.8965517241379,0.7515119404396653,354.8732876712329,0.28090454311153656,724.4323144104803,0.9766959704690117,506.59105431309905,0.8509119561093765,649.3659574468085,0.6156751222600668,556.1807228915662,0.6265731518356336,642.3434782608696,0.638527732829668,752.619512195122,0.9460042379294687,560.3203883495146,0.692795945244374,474.1008064516129,0.6823054382289987,533.2013888888889,0.5630563277204773,673.0262295081967,0.7274030090892031,591.5024390243902,0.7537988030118511,599.569182389937,0.8277865973372599,541.7824267782427,0.6954909468016574,408.7781954887218,0.4821645450047229,540.7810945273632,0.7233605030385569,650.6444444444444,0.8780938382562893,811.6240310077519,1.1013784466183099,608.3714285714286,0.8040048517984555,791.5169082125603,0.9175555508741375,577.8906882591093,0.46604822566249426,617.6268656716418,0.5782588465029713,516.8837209302326,0.621221423230991,486.7033639143731,0.48452715862367446,713.8093385214008,0.9046496754446804,706.4861660079051,0.6478928036700765,179.8186274509804,0.1516810719679013,517.2096219931271,-0.0073995911099387895,560.7528957528957,0.38825960698397755,636.9147286821706,0.7904138052013566,662.3344947735192,1.1543922560200923,617.5784313725491,0.5626945832971557,855.7319587628866,1.8764099454214676,347.6645161290323,-0.08031696024002419,294.22424242424245,0.7538022470286481,520.1119133574007,0.490184112536202,982.0676691729324,0.7769986728459937,741.7689243027888,0.7805439254517252,555.0494699646644,0.5803495343331814,634.2424242424242,0.5277993578466693,294.8226600985222,0.15693836324798732,713.0978723404255,0.511056688295528,531.7388059701492,0.2021379439498313,352.8524590163934,0.2683185527827702,755.3517786561265,0.9433857117869827,724.1467391304348,0.6374491073743764,715.1725490196078,0.6551434338447238,526.325,0.5060598646813833,290.0790513833992,0.498657354938177,585.5,0.4385960695395324,829.9910313901345,0.9646322046491875,646.474358974359,0.19547178757705092,456.2251908396947,0.08873086903732894,639.2227488151659,0.3809513570850086,764.9502074688796,0.7617916752278062,384.6950354609929,0.07822187413654998,448.2803738317757,0.3682483990130218,441.77777777777777,0.8205162937200358,676.8528138528138,0.8396569961513255,615.6964980544747,1.3087720322166447,751.4625550660793,0.6594645181499983,355.52156862745096,0.40812430784332926,713.3979057591623,0.5309501151086089,657.894495412844,0.2653100835035311,545.2957746478874,1.9361221286051222,337.26451612903224,0.06653826968059537,843.283105022831,1.2080541566832617,457.83025830258305,0.28978604055478524,399.66137566137564,0.42597165273467313,632.4521739130435,0.839714274151119,458.13953488372096,0.2931359860490099,716.8974358974359,0.750910869437246,659.3761061946902,0.8170744198296799,787.9212962962963,1.5649059509869079,64.1004016064257,-0.35536635998675264,413.51301115241637,0.12727626502519868,179.58759124087592,0.4194395165361374,658.9375,0.7096571928952119,426.2810810810811,0.33368960624514876,713.7606837606837,0.6623801637099084,653.7290640394089,1.0384473595281252,702.7605633802817,0.9167522466342103,479.1271186440678,0.06481716906329162,727.7425149700599,0.5838261626558309,491.98972602739724,-0.09680684525867773,663.9135802469136,0.8784406233408161,207.97058823529412,0.10853743136309664,727.328502415459,0.7979037572112833,527.7265415549598,0.6885206808227379,46.68292682926829,-0.1582531774403307,290.97536945812806,0.2740688973872831
60,304.53401360544217,0.3807381681967419,440.3107142857143,0.6887936112214567,467.0197628458498,0.42458063512693955,465.1222222222222,0.5593205607360592,530.4542772861357,0.5245252178601678,190.76156583629893,-0.004579336163385373,362.41970802919707,0.4076287487791704,519.3098591549295,0.6227004665082296,644.5785440613026,0.7108545476178612,344.3390410958904,0.2428814944195368,720.0131004366813,0.9646376424777243,454.8083067092652,0.6617153529634928,564.6595744680851,0.40491877738874305,528.1506024096385,0.5445979241046455,608.508695652174,0.5522199683471654,703.609756097561,0.819282579082791,504.4660194174757,0.5240531130750034,409.8346774193548,0.4542626741297803,478.46875,0.4026100135681616,627.8065573770492,0.6113412654533704,533.2048780487805,0.580947119042178,584.7987421383648,0.7827589115896681,499.98744769874475,0.5646948833847493,370.03007518796994,0.3416700403340679,466.16915422885575,0.48558726675724995,578.8412698412699,0.6708330202459127,689.3798449612403,0.7848756226893758,514.1619047619048,0.5246451875270937,793.5652173913044,0.9225178537571889,528.3765182186235,0.34043595571628255,567.8955223880597,0.4511773724799197,421.5,0.32204749776613406,442.56880733944956,0.34990933444768635,699.1673151750973,0.8655805241890271,659.4505928853755,0.5381814091737164,167.94117647058823,0.07560977906987701,483.2852233676976,-0.07250544087581623,499.64478764478764,0.23697386456833805,597.1550387596899,0.6786464138662167,604.0766550522648,0.9648954991120173,609.5196078431372,0.5423028739410325,766.0412371134021,1.5749285281122758,321.46451612903223,-0.1496242795776368,248.0787878787879,0.4787399299158269,440.59927797833933,0.26237070748862235,960.9097744360902,0.7387145993062881,708.1713147410359,0.6998961419508101,534.6148409893993,0.5221675917625718,583.3073593073593,0.4051040657544987,251.38423645320196,-0.013522003460241025,695.2340425531914,0.47320317543903945,465.7761194029851,0.053011629456791755,323.6885245901639,0.16348958486785903,721.0316205533596,0.8550860522537108,714.9728260869565,0.6167049475067065,671.2274509803922,0.5534400888701725,477.78,0.36715011095325367,238.6798418972332,0.23310972932683957,516.1413043478261,0.2681790807203932,784.7982062780269,0.857658422672752,565.9188034188035,0.0465070333491388,435.7328244274809,0.03982810711062019,653.3317535545024,0.4114318887588576,698.2904564315353,0.6082645654843538,366.5921985815603,0.027483307458817875,428.67289719626166,0.3084021508136864,401.43518518518516,0.6542690290541614,655.6969696969697,0.7821563166620192,559.4669260700389,1.0979193416598572,723.0704845814978,0.5967659402257347,324.721568627451,0.28613387882656854,612.1832460732984,0.31374370947463504,596.4633027522935,0.1471611887232738,479.7699530516432,1.5833011024235115,340.4935483870968,0.0767495024446772,763.2785388127854,0.9985700416553083,412.0811808118081,0.16090307477041618,286.48148148148147,0.022151492497866913,577.936231884058,0.6811350789860645,412.93023255813955,0.16552906438001116,633.3435897435897,0.5468435508940861,617.141592920354,0.7006867421692858,771.0185185185185,1.5098826440725983,54.57429718875502,-0.4511668107173725,393.6282527881041,0.073068500008614,164.43065693430657,0.29964086365799847,580.9125,0.5072161382039113,395.53513513513514,0.23749592005506476,621.7008547008547,0.44796875497659006,549.039408866995,0.7120057755522103,601.6384976525821,0.6409457248004342,469.53389830508473,0.04349709485737955,662.0838323353294,0.440929551253815,472.4417808219178,-0.13269290011882393,637.2510288065844,0.8030030645416691,207.52941176470588,0.10618584580653515,713.0772946859903,0.7626757964803088,456.15817694369974,0.4595296140048688,56.98954703832753,0.027587030137778218,290.2216748768473,0.2707687595579975
61,299.09183673469386,0.3560636786887974,406.0357142857143,0.5573332602769747,433.3478260869565,0.3218689452369094,439.1185185185185,0.47214323851149154,483.1533923303835,0.38858250794164867,181.9252669039146,-0.05068838601612601,361.8284671532847,0.4053323845474532,495.0422535211268,0.5468708740427778,601.6321839080459,0.5968653739961498,318.26027397260276,0.14875096262838672,648.240174672489,0.7687970507140864,432.6006389776358,0.5805760644351711,526.6510638297873,0.3103505229734581,494.87048192771084,0.44726885778187675,573.9608695652174,0.46409333039060313,658.8146341463415,0.7034584531557441,485.58899676375404,0.46702333498566223,369.02016129032256,0.30943591680688615,483.7361111111111,0.41805105008209054,581.3573770491803,0.49212384070794957,469.7121951219512,0.3926919505584303,542.3207547169811,0.6532647708448371,458.93723849372384,0.43622955370377176,329.2406015037594,0.19377391384948392,411.6268656716418,0.31177197107464866,536.5111111111111,0.5486464543536866,599.7248062015503,0.5527494671264163,463.247619047619,0.3736689678349483,705.1256038647343,0.7082610639458267,500.91902834008096,0.270779176094434,536.429104477612,0.37076935398979416,399.63953488372096,0.25348148778516,444.3730886850153,0.3554126961621981,655.9260700389106,0.7502003812434852,575.9090909090909,0.3433192214363156,146.95098039215685,-0.05882574556460097,434.893470790378,-0.16537624480643684,447.80694980694983,0.10863859081637144,572.4186046511628,0.6091104915128476,598.801393728223,0.9477365224398391,539.4558823529412,0.36501655896106466,733.1443298969073,1.4643506887291,304.60645161290324,-0.1942192131972332,237.6909090909091,0.41682020158231287,419.70758122743683,0.20251344642118346,900.8646616541354,0.630066194442007,708.0278884462151,0.6995518611247655,491.1024734982332,0.398278184739489,542.5887445887446,0.3070187421594828,238.06896551724137,-0.0657735765167551,669.8595744680852,0.41943459583845827,429.95522388059703,-0.027971095915602283,305.6918032786885,0.0988008603164315,716.9604743083004,0.8446117174248188,694.945652173913,0.5714192667529364,621.156862745098,0.4375603540285632,455.4,0.3031105540795172,203.59288537549406,0.05183733063783295,498.5869565217391,0.22504737143612577,739.677130044843,0.7508544740473406,522.5512820512821,-0.033688952110004555,371.39312977099235,-0.1137114454687296,625.0805687203791,0.35039915469509725,675.7634854771784,0.5563816723130369,351.2304964539007,-0.015572416507477116,393.9579439252336,0.20244462510518724,387.77777777777777,0.597988396650635,605.2207792207793,0.6449641900310978,585.1400778210117,1.1941899147893074,665.2290748898679,0.46903400412867013,298.0078431372549,0.18032807255432814,545.9214659685864,0.17154609568901694,562.1422018348624,0.08115237519684868,436.17840375586854,1.3485842414866158,339.03225806451616,0.07212843506992297,677.9908675799087,0.7752526339450111,377.51660516605165,0.06352876113094333,288.27513227513225,0.028551148162411655,519.9855072463768,0.5125645851039431,411.0,0.16008082646924626,562.1589743589743,0.3729861612974737,579.0353982300885,0.595675670402778,718.1296296296297,1.3377144002519827,56.58232931726908,-0.43097278653300913,383.1710037174721,0.04456103263309475,143.27372262773721,0.13241890586012434,532.3208333333333,0.3811418254937784,391.07567567567565,0.22354377675217801,542.1410256410256,0.2626703984457113,475.89162561576353,0.4839175447758902,475.9389671361502,0.29810511866377426,451.6398305084746,0.0037291295872531054,593.754491017964,0.2922206381021138,479.9760273972603,-0.11886155451750616,602.366255144033,0.7043020017325371,182.34558823529412,-0.02805049638051784,692.671497584541,0.7122341333861953,445.78552278820376,0.42634113535649515,49.78397212543554,-0.1023377667761938,279.2807881773399,0.22286283721261313
62,286.39115646258506,0.2984795887996323,396.64642857142854,0.5213210416010299,420.32411067193675,0.2821418624586902,424.3703703703704,0.4227001254081975,473.1533923303835,0.3598425150121956,176.4555160142349,-0.07923031498256279,366.992700729927,0.4253901338553543,483.3755868544601,0.5104157497872839,624.1992337164751,0.6567633339062114,326.34589041095893,0.1779357539033579,625.6550218340611,0.7071708922447792,424.0670926517572,0.5493973794029243,498.7063829787234,0.2408218925720723,485.63253012048193,0.42025209188343055,573.1782608695652,0.4620970058459036,676.170731707317,0.7483350991372786,484.29126213592235,0.46310272106249656,339.64516129032256,0.20520128658585438,474.9861111111111,0.3924008114432632,584.5180327868852,0.500236044946997,427.01951219512193,0.2661085735939437,529.562893081761,0.614372430823977,451.7531380753138,0.4137471389588693,330.40977443609023,0.1980131484427286,404.6119402985075,0.28941681583315754,535.2825396825397,0.5451001665930529,585.8372093023256,0.5167930443439132,440.18095238095236,0.30526934118055704,738.2222222222222,0.7884420475585234,493.3400809716599,0.25155217941910224,533.6194029850747,0.3635895558250764,377.76356589147287,0.18486684942831272,434.55045871559633,0.3254520218791275,632.9961089494163,0.6890166160695375,537.2252964426877,0.2530885140467462,129.10294117647058,-0.17313675565197462,438.6735395189003,-0.15812174371826168,452.980694980695,0.12144726553912091,568.0813953488372,0.5969182794925685,588.5296167247387,0.9143252521428891,533.9705882352941,0.3511368005854553,765.5257731958762,1.5731958762886595,308.6774193548387,-0.1834502108574072,290.3212121212121,0.7305371915754489,404.14440433212997,0.15792304509722813,928.1203007518797,0.6793838087211227,707.2629482071713,0.6977156967191952,481.14840989399295,0.3699367473849313,535.7316017316017,0.2905008649986806,198.98029556650246,-0.2191647094074095,672.8382978723404,0.42574652032620025,420.72014925373134,-0.048849454800672674,293.5868852459016,0.05529006216670108,728.8063241106719,0.8750889809997601,698.9347826086956,0.5804395353209872,594.443137254902,0.37573604687465967,445.91,0.27595526387702585,177.7905138339921,-0.0814674140554007,496.42934782608694,0.21974604370056716,728.1614349775784,0.7235962212079393,530.1410256410256,-0.01965386439070641,369.01908396946567,-0.11937684273421895,604.085308056872,0.3050418301014958,664.6639004149378,0.5308177122405978,353.6737588652482,-0.008724449330012391,366.82710280373834,0.11963544563775623,385.81944444444446,0.5899183263093837,604.7532467532468,0.6436934567827154,616.171206225681,1.310552118594607,653.7180616740088,0.4436140841727196,277.87450980392157,0.10058541116241954,571.4816753926701,0.2263982409561935,564.6284403669724,0.08593408823231005,403.7230046948357,1.1738295123905729,318.78709677419357,0.008106759917698072,635.2283105022831,0.6632830695801468,379.409594095941,0.0688616342917259,307.25396825396825,0.09626667874861265,550.9884057971014,0.6027476493045719,416.62015503875966,0.17594416978372218,581.9897435897436,0.42141974141202615,579.1637168141593,0.5960292840907983,714.949074074074,1.3273607952533162,51.93975903614458,-0.4776613704472572,407.8475836431227,0.11183176439231868,146.08029197080293,0.15460170481588872,502.5541666666667,0.30391022799753514,413.84864864864863,0.2947927218855859,544.7393162393163,0.2687219320317228,465.38916256157637,0.4511689349021537,544.2769953051643,0.48449444647901374,447.4449152542373,-0.005593694380879785,586.9041916167664,0.27731195379350404,457.22945205479454,-0.1606196442829391,626.9341563786008,0.7738130722728838,171.2941176470588,-0.08695771457238376,664.6328502415458,0.642924613358204,460.3646112600536,0.4729885757519089,48.01045296167247,-0.13431635557175078,258.9162561576355,0.1336944072370083
63,303.5,0.37605001519023246,386.67857142857144,0.48308973603824495,383.27272727272725,0.16912162756854554,407.4037037037037,0.36581943702894315,468.94985250737466,0.34776154453300073,168.34163701067615,-0.12156967610388743,373.0729927007299,0.44900583021363255,486.0892018779343,0.5188950503183404,618.2911877394636,0.6410820683406232,313.13698630136986,0.1302586086481423,630.349344978166,0.719979886899556,420.6038338658147,0.5367438059941052,453.11914893617023,0.12739716019959707,484.38253012048193,0.41659641602824465,550.6434782608695,0.4046139496504767,650.6780487804878,0.6824201604359011,502.8608414239482,0.5192036754044542,333.36290322580646,0.18290924075409504,452.9236111111111,0.32772556687536286,559.8163934426229,0.43683630766796844,440.9219512195122,0.3073291659555511,525.1666666666666,0.6009705350021474,453.30543933054395,0.41860501657701654,327.57142857142856,0.1877217589961054,392.4378109452736,0.25062031592115114,515.504761904762,0.4880113481208342,557.8527131782946,0.4443382934397341,427.1380952380952,0.26659333428411247,696.1497584541063,0.6865158781988713,486.46153846153845,0.23410203660318943,534.3395522388059,0.365429796257733,366.3062015503876,0.14893047965814254,444.3639143730887,0.35538471296703944,604.8015564202335,0.6137853989559412,551.7865612648221,0.2870529491160395,121.91176470588235,-0.21919395197116637,436.1408934707904,-0.162982259447339,434.9227799227799,0.07674116727173311,575.437984496124,0.6175981887101641,599.8083623693379,0.9510119149485968,558.7352941176471,0.4138003745922277,656.3917525773196,1.206358832192671,320.14193548387095,-0.15312292534572605,208.66666666666666,0.2438134460460244,411.5090252707581,0.17902358295407542,904.9736842105264,0.6375012499464309,720.2868525896414,0.728978308395288,476.9187279151943,0.35789390020232364,509.5541125541126,0.22744303470109828,208.76847290640393,-0.18075410057896213,660.8595744680852,0.4003635668504942,441.7574626865672,-0.0012889750455103819,279.527868852459,0.0047553106861907895,710.0671936758894,0.8268765330155105,653.5978260869565,0.4779230770176089,583.8705882352941,0.35126770687364306,452.105,0.2936820312958282,165.3913043478261,-0.1455263883358348,491.57608695652175,0.20782139466315216,737.0044843049327,0.7445281817216852,526.7435897435897,-0.025936462778567985,351.87404580152673,-0.1602915766837022,554.2511848341233,0.19738217590246226,680.3319502074689,0.5669035115802354,367.1276595744681,0.02898409562107796,320.13084112149534,-0.022891617816952634,362.6574074074074,0.49447018938909787,599.7705627705627,0.630150734848565,605.6303501945525,1.2710254464806814,682.1277533039647,0.5063515751011254,266.75686274509803,0.056551432774016516,542.2670157068063,0.16370365460001873,576.105504587156,0.10800760486464328,367.23943661971833,0.9773852769203935,337.2,0.0663342490459484,593.3972602739726,0.5537525645992051,372.9889298892989,0.050773526494919785,357.2857142857143,0.2747774279047643,542.7652173913043,0.5788275527135861,419.78682170542635,0.18488234322367184,627.0974358974358,0.5315882882668491,569.6946902654868,0.5699350326300079,671.5972222222222,1.186238295679065,48.15261044176707,-0.5157473000589665,384.1115241635688,0.04712498188514118,134.75547445255475,0.06509165909451502,553.8458333333333,0.43698987037977954,403.35675675675674,0.2619671338238853,549.8675213675214,0.28066574831990304,454.13793103448273,0.41608552732634946,404.0610328638498,0.1020608339116917,429.35593220338984,-0.04579484137073765,600.3712574850299,0.3066210718092937,446.8527397260274,-0.1796691793611177,626.1975308641976,0.7717289044962135,174.56617647058823,-0.06951678836121918,605.536231884058,0.49684202229989644,467.2815013404826,0.4951199468847092,45.825783972125436,-0.17370844825311454,228.20689655172413,-0.0007700321601666156
64,314.4965986394558,0.42590790555222263,544.6607142857143,1.0890237387504622,401.8300395256917,0.2257281992358412,429.76296296296294,0.4407787724896631,482.14454277286137,0.3856830750266419,166.12455516014234,-0.13313872083133713,345.7043795620438,0.34270684642568067,513.2676056338029,0.6038200862600124,625.4252873563219,0.6600175524412234,308.5993150684931,0.11388001972847393,629.4585152838428,0.7175491567511145,423.45686900958464,0.5471678291067208,445.9914893617021,0.109662965602015,504.35843373493975,0.47501675885136013,551.5521739130435,0.4069319042607111,624.2975609756097,0.6142096766056202,504.9482200647249,0.5255098997945836,352.9717741935484,0.2524896123072698,482.8263888888889,0.41538423955694276,575.6819672131147,0.4775572167060915,436.9951219512195,0.2956861565341146,539.6981132075472,0.6452696484446899,481.7029288702929,0.5074740607666807,347.2293233082707,0.25899815027609535,403.13432835820896,0.2847079639844179,522.0380952380953,0.5068699016386232,527.7248062015503,0.3663340304510657,423.15238095238095,0.2547744888031617,705.8357487922706,0.7099814849925449,475.2267206477733,0.2056004790315838,576.0410447761194,0.471992112710436,389.2403100775194,0.22086400466832415,443.10091743119267,0.3515323597668813,618.6964980544747,0.650861120224593,565.5533596837945,0.3191642757572852,125.98039215686275,-0.19313568820502508,423.83161512027493,-0.186605552990833,426.26640926640925,0.055310533892326784,578.3759689922481,0.6258570776390037,613.2613240418118,0.9947707055240799,532.75,0.3480482752632687,685.6030927835052,1.3045482110369921,321.98387096774195,-0.14825042111748457,227.6787878787879,0.3571402767241069,404.17328519855596,0.15800579230450987,923.3383458646616,0.6707311183262212,751.2111553784861,0.8032090798329857,462.90812720848055,0.3180025977135692,509.16017316017314,0.2264940910005723,207.0935960591133,-0.1873266254917311,650.0085106382978,0.3773701276451472,438.4179104477612,-0.008838927046374252,280.37377049180327,0.007795881087770053,741.6086956521739,0.9080272047966353,694.2336956521739,0.5698093823082299,583.6901960784314,0.35085022036027275,439.98,0.25898678433005273,158.12252964426878,-0.1830796091524489,487.1847826086956,0.1970317906069019,734.7578475336323,0.7392102749177368,578.6068376068376,0.06996996996997014,368.4083969465649,-0.12083417965138668,550.0094786729858,0.18821856292023345,665.6970954356847,0.533197310766967,376.09929078014187,0.0541297515847728,334.8457943925234,0.022021593713006146,328.56944444444446,0.3539975465459912,614.2337662337662,0.6694611032082485,598.9961089494163,1.2461480098050655,671.4625550660793,0.48279947934400486,300.8862745098039,0.19172875690603458,588.4921465968587,0.2629026694635794,620.1284403669724,0.1926756860478965,305.57276995305165,0.6453437078944242,367.68387096774194,0.16273399891665036,563.634703196347,0.47582222604819757,398.80073800738006,0.12348979893093044,286.95238095238096,0.023831638085313862,530.3710144927536,0.5427745625750401,406.1434108527132,0.1463727097981853,572.4717948717948,0.398173626932427,584.3982300884956,0.6104542838469266,645.3101851851852,1.1006665792563186,59.88353413654618,-0.39777381077391577,406.35687732342006,0.10776795549875903,149.27007299270073,0.1798133644873294,543.4875,0.41011448524880795,402.62702702702705,0.2596840558288676,528.534188034188,0.2309794725610725,415.7487684729064,0.2963810635617955,352.6056338028169,-0.03828177620475688,435.0635593220339,-0.03311015057773266,564.9580838323353,0.2295494293257989,450.0,-0.17389144908493084,611.3786008230453,0.729801037659398,178.31617647058823,-0.04952831113044632,653.256038647343,0.6148019531814432,412.1930294906166,0.3188581584983605,68.78048780487805,0.24019124326973226,228.69458128078819,0.001365351141136045
65,316.7074829931973,0.43593191691482513,490.64285714285717,0.881840472309357,401.40316205533594,0.22442606723582667,437.35925925925926,0.46624532823422776,503.07964601769913,0.4458505469500426,173.60142348754448,-0.09412337095594107,353.4270072992701,0.37270133231650693,519.2769953051643,0.6225977760173691,590.2337164750958,0.5666113110534619,312.8527397260274,0.12923262911581584,597.8471615720524,0.6312939825130414,392.31629392971246,0.43339072577115023,432.37021276595743,0.07577212565762094,504.921686746988,0.47666401520056445,529.7608695652174,0.3513453563827486,623.7853658536585,0.6128853236466373,499.3495145631068,0.5085955305001281,363.1491935483871,0.28860329887938824,459.4895833333333,0.3469734245206099,584.4229508196721,0.4999920056078556,432.9317073170732,0.28363817287193255,495.97169811320754,0.5119696760537457,473.0794979079498,0.4804873066669462,360.8984962406015,0.3085603913726803,378.59203980099505,0.20649663007925775,511.75873015873015,0.4771983776878937,518.8527131782946,0.3433632652405859,422.3666666666667,0.252444608869641,701.1207729468599,0.6985588255258988,493.57894736842104,0.252158158480985,549.8843283582089,0.4051522918144581,403.8062015503876,0.266550363801037,431.31804281345563,0.3155926094516039,617.023346303502,0.6463966676495385,513.4743083003953,0.19768886954854212,121.73039215686275,-0.22035558541616296,431.3127147766323,-0.17224823583723553,444.0,0.09921370031142282,556.8837209302326,0.5654407991292211,551.4006968641115,0.7935550702282691,545.4313725490196,0.38013668895200975,651.8092783505155,1.1909555574807242,325.43225806451613,-0.13912834227336887,229.3212121212121,0.366930385462953,402.3140794223827,0.15267894083574698,943.093984962406,0.7064778856416357,702.6414342629482,0.6866222034355403,468.01413427561835,0.33254053771262343,494.87012987012986,0.19207141896281477,223.40886699507388,-0.12330250045911019,633.1531914893617,0.3416536520795087,453.3768656716418,0.024979796497159867,259.9967213114754,-0.0654488671518221,670.6363636363636,0.7254280240319886,697.8804347826087,0.5780554316395136,595.0666666666667,0.3771790980839184,423.32,0.21131479963316036,145.6600790513834,-0.24746531074830763,465.6467391304348,0.144111987543883,701.9282511210762,0.661500902239677,583.3675213675214,0.07877351035245782,374.90458015267177,-0.10533175819501524,574.260663507109,0.24060985636164628,618.8547717842324,0.4253126209509797,362.36170212765956,0.0156260870775182,356.1588785046729,0.08707372384579172,324.09722222222223,0.33556802420639575,574.8354978354978,0.5623782949348337,553.3385214007782,1.0749387183378074,662.7268722466961,0.46350835754046504,284.9529411764706,0.1286211540164115,599.4136125654451,0.2863401080189523,659.2064220183486,0.26783327525287054,258.7323943661972,0.39313367864645343,338.21612903225804,0.0695475740416384,559.8538812785388,0.46592251443110116,376.9409594095941,0.06190706870778141,299.2645502645503,0.0677608378829413,487.55652173913046,0.4182332348536971,411.31007751937983,0.16095604541073455,581.7282051282051,0.42078097425768357,533.0486725663717,0.4689478407616594,652.1157407407408,1.1228205812185301,70.0,-0.2960363169330931,418.2007434944238,0.1400554745383625,132.3175182481752,0.045822335684306326,506.84166666666664,0.3150344320601938,416.12432432432433,0.3019125428922712,532.7905982905983,0.2408928400802623,400.0738916256158,0.2475039169303556,373.69483568075117,0.019238205970707228,453.26271186440675,0.007335838253712545,534.6826347305389,0.1636593000737613,431.986301369863,-0.20696093902262697,565.5020576131687,0.6000004657358159,176.0,-0.06187413530239424,597.4106280193237,0.4767561138424392,423.03217158176943,0.3535392179905743,73.6411149825784,0.3278339375129581,223.61576354679804,-0.020872832532025216
66,320.93197278911566,0.45508548939536697,425.1642857142857,0.6307001082147308,426.8616600790514,0.30208377290335625,428.8925925925926,0.4378608589840695,534.8761061946902,0.5372335510168786,196.9608540925267,0.027769421324924888,362.0875912408759,0.4063388157848106,505.18779342723,0.5785728955784406,578.8888888888889,0.5364996201716805,316.27054794520546,0.14156910590210184,552.1572052401747,0.5066237396545027,364.9712460063898,0.3334811918172004,446.77872340425535,0.11162166769189727,510.6114457831325,0.49330394698477203,509.1608695652174,0.29879765808949527,612.0975609756098,0.5826648504111801,474.3851132686084,0.43317504221259534,389.4556451612903,0.38194945228529237,444.30555555555554,0.30246211754934327,568.2065573770492,0.4583706755597968,423.9756097560976,0.25708343337161293,483.08490566037733,0.4726842904472667,465.8410041841004,0.4578346697952623,384.9736842105263,0.3958531834470836,350.96019900497515,0.11843951503582374,538.4507936507937,0.5542453737897264,491.8720930232558,0.273507652907623,426.0952380952381,0.2635009481905303,661.1980676328502,0.601840733484543,490.9230769230769,0.245420492979373,509.2014925373134,0.30119300975613494,388.8837209302326,0.2197455520232445,411.08868501529054,0.25388966412703623,568.6692607003891,0.5173739882304572,494.2806324110672,0.15291924503809465,127.49509803921569,-0.18343447916437733,439.4810996563574,-0.15657191848578786,455.73745173745175,0.12827218624960093,502.0658914728682,0.4113438781258204,534.1080139372822,0.7373067206747536,521.7009803921569,0.3200902990535964,650.7525773195877,1.1874036212423114,335.041935483871,-0.11370769411937381,251.16969696969696,0.4971641197933601,401.5523465703971,0.15049648324369064,918.5864661654135,0.6621328473677658,678.9243027888447,0.629691543506577,448.9929328621908,0.2783829383943472,474.6190476190476,0.14328945598413262,199.2512315270936,-0.21810150684799093,589.9617021276596,0.2501307470072462,457.43283582089555,0.034149403005471646,317.7081967213115,0.1419934592380898,623.1818181818181,0.6033359231041454,686.8858695652174,0.5531943917033189,551.2313725490196,0.27572987533489673,405.375,0.1599658341238127,156.31225296442688,-0.1924321785564779,455.67391304347825,0.11960836942108706,672.6816143497758,0.5922725825283939,607.8418803418804,0.12403192666350576,383.75954198473283,-0.08420037289608356,561.3933649289099,0.21281185720326518,564.6307053941908,0.30042670310924674,366.09574468085106,0.026091848235530353,334.18224299065423,0.019996291700540604,335.037037037037,0.38064976467064404,538.1515151515151,0.46267279913119497,513.3929961089494,0.9251488268938949,615.1850220264317,0.3585210723645685,286.52156862745096,0.13483406102006623,639.9738219895288,0.3733822156356703,699.6330275229358,0.3455846349973754,222.61971830985917,0.19868649562797192,346.0,0.09416266361179762,444.26940639269407,0.16327589587607658,387.79335793357933,0.09248012907008414,285.67724867724866,0.019282030370991358,462.9942028985507,0.34678490968203224,443.06201550387595,0.2505784650191397,582.4051282051282,0.4224342539512758,559.8185840707964,0.5427189722279123,614.1574074074074,0.9992555049680724,66.54618473895583,-0.33077003853019804,415.81412639405204,0.13354932663396024,136.93795620437956,0.08234174202760598,619.6916666666667,0.6078312666890089,403.7351351351351,0.2631509520435242,472.8162393162393,0.10120990858999258,418.1773399014778,0.303953795582317,650.0985915492957,0.773118755970323,459.521186440678,0.02124473825465433,523.7245508982036,0.13981061800666703,467.39383561643837,-0.1419599016717068,567.5390946502058,0.6057639464590105,172.1764705882353,-0.08225454345926063,591.0193236714975,0.46095726908071744,495.21983914209113,0.5845118145494034,76.68989547038328,0.3828069536153398,234.86206896551724,0.02837040056771009
67,313.65646258503403,0.42209878123443384,380.75357142857143,0.4603646425489362,429.798418972332,0.31104195879234464,412.52222222222224,0.3829792517724773,512.5162241887906,0.4729712659415826,177.58007117437722,-0.0733622280903091,357.44525547445255,0.38830810403947463,491.52582159624416,0.5358829915206994,554.6896551724138,0.47226948183688455,319.1506849315069,0.1519648744163971,536.2096069868995,0.46310890385985637,362.45367412140575,0.3242828377155866,447.25957446808513,0.11281806410355505,483.9457831325301,0.4153191316933001,508.8565217391304,0.2980213096554454,610.7317073170732,0.5791332425205591,466.33009708737865,0.4088398600311502,362.15725806451616,0.2850835021691106,455.1736111111111,0.33432134252534706,543.8,0.3957283017470691,438.99024390243903,0.3016016731221488,479.94025157232704,0.4630978127492485,452.8410041841004,0.4171515814944981,384.812030075188,0.39526705133290513,394.67164179104475,0.25773908521436356,514.6031746031746,0.48540890438951617,522.1007751937984,0.35177283328181874,408.4428571428571,0.21115631235076396,652.5169082125603,0.580809463954253,491.99595141700405,0.24814226334206693,524.7649253731344,0.34096317993546793,384.11240310077517,0.20478016934831897,400.914373088685,0.22285630069622184,542.136186770428,0.44657607634836854,512.99604743083,0.19657331671374711,115.93137254901961,-0.2574964601575425,425.9621993127148,-0.1825166523774979,477.9227799227799,0.18319654815774927,497.5891472868217,0.39875942335958076,535.184668989547,0.7408087839453635,460.7647058823529,0.16589970355118377,604.8762886597938,1.0331976089404833,352.2548387096774,-0.0681740994400461,209.78181818181818,0.25046060474693843,416.72563176895306,0.1939697972693423,920.9699248120301,0.6664455877061051,660.2948207171315,0.584973289545913,421.773851590106,0.2008841482125375,477.67965367965365,0.150662018580526,240.41379310344828,-0.05657204163887833,558.8765957446808,0.18426130646016453,469.0410447761194,0.06039286744646303,323.8032786885246,0.16390206534869345,596.5138339920949,0.5347239453463447,663.0217391304348,0.49923253982006127,516.0431372549019,0.19429277784635027,385.815,0.10399560479180707,152.76284584980237,-0.2107697491346831,438.39130434782606,0.077144333655152,637.3497757847533,0.5086402717333612,632.9615384615385,0.1704836415362732,399.96564885496184,-0.045526294456745664,533.1563981042653,0.15180983916067428,570.0207468879668,0.31284075325283495,390.79432624113474,0.09531694459408156,339.5981308411215,0.036526749675523704,319.68981481481484,0.31740559639346116,539.8571428571429,0.46730862227807185,445.74708171206225,0.6714865180343175,602.7533039647577,0.33106794794218336,276.89803921568625,0.09671787655264437,659.7748691099476,0.41587521305485553,675.2935779816514,0.2987732524029874,194.6244131455399,0.04794695424221967,351.31612903225806,0.11097396390670942,505.94520547945206,0.32476793067332377,384.7638376383764,0.08394545291998202,243.73544973544975,-0.1303641951536293,451.3072463768116,0.31278919961687374,435.0813953488372,0.22805251751258374,544.3025641025641,0.3293746469558988,523.9778761061947,0.4439510110912761,596.8472222222222,0.9429059720859572,74.04417670682732,-0.2553655522257853,448.1710037174721,0.2217572882537681,126.80656934306569,0.00226443396362488,461.1875,0.196581658576664,418.9189189189189,0.3106558860287468,493.96153846153845,0.1504582444182564,353.9162561576355,0.10357592700685089,357.2676056338028,-0.025566428408622444,467.16101694915255,0.03822357826934484,488.68263473053895,0.06354696365877872,476.3595890410959,-0.1255006004061387,532.9629629629629,0.5079361383049077,164.86029411764707,-0.12125167060557235,517.0628019323672,0.278142065409367,396.8230563002681,0.2696801931090801,76.96864111498257,0.3878330579447003,210.3743842364532,-0.07885172459163477
68,296.6054421768707,0.34479052129485527,358.4357142857143,0.37476542059915346,438.4664031620553,0.33748247245930507,399.1740740740741,0.3382296335845637,494.10914454277287,0.4200693320537397,173.6370106761566,-0.0939376720036545,345.9963503649635,0.3438408534536892,459.34272300469485,0.4353196608279786,542.904214559387,0.4409883061690833,325.81164383561645,0.17600740683055163,550.3973799126637,0.5018218560769444,345.59744408945687,0.26269588817229417,420.4936170212766,0.0462221930475604,466.18674698795184,0.36338210797721326,500.31739130434784,0.27623919073439235,564.1951219512196,0.4588063165329702,456.3851132686084,0.37879485607631636,363.375,0.2894045534150613,441.64930555555554,0.2946754379625564,517.4196721311475,0.3280200078597497,387.10731707317075,0.14776931510177863,459.07232704402514,0.3994819467451991,464.01673640167365,0.4521256815432078,364.187969924812,0.32048749834724355,387.7860696517413,0.23579615269363755,492.45396825396824,0.4214749258211901,488.07751937984494,0.26368310981410625,407.2809523809524,0.20771091414604242,605.304347826087,0.46643072320883106,497.08097165991904,0.2610424277780802,488.05970149253733,0.24716812741710362,379.6511627906977,0.19078735419085435,405.74311926605503,0.23758478908133027,533.988326848249,0.4248352305526369,507.9169960474308,0.1847263299971234,97.63235294117646,-0.3746958561081512,448.3848797250859,-0.13948427092264074,452.3088803088803,0.1197840495676594,474.3992248062016,0.33357085810727616,524.8188153310105,0.7070915081199135,464.7450980392157,0.17597152106771177,566.5360824742268,0.9043229662999219,408.22903225806454,0.07989541609138118,184.27272727272728,0.09840684946353107,425.54512635379064,0.21923872569300806,885.9586466165414,0.6030945612534974,632.1195219123506,0.5173412339407341,405.92226148409895,0.15575113863761886,454.97402597402595,0.09596740639087492,202.2216748768473,-0.2064449406056388,546.663829787234,0.15838241606042142,472.25,0.06764756992773999,277.8524590163934,-0.0012669043339912744,555.8418972332016,0.4300822896285783,611.2173913043479,0.38209194037774513,524.5764705882353,0.21404170508752696,388.395,0.11137818105339059,139.26482213438734,-0.28050561052061956,432.91847826086956,0.06369738899593928,599.677130044843,0.4194671478611609,639.0940170940171,0.18182392919235035,360.4541984732824,-0.13981599299749609,546.9810426540284,0.18167605041113385,582.4315352697096,0.3414246054310278,389.35460992907804,0.09128171284654801,333.7429906542056,0.01865559881904915,272.73148148148147,0.12389561182770899,526.4242424242424,0.43079857348426814,395.579766536965,0.48336640597642094,545.1894273127754,0.20394889166035984,277.2470588235294,0.09810024836095764,635.0942408376964,0.3629106467317358,611.0871559633027,0.17528683661451192,171.8450704225352,-0.0747074570949713,353.93225806451613,0.11924700064164483,466.6027397260274,0.2217535402229586,377.23247232472323,0.0627283103836134,204.75132275132276,-0.2694575961458591,429.3884057971014,0.24903038029328042,428.44573643410854,0.20932283216473355,536.7589743589743,0.3109505982492769,520.641592920354,0.43475705520275476,527.0185185185185,0.7155938553539588,75.19678714859438,-0.2437741823439607,415.25278810408923,0.13201906443214606,133.55474452554745,0.05560122885206191,437.3208333333333,0.13465800369725725,408.17297297297296,0.2770354485910029,492.55982905982904,0.14719360129948708,373.14285714285717,0.1635280022119138,523.4178403755868,0.42760190845461765,507.76271186440675,0.12845721388818251,520.7365269461078,0.13330761672170532,483.8013698630137,-0.11183900313720077,507.4526748971193,0.435758730217871,155.8125,-0.1694787710613881,452.1014492753623,0.1175622728841431,438.6836461126005,0.4036178787166548,74.82578397212544,0.34919488091274065,212.40886699507388,-0.06994350940539276
69,291.6224489795918,0.3221979418391437,342.725,0.31450762297439827,440.59683794466406,0.34398107568159964,396.6,0.3296000595999355,459.4513274336283,0.32046279018703044,180.2064056939502,-0.05965764541156452,340.7445255474453,0.32344290203738535,442.2957746478873,0.38205263621160085,511.0383141762452,0.35640913255754125,317.7842465753425,0.14703275594171958,528.4803493449782,0.44201874521896833,331.6964856230032,0.21190649896401795,432.4595744680851,0.07599446481376981,457.36746987951807,0.3375897732688172,470.03913043478263,0.19900361223835675,570.009756097561,0.47384087583875684,452.2459546925566,0.36628995530891234,361.39516129032256,0.28237926811121405,435.77777777777777,0.27746331354261317,479.6918032786885,0.23118688111833963,368.1707317073171,0.09162252929554722,419.8364779874214,0.2798714645070251,435.673640167364,0.36342685948032505,351.00375939849624,0.27268365359319413,428.7910447761194,0.3664707551761696,474.7047619047619,0.3702416057444363,491.1240310077519,0.2715708430842842,389.93333333333334,0.15626998931079317,615.0048309178744,0.48993144063611105,485.4817813765182,0.23161649536631426,476.44776119402985,0.2174954423060789,386.1279069767442,0.2111018582118132,401.41284403669727,0.22437672096650227,472.42412451361866,0.26056414068632133,494.5296442687747,0.15350007006778124,113.28921568627452,-0.27441863385627757,427.15807560137455,-0.18022159203323895,440.003861003861,0.08932043289497076,454.36046511627904,0.2772404415345842,489.2229965156794,0.5913080829660323,461.4313725490196,0.16758660894804073,495.14948453608247,0.664368015247336,401.0451612903226,0.06089179627300355,170.33333333333334,0.01531736570210627,418.56317689530687,0.19923458833264393,827.1428571428571,0.4966705508539429,584.6254980079681,0.403336463738622,398.4381625441696,0.1344422411165136,445.2121212121212,0.07245237293278851,267.0197044334975,0.04783444969602067,517.1914893617021,0.09593043177170316,444.6940298507463,0.005349921294914014,271.5967213114754,-0.023752983117763117,527.8142292490119,0.35797208742306974,594.2608695652174,0.3437496543664119,524.9960784313726,0.21501281502080163,408.83,0.1698521910942666,133.6798418972332,-0.3093597165640539,438.4945652173913,0.07739804959211835,549.6860986547085,0.3011357605349749,658.8418803418804,0.21834202623676324,365.96946564885496,-0.1266544189643252,554.9052132701422,0.19879511287625842,570.8174273858921,0.31467562440569785,390.57092198581563,0.0946907879436023,361.8224299065421,0.10436010440289252,264.2824074074074,0.08907793245942568,502.5844155844156,0.3660029438653588,363.35019455252916,0.362510213610365,570.3964757709251,0.25961394408590466,282.8588235294118,0.12032692316653254,635.0157068062828,0.362742112897445,643.3394495412844,0.23731677084390174,155.91079812206573,-0.1605048750831052,375.5064516129032,0.18747150086759765,520.6301369863014,0.3632189844904518,373.18819188191884,0.05133488156447587,223.12698412698413,-0.2038941621548149,403.88695652173914,0.1748502569913797,398.9922480620155,0.1261879729601106,544.3230769230769,0.3294247463405529,507.96902654867256,0.39983465511691185,480.7916666666667,0.5651124202568959,60.795180722891565,-0.3886057237942148,391.14869888475835,0.06630899743503726,137.2080291970803,0.08447636767484469,410.65833333333336,0.06548037318515479,417.0810810810811,0.30490591181907234,470.482905982906,0.09577547217887054,374.44827586206895,0.16759853767933403,352.03286384976525,-0.03984398409108963,531.8813559322034,0.18205874320799312,506.8922155688623,0.1031774785036059,654.3527397260274,0.20125865244971974,491.5102880658436,0.3906522164367482,153.97794117647058,-0.17925744766742308,498.70531400966183,0.23276367531523065,364.0107238605898,0.16469342904150558,74.21951219512195,0.33826310399638126,223.84729064039408,-0.01985906470211396
70,295.4421768707483,0.3395163491625323,331.6821428571429,0.27215319918359515,445.6363636363636,0.359353467348437,408.0,0.36781851819660527,453.5132743362832,0.3033968297837889,181.90747330960855,-0.050781235492269296,343.014598540146,0.33225980668015176,443.7323943661972,0.3865416776692191,498.60536398467434,0.323409322725937,323.1472602739726,0.16639039386488982,497.73799126637556,0.35813472441001176,353.7252396166134,0.29239209735313865,472.81702127659577,0.1764070627621088,450.59939759036143,0.317796270505919,464.6434782608696,0.18524006357184608,566.1658536585365,0.4639019222037232,446.4854368932039,0.34888673141057075,364.19354838709677,0.2923091011068759,454.44444444444446,0.3321838226387782,459.02950819672134,0.17815460817801076,418.58048780487803,0.24108695086216103,421.3301886792453,0.2844250414135837,437.98744769874475,0.3706678468734124,356.2142857142857,0.2915761910409023,409.32835820895525,0.3044470904210538,455.8825396825397,0.3159110110860438,505.33720930232556,0.30837022972772254,399.64761904761906,0.18507577757977714,571.487922705314,0.38450591146034474,492.7287449392713,0.2500012838539447,481.56716417910445,0.23057735874962826,395.76356589147287,0.24132439381690207,397.4892966360856,0.21240924117036908,482.08949416342415,0.2863541411431491,528.6166007905139,0.23300856302043765,110.27450980392157,-0.29372686544203286,436.45360824742266,-0.16238211435731728,477.7567567567568,0.18278552352112382,451.2170542635659,0.2684040841186359,451.62369337979095,0.4690078734089131,457.21078431372547,0.15690700933999807,492.29896907216494,0.6547864506627393,384.96451612903223,0.01835338370245453,182.97575757575757,0.09067591488746798,426.44043321299637,0.22180388911874233,803.7593984962406,0.4543594390172393,590.9800796812749,0.41859001700364756,424.2155477031802,0.2078362011809434,454.969696969697,0.09595697843812201,304.1773399014778,0.19364784798136492,561.9531914893618,0.19078062275250424,454.0970149253731,0.026607886705167356,279.11803278688524,0.0032821661117823074,509.20553359683794,0.310095224923629,581.2880434782609,0.31441534772889523,516.4627450980392,0.1952638877796252,431.29,0.23412066506138562,127.07114624505928,-0.34350272102592383,461.25,0.13330903001726613,544.609865470852,0.2891200509500051,680.0982905982906,0.2576497550181763,391.9541984732824,-0.06464473313883955,537.8957345971564,0.16204851288383507,601.6058091286307,0.3855857491673796,390.31205673758865,0.09396524134860233,399.4859813084112,0.21931738764565772,292.10185185185185,0.20371871893833768,480.8917748917749,0.3070432743501318,371.8793774319066,0.39449340492587814,594.9251101321586,0.3137808458519713,278.2549019607843,0.10209204111080579,604.6178010471205,0.2975082834379555,655.2110091743119,0.26014900947079145,137.49295774647888,-0.25967496075412744,357.53225806451616,0.13063135205494683,526.6986301369863,0.37910873900629827,399.2472324723247,0.124747650105306,215.2116402116402,-0.23213571045616888,410.11884057971014,0.19297792976917993,417.85271317829455,0.1794231650761383,522.3128205128205,0.27566810660648056,505.61504424778764,0.3933476729780613,462.60648148148147,0.5059145156939249,55.01606425702811,-0.44672412539681255,425.13754646840147,0.15896586704555005,124.7919708029197,-0.013658719513074506,573.2958333333333,0.4874541896844358,391.8702702702703,0.22602979501341974,534.9615384615385,0.2459490556422587,361.3645320197044,0.1268010199379436,540.3896713615023,0.473891920824231,551.9449152542373,0.2266482093586086,536.6646706586827,0.16797291415256374,742.9657534246576,0.3639341376470366,492.0082304526749,0.39206106728019585,164.3860294117647,-0.12377962507887609,484.57487922705315,0.19783425662434945,370.2707774798928,0.1847231777217726,59.4808362369338,0.07250783758143865,200.5270935960591,-0.12196921165531026
71,281.96938775510205,0.27843156607442743,325.4535714285714,0.2482637699820554,408.201581027668,0.245163725013835,371.18888888888887,0.24440940188981455,439.8407079646018,0.2641018836988288,181.21708185053382,-0.05438379516662761,343.54014598540147,0.33430101933056716,419.2018779342723,0.3098905612768828,481.27969348659,0.27742314705305093,314.41438356164383,0.1348693359440187,463.49344978165936,0.2646945978213984,347.297124600639,0.26890594449470356,479.6595744680851,0.19343188957578747,435.2530120481928,0.27291514163321495,465.6608695652174,0.18783528547995526,539.4341463414634,0.3947833106301396,423.86407766990294,0.2805448577873076,381.491935483871,0.3536909217861109,446.19444444444446,0.30799931192216956,447.6688524590164,0.14899611472541793,391.8292682926829,0.1617698531389841,423.95911949685535,0.292439336769127,416.7029288702929,0.3040586192628598,344.42857142857144,0.24884307062346725,388.39800995024876,0.23774628325725702,421.0,0.21522209657998576,510.1589147286822,0.32085412309680833,384.4238095238095,0.13993258880725662,546.8260869565217,0.3247593166066275,477.37651821862346,0.21105429058852881,469.88432835820896,0.20072351007269448,412.07751937984494,0.2924936023292992,388.9724770642202,0.18643150833152994,485.15175097276267,0.29452512760028415,534.0474308300395,0.24567608033455507,102.6470588235294,-0.3425782611289193,464.1890034364261,-0.10915386137307934,477.6216216216216,0.18245096858433552,441.2403100775194,0.24035872778244466,408.85714285714283,0.3299000268604853,455.52450980392155,0.1526401309832424,458.7216494845361,0.5419215108723903,420.39677419354837,0.11208295715780243,181.3151515151515,0.08077742856110696,414.2129963898917,0.18677079023582974,782.6203007518797,0.4161093776253125,548.609561752988,0.31688372297634604,412.886925795053,0.17558109001349148,446.7835497835498,0.07623771978213911,296.1527093596059,0.16215772126695094,555.6255319148936,0.17737229173354307,462.660447761194,0.04596781948950529,272.4754098360656,-0.020594561150231134,498.44664031620556,0.2824145070554308,593.2934782608696,0.34156217779268855,508.4901960784314,0.17681279904740463,449.68,0.2867429819026731,124.5494071146245,-0.3565309727284794,452.2826086956522,0.11127580391229987,554.9596412556053,0.3136185118352613,706.2136752136752,0.30594278489015336,416.8396946564886,-0.00525825376425555,549.2985781990521,0.1866827618617594,584.0746887966804,0.3452090271838074,411.77659574468083,0.1541259747668809,425.48130841121497,0.2986607333875316,275.80555555555554,0.13656352366362137,462.54978354978357,0.2571905264483124,360.9182879377432,0.3533909186412977,584.1850220264317,0.290063369827246,280.87450980392157,0.11246759580690924,593.2565445026178,0.273127055410554,660.9495412844037,0.2711857677869581,124.61032863849765,-0.32904093451943084,363.5451612903226,0.1496460752040461,494.337899543379,0.29437533776189995,392.88560885608854,0.10682586973651652,196.35449735449737,-0.2994170461152767,403.32753623188404,0.17322298217923293,413.19767441860466,0.16628394071704483,496.625641025641,0.21293115217312336,467.82300884955754,0.2892023450684303,441.02777777777777,0.4356697516491166,59.98393574297189,-0.3967641095646976,405.2007434944238,0.10461622341422784,135.28832116788323,0.06930321780393195,448.25416666666666,0.16302526459173408,407.0486486486486,0.27351781730979025,497.6068376068376,0.1589483071631046,289.7389162561576,-0.0965408128782526,344.1643192488263,-0.06130513505415232,576.2457627118644,0.2806546694164287,540.7005988023952,0.17675652711060827,870.9760273972603,0.5989349863886984,490.81069958847735,0.38867283921868134,161.56985294117646,-0.13879057954826038,502.4492753623188,0.24201847855811365,373.4745308310992,0.19497394845963922,62.00696864111498,0.11805690806626923,181.35960591133005,-0.20589624625499056
72,267.23809523809524,0.21164080728761037,314.8178571428571,0.20747092585236204,413.32806324110675,0.2608013657917866,377.18888888888887,0.26452438009858814,447.82300884955754,0.2870430107982683,181.53024911032028,-0.05274964438650636,325.2810218978102,0.26338305481648205,411.1267605633803,0.28465804066543426,484.4712643678161,0.2858942846770037,308.0993150684931,0.11207528464751426,435.9956331877729,0.189663677504069,339.6038338658147,0.2407972685090613,471.2,0.17238378279370203,424.0572289156627,0.24017261837122467,465.0695652173913,0.1863269513795157,515.2731707317073,0.3323116896221179,409.02265372168284,0.23570711351888327,355.66129032258067,0.2620331261518035,429.28819444444446,0.25843938655214965,458.2393442622951,0.17612655711824887,398.11219512195123,0.1803986682132825,398.94025157232704,0.21616932020369353,419.7531380753138,0.3136041523723729,319.5375939849624,0.15859235601937227,406.9651741293532,0.2969160984070761,433.46666666666664,0.25120729563944055,466.74418604651163,0.2084489063547432,385.247619047619,0.14237543261634203,540.6376811594203,0.3097670760566544,470.96356275303646,0.1947852934017097,477.27985074626866,0.21962173047438177,416.51162790697674,0.3064013178289862,382.60550458715596,0.16701117089150724,461.8599221789883,0.23237579477638282,537.6086956521739,0.2539828002035652,130.94117647058823,-0.16136344370944092,504.0962199312715,-0.03256611488491732,472.4942084942085,0.16975699841134204,442.37984496124034,0.2435620435411239,382.26132404181186,0.24339113059975967,484.0637254901961,0.22485456642810173,393.9587628865979,0.32423113575327034,442.86129032258066,0.1715087355211531,157.43030303030304,-0.06159459557096915,400.21660649819495,0.14666942490690954,762.2481203007519,0.3792470118627569,525.7330677290837,0.26197093122225446,416.8975265017668,0.18700016399198738,471.2900432900433,0.1352703603170513,356.11330049261085,0.3974541131440834,564.0297872340426,0.19518093582395882,500.7014925373134,0.13196978669487583,262.8950819672131,-0.055030788721605016,473.2806324110672,0.21766684700149294,608.2173913043479,0.3753083051603554,528.878431372549,0.2239978508520354,479.39,0.3717570674575752,129.03557312252966,-0.3333537537905473,450.9619565217391,0.10803091061320479,549.5874439461884,0.3009022396773165,723.5683760683761,0.3380354038248777,411.81297709923666,-0.017253958263692214,569.218009478673,0.22971590752020343,552.3485477178423,0.2721391061692766,396.37943262411346,0.1109708608560655,411.05607476635515,0.2546318086517479,263.60648148148147,0.08629251810996302,438.6666666666667,0.19227723634344163,343.76653696498056,0.28907435508345963,551.5638766519824,0.21802567090883287,308.2549019607843,0.22091388755570276,603.3664921465969,0.29482297767825555,650.4908256880734,0.2510708125824339,120.84976525821597,-0.3492895296309498,388.96451612903223,0.23003020525495932,440.82191780821915,0.1542489849208739,383.0332103321033,0.07906998018624509,224.6931216931217,-0.19830626222353095,400.2695652173913,0.1643277753045449,421.86046511627904,0.190735369894875,505.6666666666667,0.23501245595950968,461.63274336283183,0.27214353301532473,418.2037037037037,0.3613709559527199,53.967871485943775,-0.45726540602105026,423.73977695167287,0.15515541282116505,142.72627737226279,0.12809196198058664,469.775,0.21886249878379682,427.02162162162165,0.33600650761787065,645.9059829059829,0.5043435678568015,445.7487684729064,0.38992657675647463,429.7042253521127,0.1720016492817685,558.8432203389831,0.24197907543953823,538.0958083832336,0.17108757809465971,738.3630136986301,0.3554844428796859,477.18106995884773,0.35010991365257954,178.81985294117646,-0.04684358428670528,564.6859903381643,0.39586316265883953,357.2252010723861,0.14298238239921218,59.22299651567944,0.06785869107678007,384.3694581280788,0.683005584350876
73,258.3333333333333,0.17126717383023624,310.37857142857143,0.19044422831938404,396.4387351778656,0.20928275434676966,350.1259259259259,0.17379589505444698,428.3185840707965,0.23098730777480408,176.71530249110322,-0.07787471263087126,320.6788321167883,0.24550826903749726,385.5492957746479,0.2047354986356833,463.4176245210728,0.23001325077109738,310.8664383561644,0.12206313358871587,414.528384279476,0.13108784706417836,340.2108626198083,0.2430151457670647,456.11489361702127,0.13485081572001356,418.08734939759034,0.22271346284115592,435.0652173913044,0.1097900864741249,480.73658536585367,0.2430124615306998,407.40776699029124,0.23082834457210089,337.1491935483871,0.19634456234332606,417.0138888888889,0.2224578017949058,446.21967213114755,0.14527661859091687,409.18536585365854,0.21323050844515912,403.4685534591195,0.2299738480888399,402.1380753138075,0.25847837131469104,346.1616541353383,0.255126952126637,417.19900497512435,0.32952925750760614,418.6857142857143,0.20854188010065236,475.0387596899225,0.2299244142404694,376.64761904761906,0.11687383770762401,518.0917874396135,0.25514663370948526,462.0161943319838,0.17208675565999842,467.00373134328356,0.19336254834206745,394.47286821705427,0.23727608152547225,384.02446483180427,0.17133923840936047,479.52140077821014,0.27950172556283254,530.4150197628459,0.23720341045706317,129.7058823529412,-0.16927510933482345,561.9347079037801,0.078434346765152,474.4980694980695,0.17471797018828755,432.6085271317829,0.21609415569204135,382.6759581881533,0.24473982163277755,463.73039215686276,0.17340395182396637,342.0927835051546,0.1498917092610239,472.7806451612903,0.2506549294212214,152.6909090909091,-0.08984502004985365,430.69314079422384,0.23398841539098073,720.8872180451128,0.30440668189050407,537.7410358565737,0.2907948870471991,407.2791519434629,0.15961450815985892,480.90909090909093,0.15844127133428773,299.7389162561576,0.1762306569625269,549.4638297872341,0.16431562507889927,529.455223880597,0.19697529520734133,247.2327868852459,-0.1113284817772015,450.3122529644269,0.15857329390373384,595.625,0.34683424211924674,540.7058823529412,0.25137044485910737,455.265,0.30272425648443435,131.2490118577075,-0.3219182977506867,469.6195652173913,0.15387337438190135,539.5022421524664,0.27703003927396214,706.1282051282051,0.3057847321005216,454.9580152671756,0.08570689493420597,567.8056872037914,0.2266647827507014,544.1742738589212,0.25331256361125615,402.18794326241135,0.12725093376852886,411.0747663551402,0.2546888594126624,254.74537037037038,0.04977688067933615,417.46753246753246,0.1346588963681738,320.57587548638134,0.20211275825843336,554.3171806167401,0.2241058278060656,290.0980392156863,0.1489994889883992,587.0471204188482,0.25980164691262875,652.1605504587156,0.2542821475361387,106.12206572769954,-0.42859020736482606,381.4161290322581,0.20615979100126183,459.1506849315069,0.20224106515158036,402.25830258302585,0.13323034893415314,201.32275132275132,-0.281690566265697,392.7275362318841,0.14238907550555135,421.3565891472868,0.18931313911495645,521.9384615384615,0.2747537928365394,443.1106194690266,0.22110122618594713,377.43055555555554,0.2286428639246943,48.31726907630522,-0.5140913900758487,432.57620817843866,0.1792443747662803,143.1934306569343,0.1317842874244589,443.575,0.15088485529886156,427.2972972972973,0.3368690037493217,500.71794871794873,0.16619422237793413,376.2216748768473,0.1731283217105467,301.15962441314554,-0.17859877635585567,557.1610169491526,0.2382405288583778,619.4131736526946,0.34806304392588383,754.3493150684932,0.384832043455573,445.5679012345679,0.2606653501867599,184.51470588235293,-0.016488534060757135,512.4975845410628,0.2668571762938515,364.57372654155495,0.16649481971510563,57.8397212543554,0.042916648342328084,201.38916256157634,-0.11819454420351276
74,272.68367346938777,0.2363307183514973,318.2607142857143,0.22067586263578204,374.4703557312253,0.1422711834571362,343.07037037037037,0.1501421706793151,430.89085545722713,0.23838001392066924,176.932384341637,-0.07674194902192363,314.3321167883212,0.22085779126616126,383.60093896713613,0.1986474195346652,438.3984674329502,0.1636068537910122,311.472602739726,0.12425106584439982,395.117903930131,0.07812414358465962,339.6709265175719,0.24104240231126173,483.11914893617023,0.20203959119240494,403.2590361445783,0.17934745745542052,432.3478260869565,0.10285840402725198,443.62439024390244,0.14705362998839616,394.44336569579286,0.19166131370875436,314.6209677419355,0.11640511429323629,404.7326388888889,0.18645585970540884,460.26229508196724,0.18131870443722428,404.13170731707316,0.19824646153757133,396.1509433962264,0.20766611448555128,392.2384937238494,0.22749794424046907,332.5075187969925,0.20561923494765008,327.23880597014926,0.042844209935518796,394.1047619047619,0.13758863428518023,482.85271317829455,0.2501555469029105,380.82380952380953,0.12925750256639795,484.75845410628017,0.17439217641454882,448.35222672064776,0.13742269915399155,458.32462686567163,0.1711843139049713,372.1782945736434,0.16734847702005323,372.59327217125383,0.13647217724182703,464.9805447470817,0.2407025179512523,530.5849802371541,0.23759984658843647,116.2156862745098,-0.255675521243764,779.2920962199313,0.495574754336213,471.36293436293437,0.16695629565480047,423.27906976744185,0.18986836987183459,371.8292682926829,0.20945851755055048,444.19117647058823,0.12396273923667517,292.69072164948454,-0.016165641514337668,411.8516129032258,0.08947829218300132,117.72121212121212,-0.29829124670351503,421.6823104693141,0.20817128671907337,698.1052631578947,0.2631839587827187,516.2111553784861,0.23911450971541376,391.74558303886926,0.11538697581671517,486.38961038961037,0.17164305951962572,230.1576354679803,-0.09681909125177597,579.0042553191489,0.2269118819273372,581.3582089552239,0.31431588999171634,259.17704918032786,-0.06839515630063928,471.3636363636364,0.21273475730050984,578.3641304347826,0.3078037612307872,541.0313725490196,0.2521237357419278,430.315,0.23133073798578713,142.72332015810278,-0.2626377104583371,462.625,0.13668745802002763,524.6726457399103,0.24192760853412565,699.034188034188,0.2926663505610875,548.5381679389313,0.30902556077869175,555.0189573459716,0.1990408410456142,443.83402489626553,0.022214364556405724,431.71276595744683,0.21000300157632465,375.06542056074767,0.14478056851083249,275.8009259259259,0.13654444548314565,414.4848484848485,0.1265520888854376,299.4124513618677,0.12275300571962151,526.4845814977973,0.16264273776331958,306.7372549019608,0.21490290002966686,640.9947643979058,0.37557315548145065,580.5550458715596,0.11656528317533982,122.28169014084507,-0.3415793904186985,337.8322580645161,0.06833365126548885,536.1415525114155,0.4038341057021381,392.87453874538744,0.10679468334376344,221.17989417989418,-0.21084128098830304,388.48985507246374,0.13006225801664706,410.3062015503876,0.15812252408766608,505.5948717948718,0.2348371081132195,409.25221238938053,0.12779598685044816,362.3425925925926,0.17952729086697494,57.76706827309237,-0.41905831226423473,446.4460966542751,0.21705502559388867,122.83941605839416,-0.029091486016759583,472.3666666666667,0.225586750413509,434.1459459459459,0.3582961135247852,565.1880341880342,0.31634789948084197,321.7733990147783,0.003348591441123188,491.3333333333333,0.34009265685463513,524.4618644067797,0.16556958687647727,559.9281437125749,0.21860249329500156,806.2705479452055,0.4801488755744723,428.74074074074076,0.21305550639455265,175.4191176470588,-0.06497038961853363,473.31400966183577,0.169998196806078,351.8605898123324,0.12581770269505185,56.257839721254356,0.014393506273206555,189.5320197044335,-0.17011239881195023
75,235.29591836734693,0.06681697543191908,303.60714285714283,0.16447269290303118,363.60474308300394,0.10912710134565674,325.93703703703704,0.0927027329053727,400.56342182890853,0.15121899111603584,171.3594306049822,-0.10582240494999125,276.3029197080292,0.07315337586804686,348.84976525821594,0.09005956048469893,419.4406130268199,0.11328849969339164,292.06164383561645,0.054187788865773606,383.764192139738,0.04714424953589732,314.30990415335464,0.1483818250795227,479.8085106382979,0.19380245483603548,373.5210843373494,0.09237760753192548,433.25217391304346,0.10516526794557127,424.00975609756097,0.096337218102013,381.4271844660194,0.1523378493721643,324.2943548387097,0.15073028627679919,392.3645833333333,0.1501994509627488,446.9377049180328,0.14711953635891625,416.7219512195122,0.2355764085148726,406.37735849056605,0.23884133995950682,359.72803347280336,0.12575748846417759,328.703007518797,0.19182468379535522,279.70646766169153,-0.10863178522562068,403.94920634920635,0.1660047540415768,459.3410852713178,0.18928151380252956,387.35238095238094,0.14861668674128858,481.42512077294685,0.16631673068505523,440.2955465587045,0.11698374435489421,423.67537313432837,0.08264300479797422,373.8062015503876,0.17245445648672145,380.5810397553517,0.16083621249319077,424.9649805447471,0.13392942427250196,497.3833992094862,0.1601565092968882,111.92647058823529,-0.2831465824430093,765.3951890034364,0.4689045703356853,477.58301158301157,0.18235538145953886,400.2403100775194,0.12510473426098734,352.5331010452962,0.14669338359379708,417.22549019607845,0.05572989667704438,268.72680412371136,-0.09671662479424753,354.36129032258066,-0.0626018660581868,105.2,-0.37292727863877745,400.057761732852,0.14621431526685988,668.2406015037594,0.20914545839191928,490.9163346613546,0.17839676069996127,397.7879858657244,0.13259104322044038,502.45887445887445,0.21035162013887929,188.87192118226602,-0.25883183035153334,530.8765957446808,0.12492921627538744,506.910447761194,0.14600679242609077,259.1344262295082,-0.06854836333637762,436.9604743083004,0.12422154336781396,561.8695652173913,0.2705060567293781,535.4196078431372,0.23913627485859895,382.995,0.09592627725007623,145.62845849802372,-0.24762867440601993,451.51630434782606,0.10939296459060266,489.2421524663677,0.15806177688143488,630.5769230769231,0.1660739687055478,455.46564885496184,0.08691830624660159,556.9668246445498,0.20324893594583324,517.5767634854772,0.19205462564328024,415.5248226950355,0.16463149190270135,369.79906542056074,0.1287065166231654,276.31018518518516,0.13864304533548044,402.90909090909093,0.09508967493937553,281.9260700389105,0.05718162717403969,467.0748898678414,0.031447544297591334,289.1411764705882,0.14520961571616967,574.1989528795812,0.232229511622655,549.4220183486239,0.056688002046784966,100.55868544600939,-0.4585459941402942,360.0774193548387,0.13867996609177038,386.6027397260274,0.012281381368455677,385.69741697416976,0.08657550537549462,210.57671957671957,-0.24867287376631997,374.7594202898551,0.09012235757551237,387.9767441860465,0.09509582006373765,491.7025641025641,0.2009072998560895,405.80973451327435,0.11830938515115151,356.087962962963,0.15916670811122813,53.31726907630522,-0.4638082698567839,466.7769516728625,0.2724788930225111,107.33211678832117,-0.15165938297780265,452.2875,0.17349001632414787,429.35675675675674,0.3433123572019275,533.3717948717949,0.2422464725929229,367.9655172413793,0.14738410494301257,353.11737089201876,-0.036886033093197365,618.8813559322034,0.375408462110725,537.1377245508982,0.16900244742212664,582.1575342465753,0.06872292671272909,403.6831275720165,0.14215887180155917,156.87867647058823,-0.1637957726330311,440.3478260869565,0.08850816154229212,375.68900804289547,0.20205941844246614,60.62020905923345,0.09305203902770025,212.72413793103448,-0.06856305959444965
76,213.74149659863946,-0.0309094245754832,295.83214285714286,0.13465200060271484,337.4110671936759,0.029226835011435647,313.9851851851852,0.05263419297962423,380.1976401179941,0.09268774887858938,167.40213523131672,-0.12647212844425135,258.64963503649636,0.004588475937079562,338.47417840375584,0.057638705513012166,404.48275862068965,0.07358703356624732,310.7328767123288,0.12158104682051435,373.0480349344978,0.01790399569141165,301.7220447284345,0.10239005457145377,450.26808510638296,0.12030348236056417,369.421686746988,0.08038875249841222,416.4,0.062177746083044806,433.74146341463415,0.12149992432268808,371.66990291262135,0.1228599167578383,318.4233870967742,0.12989766834930125,375.1354166666667,0.09969290964296273,425.08852459016396,0.09104097925413167,358.1463414634146,0.061900312697967134,380.67610062893084,0.1604910577336034,355.3347280334728,0.11200877822413814,338.7706766917293,0.22832844662721838,270.92537313432837,-0.13661536607755814,382.8285714285714,0.10503976057517672,440.8410852713178,0.1413831029901131,362.62380952380954,0.07528901101538987,454.048309178744,0.099992743802388,437.6599190283401,0.11029743301106884,429.99626865671644,0.09879516693745875,343.99612403100775,0.07895424677685052,382.41590214067276,0.16643285152489745,387.4124513618677,0.033728420082145875,466.5138339920949,0.08815264450557955,93.15686274509804,-0.4033599462509065,667.340206185567,0.28072281210842165,460.6949806949807,0.14054557307348928,404.50387596899225,0.1370899292764537,355.38327526132406,0.15596421775353425,381.6862745098039,-0.034197045434812376,244.60824742268042,-0.1777874036212423,326.85806451612905,-0.13535663146972138,117.25454545454545,-0.3010729381163975,425.6425992779783,0.21951799751758388,643.0075187969925,0.1634875512137915,472.65338645418325,0.1345583355169664,394.63250883392226,0.12360669690960606,484.9004329004329,0.16805584377258292,158.2807881773399,-0.3788770647876977,562.0765957446808,0.1910421167669963,498.2313432835821,0.1263853529244045,282.51475409836064,0.015491588344480202,436.39525691699606,0.12276733960030767,567.4347826086956,0.28309019162540544,510.57254901960783,0.1816320455387027,447.77,0.28127758629816735,139.9328063241107,-0.27705455325144723,466.20108695652175,0.14547404152128088,475.5336322869955,0.1256129922513531,601.4316239316239,0.11217796744112539,396.8587786259542,-0.052940496022836396,566.6919431279621,0.22425869442575874,462.8755186721992,0.06606969643394728,413.0177304964539,0.15760462282509963,358.36915887850466,0.09381997632393416,278.5833333333333,0.14801043194908436,398.3982683982684,0.0828294523022039,281.57587548638134,0.05586844869849408,475.726872246696,0.050553829331455316,272.63529411764705,0.07983430177021265,567.3455497382199,0.2175221256835452,679.9954128440367,0.30781615989624916,107.66197183098592,-0.4202986478185362,373.8516129032258,0.1822383715889025,415.95433789954336,0.08913566430890914,377.25830258302585,0.06280107863337077,362.3809523809524,0.2929569807217456,349.23478260869564,0.015874782467926656,427.1511627906977,0.20566879308401978,657.9794871794871,0.6070129118639098,388.9734513274336,0.07191283056783032,348.52777777777777,0.13455617395864874,69.04417670682732,-0.30564867244485006,470.6691449814126,0.28308938656754074,87.77007299270073,-0.30627551093995636,423.725,0.09938270937611487,422.3621621621622,0.32142863182746056,474.62393162393164,0.1054201038315762,601.5812807881773,0.8758409879880803,580.924882629108,0.5844501412389588,558.2542372881356,0.24067011328643675,641.3053892215569,0.3957082797932591,519.5410958904109,-0.04622812918476807,387.89300411522635,0.09748316365025092,140.09558823529412,-0.25325400651389196,473.14009661835746,0.16956829626834397,303.5951742627346,-0.028612946337429713,63.742160278745644,0.14934440751653907,194.61576354679804,-0.14785264561049302
77,413.9353741496599,0.8767570935301945,473.1607142857143,0.8147884333520539,490.85770750988144,0.4972950619055253,501.4185185185185,0.6810037622459242,571.0088495575221,0.6410790298938317,536.4519572953736,1.7992817164525554,453.478102189781,0.7612971906393387,525.8638497652582,0.6431798843998473,579.7432950191571,0.5387674037132669,575.1267123287671,1.0759027074734575,598.0349344978166,0.6318063422992324,481.1214057507987,0.7578544955788369,607.5787234042554,0.5117050978133474,562.777108433735,0.6458645497220364,604.8,0.5427596081436731,616.1317073170732,0.5930957065738358,565.9773462783171,0.7098863021962284,524.1129032258065,0.859769009763859,532.0590277777778,0.5597075465648527,610.8459016393442,0.5678096964403074,551.5073170731707,0.6352136673020903,570.2704402515724,0.7384693846248238,514.6694560669456,0.6106417636059857,339.99624060150376,0.2327721459114557,492.2985074626866,0.5688562563517972,558.7269841269841,0.6127728671415821,454.531007751938,0.17682772628562013,541.1952380952381,0.6048071777246532,622.4009661835748,0.5078495673199583,640.8663967611336,0.6258110105368461,621.3917910447761,0.5878795853452027,520.6046511627907,0.6328922334405184,577.7798165137615,0.7623256646941623,586.2256809338521,0.5642195929249847,667.4308300395257,0.5567954684584351,287.8529411764706,0.8436064637052342,634.0962199312714,0.21692277253841566,640.8146718146718,0.5864690689622869,560.468992248062,0.575519258574045,527.8954703832752,0.7170990222556688,561.2990196078431,0.4202875181404346,431.1185567010309,0.449138005717751,514.2290322580645,0.36029907448019505,297.75757575757575,0.7748636248690438,533.4584837545126,0.5284236657012826,795.8646616541354,0.44007433695018516,641.8286852589641,0.5406471331926883,672.2791519434629,0.9141285636817105,668.5324675324675,0.610399171603433,358.8374384236453,0.408144131605146,810.2765957446809,0.7169787161906276,688.8097014925373,0.5572387590072196,443.327868852459,0.5935299490291979,592.9683794466404,0.5256021217138048,765.9402173913044,0.7319530110369251,687.1882352941177,0.5903785695096894,612.82,0.7535621645828059,482.197628458498,1.4912140982836606,656.8858695652174,0.6139939028054306,635.7488789237668,0.5048508650886315,747.8931623931624,0.38301722775406993,736.9503816793894,0.7586504331478571,726.5308056872038,0.5695682044130731,667.2821576763486,0.5368479398315171,598.2553191489362,0.6767878760170079,531.1588785046729,0.6212114729080198,473.27314814814815,0.9503051554967105,572.6536796536797,0.5564482064423824,455.8832684824903,0.7094957394653901,651.9295154185022,0.4396644142522772,469.27450980392155,0.8586687914808621,766.717277486911,0.6453733530031045,821.045871559633,0.5790945623453333,291.83098591549293,0.5713516506017698,566.0064516129032,0.789893429821492,638.2146118721461,0.6711024070168389,565.8044280442805,0.5939677200044078,442.87301587301585,0.5801486079333078,523.4057971014493,0.5225137264424569,627.2054263565891,0.7703381736587539,700.4358974358975,0.7107061132521639,569.6592920353983,0.5698374840264161,505.99074074074076,0.6471425105156154,259.69477911646584,1.611652759715345,624.9739776951673,0.7037392108914131,277.65328467153284,1.1945393968240234,584.1083333333333,0.5155079404546977,615.7837837837837,0.9265795940179977,671.3846153846154,0.5636844284485777,596.1428571428571,0.8588829836256952,667.075117370892,0.8194215733226112,748.1949152542373,0.6627962821708054,740.7964071856287,0.6122360680690906,642.804794520548,0.18005897182806369,563.119341563786,0.593258939798988,330.9742647058824,0.7641790810787509,604.2705314009662,0.4937133017197218,515.6219839142091,0.6497907813403373,250.78745644599303,3.521986065125747,398.30049261083747,0.7440042103719237
78,530.8877551020408,1.40701187305592,463.7392857142857,0.7786529320712845,574.4505928853755,0.7522838551305807,497.3703703703704,0.6674323602816097,493.8879056047198,0.41943349150220316,573.1138790035587,1.9905887770981197,576.9416058394161,1.240826237520607,508.8356807511737,0.5899715400639614,502.7088122605364,0.3343007853853046,497.9931506849315,0.7974914182374662,512.8908296943231,0.3994809676212444,446.0447284345048,0.6296962091808448,583.131914893617,0.4508794572383571,533.4789156626506,0.5601807929909682,620.2739130434783,0.5822313806691458,529.8390243902439,0.3699737651985269,511.21035598705504,0.544428572964972,340.27016129032256,0.20741904467566355,493.18055555555554,0.44573702194622167,385.2327868852459,-0.011253579594271994,606.1268292682927,0.7971599735031137,590.0974842767296,0.798912126510829,437.2092050209205,0.3682323610594626,433.6127819548872,0.5722107949178254,509.0,0.6220805514905814,574.7301587301587,0.6589662433724737,524.7868217054264,0.35872728513453306,603.947619047619,0.790886921748511,469.9903381642512,0.13861444076953147,528.6234817813765,0.3410624764412801,539.1753731343283,0.3777870584376455,508.5658914728682,0.5951322995751096,462.35168195718654,0.4102504309412054,530.4980544747082,0.41552217483211584,546.901185770751,0.27565771520028315,531.3186274509804,2.402926688371422,684.487972508591,0.31363186704477986,549.1428571428571,0.35951655855762843,527.5348837209302,0.48293907489548354,511.62717770034845,0.6641827329013746,627.3725490196078,0.587477208171568,543.4123711340206,0.8265962054925063,466.0290322580645,0.2327947694392437,484.91515151515154,1.8904663848849395,708.5018050541516,1.029944145635085,571.9661654135339,0.03494203989897036,552.0557768924302,0.32515602615769207,530.7950530035336,0.5112918041231407,617.6623376623377,0.48786029880255805,568.64039408867,1.2314495317076002,607.3914893617022,0.2870645222955209,576.7835820895523,0.303973721105617,616.8491803278689,1.2172475766771755,497.3359683794466,0.27955694580599505,502.4619565217391,0.13617287455313398,552.2941176470588,0.27818941544627473,297.715,-0.1480993442956007,749.0553359683795,2.8699012670893707,638.4728260869565,0.5687523452032333,650.3139013452915,0.5393270353465659,586.982905982906,0.08545914335388034,715.4427480916031,0.7073248485963571,412.5876777251185,-0.10866202035653111,655.643153526971,0.5100416190826604,590.2092198581561,0.6542362976052989,463.64953271028037,0.4151583871749889,311.52777777777777,0.2837707642146756,606.1601731601731,0.6475174225764587,549.1167315175097,1.0591076222715066,683.7180616740088,0.5098634737249671,342.6745098039216,0.35724059948339704,590.869109947644,0.268003626848114,749.454128440367,0.4414041650308562,556.0046948356808,1.9937838582547784,569.7935483870967,0.8018694410752701,671.9589041095891,0.7594585288167692,564.1623616236162,0.5893417384126958,650.021164021164,1.3192427640471502,734.7826086956521,1.1373790926383098,597.1860465116279,0.6856060398859148,566.2923076923076,0.38308118730531676,582.8053097345132,0.6060645966852982,447.662037037037,0.4572661358748643,350.87951807228916,2.5286633979272857,558.3271375464684,0.522053510532967,387.1715328467153,2.060158943071842,629.65,0.6336688252018896,313.63243243243244,-0.018749989430194222,719.2222222222222,0.6751003280568204,461.5665024630542,0.439249178212651,693.62441314554,0.8918337503489357,602.1737288135594,0.338277255134616,605.2215568862275,0.3171770458389912,613.2431506849315,0.12578980126871148,547.7283950617284,0.5497126410015182,488.16911764705884,1.6020686114279221,539.5555555555555,0.3337425349562876,528.1206434316354,0.6897816542942578,239.38327526132403,3.3163555717507807,574.551724137931,1.5157403632739959
79,538.8911564625851,1.4432987941885407,404.4392857142857,0.5512102242373599,515.098814229249,0.5712392800174579,532.3148148148148,0.7845834833678929,512.2743362831858,0.4722760802719024,566.7722419928825,1.957497223800663,469.68978102189783,0.824262930869514,516.1173708920188,0.6127248188246339,482.33716475095787,0.28022991053949875,582.2739726027397,1.1017005301718332,492.31004366812226,0.3433239519859303,392.1821086261981,0.43290045816674955,522.4170212765957,0.299815882003551,446.6686746987952,0.30630071149141885,557.7565217391304,0.42275832162341115,475.33658536585364,0.22904999747742288,441.0129449838188,0.33235366870714617,457.01209677419354,0.6216676396186028,412.71180555555554,0.20984643446414888,428.6360655737705,0.10014617114899614,520.0926829268293,0.5420695919305989,542.5911949685535,0.6540892079268669,458.68619246861925,0.4354439131186267,301.7481203007519,0.09409056150093435,477.35820895522386,0.5212445321034297,480.05396825396826,0.3856821609813046,478.1007751937984,0.2378522886468823,464.65238095238095,0.37783451074639457,440.30434782608694,0.06669615959889605,596.4048582995952,0.5130167383741889,510.55970149253733,0.30466372228197464,382.7751937984496,0.20058597192927008,520.5076452599388,0.5876359050511533,526.6692607003891,0.40530584614873494,587.0711462450593,0.3693549338781409,617.6960784313726,2.9561467676764512,618.6769759450171,0.18733100309965026,497.02702702702703,0.230493057507126,521.7519379844962,0.46668279220177844,467.7526132404181,0.5214708212395038,565.8088235294117,0.43169893700152534,534.4072164948453,0.7963267781339339,444.63548387096773,0.17620204081980936,522.7636363636364,2.11607239622846,531.3826714801444,0.5224762101779066,525.4436090225564,-0.04923802585331375,538.1593625498008,0.2917990394564954,575.2155477031802,0.6377668516858473,496.23376623376623,0.19535622408001976,528.0443349753695,1.0721431263954535,594.4595744680851,0.2596617529837369,527.9365671641791,0.1935419650795742,560.8885245901639,1.0160985239091367,523.399209486166,0.34661302722513526,447.0271739130435,0.010823093362237392,571.4627450980392,0.32255189538877066,283.585,-0.18853182591427345,651.5612648221344,2.366210269447933,637.3532608695652,0.5660015303077042,579.7892376681615,0.3723914658741109,722.1111111111111,0.3353406037616565,588.2748091603054,0.4038526523076477,506.87203791469193,0.09502615469202569,724.5186721991702,0.668671964220013,545.0886524822695,0.5277725321973725,618.6448598130842,0.8882375593684482,527.3055555555555,1.1729665998294414,539.7272727272727,0.4669556408201878,415.82101167315176,0.5592681218629623,684.5859030837005,0.5117799391789749,606.6901960784314,1.4029349772685271,667.0,0.43138032580960844,669.3577981651376,0.2873571330895425,595.8215962441315,2.2081762866452803,556.0774193548388,0.7584946541493207,639.433789954338,0.6742947053281492,675.210332103321,0.9021828395834328,455.9470899470899,0.6267962455353436,514.9130434782609,0.4978095026103849,597.5930232558139,0.6867547647466183,513.0974358974358,0.25316095805053257,549.29203539823,0.5137104562348187,484.5740740740741,0.5774252227080026,465.06024096385545,3.6769360010985555,560.8773234200744,0.5290055626551164,383.3211678832117,2.0297261044524255,579.4291666666667,0.5033675311618252,449.2162162162162,0.40544590204411607,674.4401709401709,0.5708009523202852,486.55172413793105,0.5171576910079569,605.7793427230047,0.6522397195196593,614.0974576271186,0.3647766759894905,437.94610778443115,-0.046873737518538204,665.0958904109589,0.22098089388214417,523.6995884773662,0.48172685525862274,519.0735294117648,1.7667971796650563,608.2705314009662,0.5036010140876019,492.89276139410185,0.5770660664318567,238.60278745644598,3.302282479628571,476.95566502463055,1.0884048686739272
80,547.6190476190476,1.4828705067369063,399.4142857142857,0.5319370436831362,477.1660079051383,0.45553038368283894,506.89629629629627,0.6993679923513415,468.7669616519174,0.3472359163437305,533.5551601423488,1.7841658217364338,495.2335766423358,0.9234743707324125,507.63849765258215,0.5862306721826128,467.2068965517241,0.24007081993086826,527.1506849315068,0.9027346680956214,479.1484716157205,0.3074111055770957,387.10543130990413,0.4143520004669216,535.9744680851064,0.33354790826498176,448.4277108433735,0.31144508426112627,456.10434782608695,0.16345794465079289,471.5170731707317,0.21917410826900757,427.36245954692555,0.29111389432332285,468.5766129032258,0.662703318338427,372.78472222222223,0.09280195267530948,420.9573770491803,0.08043789072591599,459.81951219512194,0.3633602448358551,521.566037735849,0.5899940180379164,438.56066945606693,0.3724617262094938,382.4172932330827,0.38658411745542315,502.50248756218906,0.6013742871321506,506.768253968254,0.4627933018229936,451.2480620155039,0.16832784068785844,496.3142857142857,0.4717216118250583,428.19323671497585,0.03735537344840257,444.7651821862348,0.12832274239419245,484.2425373134328,0.23741389963157067,461.8720930232558,0.4486757885395075,494.86238532110093,0.5094135468513309,509.26070038910507,0.3588547744724679,558.9881422924901,0.303850777752373,481.5833333333333,2.0843879604542304,535.9106529209622,0.028490404273560536,589.3590733590734,0.45908010774580704,509.18992248062017,0.43137004943348156,453.0696864111498,0.4737112917173371,587.3088235294117,0.4861016360501603,506.25773195876286,0.7017066620462618,531.5290322580645,0.4060630677832749,519.5090909090909,2.0966728080632926,528.7292418772563,0.5148738105088955,501.4436090225564,-0.09266473613715873,513.0677290836653,0.23156902161127252,582.9328621908127,0.6597397658435875,547.6233766233767,0.31914645121125873,509.3694581280788,0.9988594736180784,552.6978723404255,0.17116857166559074,599.3358208955224,0.3549590952879866,548.7770491803278,0.9725641554462156,525.8260869565217,0.35285695109400883,570.6358695652174,0.290328527029468,586.7019607843138,0.3578204299748056,506.04,0.4480150741905993,542.600790513834,1.8032795254285745,377.19565217391306,-0.07321574267328453,544.7354260089686,0.2894172593142976,707.8247863247864,0.30892207997471177,648.5763358778626,0.5477555645222258,269.81516587677726,-0.4171020662667441,805.0414937759336,0.8541277433473979,580.2765957446809,0.6263971741450975,544.1542056074767,0.6608760144338426,400.5787037037037,0.6507395656661437,531.6363636363636,0.44496489599401345,410.52918287937746,0.5394245360102718,528.1806167400881,0.16638811441201504,605.2117647058824,1.3970793124175824,727.8638743455498,0.5619940473849729,698.2706422018349,0.342964397411523,400.09859154929575,1.1543140124828415,548.2645161290322,0.7337877552935702,590.2009132420092,0.5453832431837855,402.0332103321033,0.1325962256148397,602.5873015873016,1.1500011326824189,496.8898550724638,0.44538258664184444,655.1395348837209,0.849184460050084,620.4205128205128,0.5152809385618721,558.2035398230089,0.5382683171890394,472.68055555555554,0.5387084668978518,455.65060240963857,3.5823068037706287,600.553903345725,0.6371677380191112,455.7883211678832,2.6024980889331206,512.575,0.3299099469194928,586.8378378378378,0.8360175002156244,620.5384615384615,0.44526148995126913,451.0689655172414,0.4065159288501123,555.3098591549295,0.514586155764931,597.792372881356,0.32854008343456603,528.5748502994012,0.15036659203636452,683.4965753424658,0.25476081202572626,502.4897119341564,0.421716795364997,383.73161764705884,1.0453895205508983,578.9371980676328,0.4310911233898136,473.5254691689008,0.5150982272600161,253.37282229965157,3.568603182780567,532.2512315270936,1.3305228237963669
81,513.578231292517,1.3285315748647142,384.85357142857146,0.47609002369765624,473.00395256916994,0.44283459668269787,501.8703703703704,0.6825185939381899,461.3598820058997,0.32594797467828596,478.6405693950178,1.4976137684631181,467.6861313868613,0.816480807639805,496.62910798122067,0.55182935774433,464.7547892720307,0.2335623828608447,453.9178082191781,0.6384027847309525,458.51528384279476,0.2511111058154027,390.71246006389777,0.42753086059474144,525.8595744680852,0.3083812333047117,437.46385542168673,0.27938084302527866,451.2,0.15094764417067683,486.22439024390246,0.2572019575198023,412.3948220064725,0.24589484346386764,472.6209677419355,0.6770543593969988,391.25694444444446,0.14695245646838942,415.81639344262294,0.06724293611302551,422.22926829268295,0.2519055484363654,506.6446540880503,0.5445061813608196,426.6610878661088,0.33522236247361575,515.1541353383459,0.8678667380929985,497.7960199004975,0.5863757219843133,448.15238095238095,0.29359780515027284,497.45348837209303,0.28795846195222397,480.98571428571427,0.4262677723947351,425.65700483091786,0.031211012567266046,457.03643724696354,0.1594536328444759,478.7761194029851,0.22344523520751836,461.72093023255815,0.4482016618747456,484.15290519877675,0.47674783036960194,495.147859922179,0.3211976361242738,534.9249011857708,0.24772279710583175,491.0735294117647,2.1451696455762175,353.0446735395189,-0.32245597836839685,594.6100386100386,0.47207995671814984,490.4922480620155,0.37880952147474545,451.03484320557493,0.4670925054712657,553.9411764705883,0.40166954019424217,437.2680412371134,0.46980854197349037,466.758064516129,0.23472329125287344,482.57575757575756,1.8765218019580219,547.4945848375452,0.5686388084402155,499.2857142857143,-0.09656933070215362,502.47410358565736,0.20614005726537746,554.8303886925795,0.5797257611290696,551.6233766233767,0.32878187955506,524.0246305418719,1.0563690666048078,540.9787234042553,0.1463356573238163,607.0111940298508,0.3723113313391341,541.6688524590164,0.9470139359476742,517.7588932806324,0.33210149732141775,574.7065217391304,0.2995331335110347,539.2039215686275,0.24789441584560987,488.915,0.3990125088884216,517.8142292490119,1.6752228382393484,395.58152173913044,-0.02804095242292035,529.1479820627802,0.2525209638042667,714.457264957265,0.32118697645013455,611.824427480916,0.4600512071759271,282.6777251184834,-0.38931430578208626,834.551867219917,0.9220944289680286,499.4255319148936,0.3997881006382823,558.5046728971963,0.7046767361259682,368.4675925925926,0.5184133058861915,514.7835497835498,0.39915966880926423,407.408560311284,0.5277226567059644,567.6563876651983,0.25356297194177874,571.4941176470588,1.2635328763740237,708.738219895288,0.5209504409406885,683.2339449541284,0.3140447381306326,385.52582159624416,1.075847546532586,513.8225806451613,0.6248713394872758,566.2648401826484,0.48270898195574297,465.619926199262,0.3117308655887264,586.5449735449736,1.0927629144673754,494.8521739130435,0.43945525921728934,646.1782945736434,0.8238906326410712,575.8564102564103,0.40644002540038804,538.0088495575221,0.4826168388399519,456.48148148148147,0.4859759139279345,458.6425702811245,3.61239589980533,569.3977695167287,0.5522331187250383,442.53284671532845,2.4977283544632427,513.0833333333334,0.33122885157998294,556.3945945945947,0.7407708686012517,572.4230769230769,0.3331986336274165,429.5665024630542,0.33946729747165993,532.131455399061,0.45136795629915494,560.0127118644068,0.24457816575792676,477.3952095808383,0.038981517923001155,621.1438356164383,0.14029385322427507,487.4115226337449,0.3790553946179568,371.86764705882354,0.9821514656256983,546.4734299516908,0.3508430230128148,461.88739946380696,0.4778609086214556,248.68641114982577,3.4841018037431915,500.99014778325125,1.1936425972300415
82,530.4727891156463,1.405130443230939,382.01428571428573,0.46520006027149563,428.0513833992095,0.30571286301450773,499.25555555555553,0.6737524367681934,489.2507374631268,0.40610627354199647,440.1459074733096,1.296743211774799,459.9124087591241,0.7862878705190774,438.2957746478873,0.36955373646686007,477.6551724137931,0.2678028635089222,482.986301369863,0.7433246434103066,430.77292576419217,0.17541292624163846,388.444089456869,0.41924300347272897,439.15744680851066,0.09265931394606479,445.95180722891564,0.3042042034106133,534.7782608695652,0.3641440148526546,440.8292682926829,0.13982644669794658,406.8705501618123,0.22920534728719938,485.8709677419355,0.7240708309009535,446.1458333333333,0.30785681059639824,438.84262295081965,0.12634253193338896,478.08780487804876,0.4175255495355811,327.5377358490566,-0.001501242407509586,428.45188284518827,0.34082659864765075,527.2218045112782,0.911622181965396,470.65671641791045,0.4998882242237924,451.9301587301587,0.30450241092586516,502.31007751937983,0.30053267287783836,470.6380952380952,0.395583959694489,452.22705314009664,0.09558050751250527,522.2024291497976,0.3247729375913462,401.4776119402985,0.02591973881934769,493.55426356589146,0.5480478746360471,473.3119266055046,0.4436810214239342,504.17898832684824,0.34529529758172023,489.77470355731225,0.14240907783424167,504.8578431372549,2.2334537873959635,335.0927835051546,-0.35690826353623967,628.6061776061777,0.55624442010159,491.5658914728682,0.3818276114922765,453.76655052264806,0.4759779993358547,552.4754901960785,0.39796082906438757,440.3144329896907,0.4800485142510612,477.90645161290325,0.2642143150931578,473.1757575757576,1.8204905892128178,509.54512635379064,0.4599089780719903,468.0263157894737,-0.15313153245813274,469.1394422310757,0.12612345527887708,516.8409893992933,0.4715614753644797,564.8787878787879,0.36071227088484287,517.832512315271,1.032070055383188,577.204255319149,0.22309767612974446,594.4776119402985,0.3439758131593557,534.8360655737705,0.9224536696031351,507.0513833992095,0.3045529797957201,470.8804347826087,0.06476036685702609,481.15294117647056,0.1135454406842421,514.395,0.47192260313072737,508.5177865612648,1.627193922871933,610.9510869565217,0.5011303712665367,541.3049327354261,0.28129710221844806,527.8205128205128,-0.023944997629208067,597.3282442748092,0.4254576721046589,467.06635071090045,0.009031534091199828,576.9792531120332,0.32886720597862223,498.5744680851064,0.39740274196978953,567.9485981308411,0.7335016330780311,265.18518518518516,0.09279817765220112,495.87012987012986,0.34775380249275506,387.1400778210117,0.4517188047157696,817.3083700440528,0.8048726863786978,579.2980392156862,1.2944420887172057,381.34031413612564,-0.1816446430397212,678.2293577981651,0.30441955561829226,562.5586854460093,2.0290735446164265,542.6193548387097,0.7159359497619588,600.8219178082192,0.5731933026298798,482.1549815498155,0.35831294089762755,417.35449735449737,0.48909981952593495,507.5420289855073,0.47636825987831705,719.5813953488372,1.0310768365648966,535.5897435897435,0.30809493332398125,511.79646017699116,0.41038209788026875,435.85185185185185,0.4188206535581285,458.7831325301205,3.6138094814982353,562.7806691449814,0.5341942662798109,391.94160583941607,2.097861047408882,539.6,0.40002810780424,399.23243243243246,0.24906351522982179,546.1623931623932,0.2720363410516928,497.74384236453204,0.5520567724493873,580.3145539906103,0.5827854934912271,556.707627118644,0.2372329105103068,474.0658682634731,0.03173568883594967,613.1267123287671,0.12557604410941836,474.99588477366257,0.34392727069497087,454.2720588235294,1.4213884544987794,485.2512077294686,0.19950609204887026,469.73994638069706,0.5029860194927626,237.33797909407664,3.279476531234097,511.1773399014778,1.2382483817461398
83,524.9353741496599,1.3800241501566057,399.1,0.5307316137692971,398.1106719367589,0.21438277134682623,495.3037037037037,0.6605038677874766,457.60766961651916,0.3151641189242257,392.8932384341637,1.0501721429287698,449.54744525547443,0.7460306210247736,456.943661971831,0.4278232549951587,473.57471264367814,0.25697241744708593,470.708904109589,0.6990097443333173,445.26637554585153,0.21495995252927003,381.297124600639,0.3931304170192899,453.34893617021277,0.12796888945826534,434.17469879518075,0.26976157065452455,529.8826086956522,0.35165589575636846,419.89268292682925,0.08569194288885522,437.3495145631068,0.3212860004751671,483.1008064516129,0.7142411547222509,447.86805555555554,0.31290542899515156,428.1967213114754,0.09901854109917001,465.9560975609756,0.3815551589379259,328.3867924528302,0.001087106570955367,409.60669456066944,0.281851178722758,496.0,0.7984168980525417,451.71144278606965,0.4395134503517369,436.1777777777778,0.25903295390192466,468.1085271317829,0.21198132634342334,482.0,0.4292754355816438,472.4975845410628,0.14468858038345486,503.64777327935224,0.27770171656407816,389.339552238806,-0.005097370649213724,485.9496124031008,0.5241956562703253,453.28134556574923,0.38258437866113465,451.0739299610895,0.20359564933905341,462.7470355731225,0.079366513500955,547.906862745098,2.5091690553408452,330.0446735395189,-0.3665963199894481,636.1274131274131,0.574864792011975,484.4186046511628,0.3617360663936221,434.08710801393727,0.41196617618891657,554.7745098039215,0.4037781719403131,451.8814432989691,0.5189292211730053,482.3516129032258,0.2759731781868822,522.3333333333334,2.1135074599906076,493.72202166064983,0.4145738518824992,445.26691729323306,-0.19431344098858352,449.34661354581675,0.07861270128474139,491.56890459363956,0.399606218012759,544.8095238095239,0.31236828192178817,512.1477832512315,1.0097621325910249,537.1872340425532,0.13830147915441865,588.0410447761194,0.32942422969400365,489.6032786885246,0.7598656492148141,475.3833992094862,0.22307689178690135,461.85869565217394,0.044360304427919446,468.4549019607843,0.08415802046046936,526.695,0.5071186062382771,505.92490118577075,1.613798102939525,580.1521739130435,0.42545625469875253,502.5829596412556,0.1896401655875171,504.34615384615387,-0.0673541963015646,591.7977099236641,0.4122596646485588,463.73933649289097,0.0018439851375410855,527.3485477178423,0.2145604671276145,478.3262411347518,0.3406510836485653,539.2056074766355,0.6457718254817222,272.30555555555554,0.122140419223938,480.004329004329,0.30463123438792433,382.591439688716,0.43466207540562607,669.7709251101321,0.479063830946345,529.2980392156862,1.0964056779757108,388.6387434554974,-0.16598223203963017,639.394495412844,0.22972955089833563,566.1408450704225,2.048361532219534,507.6161290322581,0.6052445544342354,552.9132420091324,0.44774913078619005,483.05535055350555,0.36084943417488086,416.1216931216931,0.4847012361340796,465.51014492753626,0.35410343059883725,704.6744186046511,0.989000685952845,526.1897435897436,0.2851368903061447,506.7300884955752,0.396420453991201,429.56944444444446,0.3983696463045767,452.1847389558233,3.5474519180284174,564.3382899628252,0.5384404905351761,365.521897810219,1.889042735782384,506.4,0.31388849850271877,400.65945945945947,0.25352820108674545,529.0,0.232064369207249,492.5418719211823,0.5358360726244972,517.1971830985915,0.41063530641043017,506.8474576271187,0.12642314320422635,429.58682634730536,-0.06506650263638726,628.8082191780821,0.1543641038859792,471.2510288065844,0.33333178088061316,452.2977941176471,1.4108651091331668,497.2995169082126,0.22928864596854817,453.02949061662196,0.4495190286901486,241.73867595818814,3.3588261533338777,470.1527093596059,1.058617350097171
84,364.0646258503401,0.6506462403017688,449.275,0.7231757599002778,392.4189723320158,0.19702101134663338,356.3740740740741,0.19474278902864525,250.78171091445427,-0.27925354014824405,472.4555160142349,1.465339290555723,406.2335766423358,0.5778006784197044,392.0469483568075,0.2250388756858256,379.1034482758621,0.006224709891502462,468.20205479452056,0.6899613465301498,452.9650655021834,0.23596670376310383,446.13418530351436,0.6300230542504451,432.8723404255319,0.07702145996359983,438.31626506024094,0.28187374969279094,499.03913043478263,0.27297852731138345,375.609756097561,-0.028807830079208882,478.70873786407765,0.44623723722842934,481.4233870967742,0.7082889781715372,453.05555555555554,0.32811235618817064,424.80655737704916,0.09031727638633272,429.89756097560974,0.27464195938108343,394.05974842767296,0.20129110681636916,410.77824267782427,0.28551750145343524,499.2105263157895,0.8100577544597155,432.90547263681594,0.3795826086405053,404.02222222222224,0.16621551532967654,422.17054263565893,0.09304313967911174,451.5809523809524,0.3390737809432765,440.5169082125604,0.06721111555845802,484.63157894736844,0.22945962073927392,427.2089552238806,0.09167257831987019,436.4922480620155,0.36907113723535534,497.348623853211,0.5169969927392936,437.63035019455253,0.1677242920208812,420.3517786561265,-0.019521252664419616,463.5637254901961,1.9689781079188868,463.6872852233677,-0.11011673151750978,494.27799227799227,0.22368725422160532,453.80232558139534,0.27567147055074137,418.05923344947735,0.3598319009630108,530.8480392156863,0.3432356333957653,462.0103092783505,0.5529758295070606,540.4677419354839,0.42970879320614186,456.93939393939394,1.7237094035620102,296.98194945848377,-0.149110467521721,498.8872180451128,-0.09729038823506207,446.78884462151393,0.07247302655361508,513.9469964664311,0.46332163255532693,519.7532467532468,0.25201129138724093,472.2857142857143,0.853336039667121,418.131914893617,-0.11397712558565634,660.0522388059702,0.4922248147941946,529.5967213114754,0.9036209893638966,428.8339920948617,0.10331355073849162,389.3097826086956,-0.11968814940710804,556.8549019607843,0.2887445635995324,250.94,-0.2819443073326437,473.14624505928856,1.4444512512635157,530.4891304347826,0.3034322424883392,478.6322869955157,0.13294767009871544,612.474358974359,0.13259838786154593,652.2557251908397,0.5565360194481613,451.4691943127962,-0.02466394113172162,442.31120331950206,0.018707084800672964,619.5886524822695,0.7365808666405603,437.6775700934579,0.33588635488425816,505.02314814814815,1.0811433171995524,408.3982683982684,0.11000902455927324,460.0933852140078,0.7252830629158397,506.9955947136564,0.11960495518194768,456.3450980392157,0.8074589055032381,464.94240837696333,-0.0022347586426959476,568.394495412844,0.0931772365756935,531.830985915493,1.8636215408650019,399.43225806451613,0.26313255322643325,424.1826484018265,0.11068068886688949,480.0959409594096,0.35251227184554834,580.3333333333334,1.0706000951453236,487.3159420289855,0.4175334223697168,559.5891472868217,0.5794857432304547,386.5282051282051,-0.055964770112711164,445.2212389380531,0.22691756167510452,310.64351851851853,0.011232229702337565,386.08032128514054,2.8826646418791753,475.6022304832714,0.29653745240732543,287.2883211678832,1.2706936091038903,516.7166666666667,0.340655776694306,289.4918918918919,-0.09427759184315401,523.1538461538462,0.2184484186387234,444.09852216748766,0.38478080550520727,512.7699530516431,0.3985602077480387,460.72033898305085,0.023909747530393308,602.0898203592815,0.31036127495314964,439.4417808219178,-0.19327419385259567,448.9012345679012,0.27009650046107825,332.81617647058823,0.773996950777395,284.9178743961353,-0.2957035023757974,452.1367292225201,0.44666253776486864,211.42508710801394,2.812237307515911,434.679802955665,0.9032951768377779
85,146.07823129251702,-0.3376904369389445,202.71428571428572,-0.22249770557374357,264.45454545454544,-0.19331716921325925,223.18148148148148,-0.25178489389969827,265.00294985250736,-0.23838170949547322,61.170818505338076,-0.6808020709147159,181.5182481751825,-0.29498783068708073,244.3755868544601,-0.2363935099609777,286.08429118773944,-0.24066878258667662,266.49657534246575,-0.0380885630476783,411.7991266375546,0.12364075714861054,205.63258785942492,-0.24868824233227296,331.53617021276597,-0.17511114310912723,274.3042168674699,-0.19778615793752932,370.1391304347826,-0.05582721589251793,309.99024390243903,-0.19847636345290345,263.6084142394822,-0.20360696480931226,236.0241935483871,-0.1624886965878003,247.48611111111111,-0.2745053931662473,346.9934426229508,-0.10939946967727067,251.40975609756097,-0.25457259307899033,267.0188679245283,-0.1859930057058715,234.44351464435147,-0.26631644555248857,154.00375939849624,-0.4416069288994484,298.1393034825871,-0.04989004751659594,288.9111111111111,-0.1660542371266089,304.1046511627907,-0.21264164803448937,284.92857142857144,-0.15510081319869926,307.6280193236715,-0.2547299875240216,318.67206477732793,-0.19156230645901787,341.94776119402985,-0.12620044699726143,272.25581395348837,-0.14606140548163363,249.27217125382262,-0.23967793207918878,289.7198443579766,-0.2269436980618047,333.4308300395257,-0.2222660658047101,73.03921568627452,-0.5322070721499951,359.8487972508591,-0.3093978764096816,373.03088803088804,-0.07648499377727819,256.7093023255814,-0.27837140811877115,219.77003484320556,-0.28514841834809146,347.4117647058824,-0.12092382877910227,229.61340206185568,-0.228190245170233,390.1322580645161,0.032023702045086345,140.9939393939394,-0.1595679346844405,292.86281588447656,-0.16091228796028118,420.98496240601503,-0.238250333489109,292.7250996015936,-0.29734196075581115,261.0883392226148,-0.25662331442898106,300.969696969697,-0.2750070127982264,209.0295566502463,-0.17972955993079517,531.7106382978724,0.12669655513195546,345.4365671641791,-0.21904814929165406,310.4131147540984,0.11577148581361799,285.0790513833992,-0.26654233054966864,200.57608695652175,-0.5464549975851734,336.9372549019608,-0.22021687516790223,110.89,-0.6826922939352709,320.1106719367589,0.6538119888504302,316.8478260869565,-0.22149267762452443,321.66367713004485,-0.238605243604713,443.46581196581195,-0.17993519835625094,409.8893129770992,-0.021844569552770556,301.70142180094786,-0.34821626945731965,414.7136929460581,-0.044853998728969294,284.3829787234043,-0.2029324009231337,212.9626168224299,-0.34999215552037427,347.13425925925924,0.43050105025383545,277.67965367965365,-0.2452785788495864,169.5953307392996,-0.3640422551651688,399.6167400881057,-0.11752116381012775,105.44313725490196,-0.5823683912143282,334.5811518324607,-0.28198968797645924,382.0642201834862,-0.26518657062069634,311.1455399061033,0.6753500529598087,295.26774193548385,-0.0662689624428616,292.95433789954336,-0.23292777992988908,257.5793357933579,-0.27435501342054436,388.14285714285717,0.3848741589833046,282.06666666666666,-0.17950780417391773,295.50387596899225,-0.16591634876162004,303.24615384615385,-0.2593682718092015,277.9380530973451,-0.23407275174855882,216.82407407407408,-0.29417651163386527,135.05220883534136,0.35816929054354235,289.6802973977695,-0.2103036303697256,140.03649635036496,0.10683224438579035,288.35833333333335,-0.25183511529605085,142.89729729729729,-0.5529225935089556,290.7008547008547,-0.3229448673440139,153.51231527093597,-0.5213203895425639,287.9389671361502,-0.21465760756825708,317.41525423728814,-0.2945729864112778,251.8323353293413,-0.45192340272474457,332.2671232876712,-0.3900250850313407,240.62962962962962,-0.3191757407528155,190.89705882352942,0.017531070324166183,269.97584541062804,-0.33263912357610365,238.51206434316353,-0.23685370820559196,62.958188153310104,0.13520848909021235,320.57635467980293,0.4036801929178611
86,157.5,-0.28590485208414623,190.28571428571428,-0.2701669794392012,246.42687747035572,-0.2483081326583147,236.4,-0.20746985857431985,256.3126843657817,-0.26335752635982973,281.9644128113879,0.4713299387564855,179.17518248175182,-0.30408823708684946,217.7793427230047,-0.31949945720740547,261.6360153256705,-0.3055599340613969,272.736301369863,-0.015566458133236415,249.06550218340612,-0.3203964473210732,195.9808306709265,-0.2839524907345259,272.07234042553193,-0.32306197015785015,272.71084337349396,-0.20244604354570617,311.2608695652174,-0.20601736580540056,225.19024390243902,-0.41773876191917664,247.1359223300971,-0.25337236348490744,249.32258064516128,-0.11530052768334423,243.91319444444446,-0.2849792406104351,364.67868852459014,-0.06400815259695732,247.390243902439,-0.26649040644950417,266.1352201257862,-0.18868680593901455,221.82008368200837,-0.30582107297553507,119.2593984962406,-0.5675844405096351,238.9402985074627,-0.23854536114674021,236.3111111111111,-0.3178848363667686,312.6046511627907,-0.1906342700936494,243.86666666666667,-0.2768617505729387,296.44444444444446,-0.2818236931236994,341.2712550607287,-0.13423052470597185,374.5970149253731,-0.04276985743380845,178.10852713178295,-0.4413572179706163,256.2507645259939,-0.21839204829526382,253.84046692607004,-0.3226802496771059,302.8142292490119,-0.29367988612141643,312.8529411764706,1.0037235061236922,474.78350515463916,-0.08882147332322114,309.3281853281853,-0.23419419097925187,252.1201550387597,-0.29127183620814584,218.77351916376307,-0.28838981024257165,312.48039215686276,-0.2093127100879424,269.60309278350513,-0.09377111669410039,410.71290322580643,0.08646604350949995,293.1636363636364,0.7474802210902788,314.5812274368231,-0.09868638808440205,251.06015037593986,-0.5457201494085627,299.62549800796813,-0.2807782276805609,309.29328621908127,-0.11937308780815163,382.73160173160176,-0.0780542691517174,297.3645320197044,0.16691313635089555,258.9617021276596,-0.45125931910565437,315.4440298507463,-0.28685431038991477,303.3606557377049,0.09042161397719586,296.8498023715415,-0.23625828285992045,275.7391304347826,-0.3764954413233988,294.4392156862745,-0.3185712522417211,309.815,-0.11347563392150718,296.699604743083,0.5328616207716891,345.5271739130435,-0.15102641449973214,294.54260089686096,-0.3028022502919013,260.2692307692308,-0.518705547652916,319.26335877862596,-0.23811336806045755,247.39336492890996,-0.4655412316510169,250.31535269709545,-0.4234873064187041,279.5851063829787,-0.21637986041676188,284.63084112149534,-0.13124527548386175,98.58796296296296,-0.5937301467684423,277.034632034632,-0.24703172009041036,165.19844357976655,-0.3805299404692425,411.4185022026432,-0.09145917928582939,288.3176470588235,0.14194783953925097,323.4450261780105,-0.3058877856788936,343.0275229357798,-0.34026475868670514,307.81220657277,0.6574018600394861,264.72903225806454,-0.16284212985301333,242.19634703196348,-0.3658326040067528,374.9520295202952,0.056303913476471915,262.42857142857144,-0.06366807874408151,276.0695652173913,-0.196952527419159,278.28682170542635,-0.21451288048775968,296.6051282051282,-0.2755879475910337,272.7079646017699,-0.24848555792923832,210.70833333333334,-0.3140849719005874,207.78313253012047,1.0895968465011834,266.13011152416357,-0.274503703538554,131.2007299270073,0.03699537017004901,296.8375,-0.2298353531313176,229.0810810810811,-0.28328262645292523,250.75213675213675,-0.41598719622893915,266.7487684729064,-0.16822831863844417,293.7887323943662,-0.19870259915538338,306.0508474576271,-0.31982936407040147,274.8922155688623,-0.40173691385021987,303.0513698630137,-0.4436592710880869,226.07407407407408,-0.36035843028400577,242.57720588235293,0.2929997217290425,260.6231884057971,-0.35575821916090566,250.67828418230562,-0.19792651355417823,48.1602787456446,-0.13161482449471942,229.4630541871921,0.004730197555309761
87,423.80272108843536,0.9214950273192861,378.5285714285714,0.451830746681643,481.2213438735178,0.4679006376829765,443.4185185185185,0.486558972894446,420.51917404129796,0.2085718088646348,474.5729537366548,1.4763883782167704,416.2043795620438,0.6165270184261966,413.44600938967136,0.29190505530616423,417.5249042145594,0.10820378323243574,354.5513698630137,0.27974259038817884,449.65502183406113,0.22693487311350313,382.37699680511184,0.3970759039308958,465.63829787234044,0.15854581721815603,365.2198795180723,0.06810039631049804,511.0,0.3034890207695387,406.76585365853657,0.05175066848292212,376.71844660194176,0.13811218039908166,263.60483870967744,-0.0646211783020271,340.90972222222223,-0.0006382023661329387,351.72786885245904,-0.09724799361795047,432.13658536585365,0.2812806442561634,436.5691823899371,0.3308811123381803,389.0543933054393,0.21753340281887848,481.2293233082707,0.744860779991903,429.2238805970149,0.3678501158187296,427.96190476190475,0.23531772722357738,465.2325581395349,0.20453514557183047,464.7857142857143,0.3782298843108708,412.78743961352654,3.276992469930079e-05,541.7935222672065,0.37447349149729214,370.04477611940297,-0.05440246535008418,383.6860465116279,0.20344288901181073,445.2782874617737,0.3581737047511733,461.23346303501944,0.23070422067269952,445.95652173913044,0.04020231149922918,485.94607843137254,2.1123299541311766,614.8144329896908,0.17991822198773325,454.88416988416986,0.12615971079159513,469.66279069767444,0.32025639600827627,393.4668989547038,0.27983978910552326,523.9754901960785,0.3258456233487552,433.58247422680415,0.4574200814346358,455.5064516129032,0.20495920237703102,475.44242424242424,1.8340016617896755,476.6895306859206,0.36577368638808466,432.78195488721803,-0.21690430954319648,413.2828685258964,-0.007954799752882873,527.416961130742,0.501673623750064,520.952380952381,0.2548998342998306,487.37931034482756,0.9125660877045457,502.9191489361702,0.0656872964404353,572.8955223880597,0.2951837211224883,466.4491803278689,0.6766388733390298,440.49407114624506,0.13331285922900774,462.60869565217394,0.04605621323226687,435.46666666666664,0.007812443276288811,516.34,0.477488149963588,492.8498023715415,1.5462472304754904,529.1521739130435,0.3001472887781443,449.88789237668163,0.06490818384460234,459.52991452991455,-0.1502291765449659,450.9351145038168,0.0761066879923637,436.81990521327015,-0.05631168161001104,533.1410788381743,0.22790150946822213,422.74468085106383,0.18486728460708182,481.7803738317757,0.4704976252620769,291.125,0.19969322285794988,486.42857142857144,0.32209205050458706,454.44357976653697,0.7040971168437024,433.7753303964758,-0.042088305280299845,485.81960784313725,0.9241994281019106,384.0890052356021,-0.17574595883954344,579.9908256880734,0.11548013427614844,493.44600938967136,1.656939251686751,425.19354838709677,0.34459799264097557,553.2648401826484,0.44866975614188626,553.3948339483395,0.559007773728167,510.8994708994709,0.8228635721782996,519.4376811594203,0.510971036194639,458.2093023255814,0.29333291031084474,454.4871794871795,0.11001449124701125,469.88495575221236,0.294884551227649,374.39351851851853,0.21875645216468703,380.16064257028114,2.8231326585836722,444.2230483271375,0.2109947819072336,314.7992700729927,1.4881369621969343,454.325,0.17877644566004683,461.0918918918919,0.4426008824519247,494.11965811965814,0.15082651208714204,526.448275862069,0.6415624711990416,431.5633802816901,0.1770724224210123,418.5042372881356,-0.06991176276708955,424.4311377245509,-0.07628711206795447,489.51027397260276,-0.10135861535656586,419.49794238683126,0.18690444032526968,394.62867647058823,1.1034736837979675,466.32850241545896,0.1527305252070988,467.16353887399464,0.4947425126483358,238.76306620209058,3.3051724896179535,316.81773399014776,0.38722264282802404
88,139.21768707482994,-0.36879571527489696,173.58214285714286,-0.33423283974631185,256.40316205533594,-0.21787682554686552,215.56296296296296,-0.27732594956355466,219.08849557522123,-0.37033981862436316,246.2064056939502,0.28473963149899917,162.33941605839416,-0.3694779173393928,253.04694835680752,-0.2092978904439164,296.0153256704981,-0.21430961245308067,166.97260273972603,-0.397317372552946,221.82096069868996,-0.39473627769423797,174.3482428115016,-0.3629906323868444,360.11914893617023,-0.10399437587810728,258.40361445783134,-0.24428811658699054,304.7391304347826,-0.22265340367789524,286.3170731707317,-0.25968669592856064,227.7928802588997,-0.3118100428334402,66.64112903225806,-0.7635297551595069,227.43402777777777,-0.3332871900468933,305.6819672131148,-0.2154303549594263,280.9170731707317,-0.16708369371219642,237.4182389937107,-0.2762305202773176,203.29707112970712,-0.3637882541494916,254.8984962406015,-0.07577870377564512,290.53731343283584,-0.0741160597215594,254.3015873015873,-0.2659550876858594,233.97674418604652,-0.3942100425094633,296.82380952380953,-0.11982784305363954,287.1835748792271,-0.3042593879982491,281.331983805668,-0.286290185912322,303.8619402985075,-0.22352342158859453,228.24418604651163,-0.2841052074912013,234.50152905198777,-0.28473087628442867,261.6459143968872,-0.3018530592920831,316.82213438735175,-0.2610061733403156,188.34803921568627,0.20630923938125756,426.8659793814433,-0.18078216711732514,281.3127413127413,-0.3035522087316927,246.89922480620154,-0.305948252286176,194.19163763066203,-0.36834792148578144,331.6617647058824,-0.16077696877984649,226.3556701030928,-0.23914060469548643,338.9225806451613,-0.10344215543885822,122.28484848484848,-0.2710884722372746,271.8953068592058,-0.2209867604468348,335.75563909774434,-0.3924682139472935,263.56573705179284,-0.36733616536190605,232.6077738515901,-0.3377138309634983,275.4069264069264,-0.3365840738048785,229.23645320197045,-0.10043397995379895,302.41702127659573,-0.3591773578644775,268.75373134328356,-0.3924102314924947,292.7409836065574,0.052249491765122016,299.60474308300394,-0.2291703106504663,195.5326086956522,-0.5578593698346981,283.1490196078431,-0.34470046250245057,120.28,-0.6558231500995074,271.42687747035575,0.40229321734513646,309.80434782608694,-0.23879877521969795,237.8340807174888,-0.4370342851077381,396.37179487179486,-0.267022285443338,359.8893129770992,-0.14116402964587618,468.1090047393365,0.01128404231029525,244.3402489626556,-0.437248840065176,243.4078014184397,-0.31777748181660964,157.60280373831776,-0.5189622466589648,265.1666666666667,0.09272186493029821,291.83116883116884,-0.20681536598882455,205.15175097276264,-0.2307108672814289,316.0264317180617,-0.3021147272101125,98.72549019607843,-0.6089751654574797,234.5235602094241,-0.49671302845188187,312.3807339449541,-0.39920687084522516,262.39906103286387,0.41287669085880846,223.7,-0.2925890524567656,254.9543378995434,-0.3324270553857779,258.2140221402214,-0.2725669935693658,323.1375661375661,0.1529385557544044,287.97971014492754,-0.16230759372428397,253.76356589147287,-0.2837317585227181,171.4,-0.5813820666747661,242.2079646017699,-0.33253587349897096,174.79166666666666,-0.4310038475623817,128.4417670682731,0.2916905629286182,254.30483271375465,-0.30674055164432246,122.28467153284672,-0.033476122481358,314.0,-0.18530610479886708,80.47567567567567,-0.7482187763716647,245.33760683760684,-0.4285978755932096,137.20197044334975,-0.5721790421185217,314.0798122065728,-0.14335946403464517,277.4237288135593,-0.3834505749074781,392.16766467065867,-0.14650388746549775,279.63013698630135,-0.4866558949823651,216.15637860082305,-0.3884190131989531,191.3308823529412,0.019843462788118355,292.7342995169082,-0.27638186154097844,250.86595174262735,-0.1973260499963115,35.045296167247386,-0.36809303319113645,264.9408866995074,0.1600739403429989
89,233.53061224489795,0.058813187897779624,172.31785714285715,-0.3390819555360739,217.55731225296444,-0.336370837548182,226.2111111111111,-0.24162807156958915,211.43362831858408,-0.3923399017075285,271.8932384341637,0.41877713525940297,212.86496350364965,-0.17323800114251212,198.27699530516432,-0.38043892849807825,232.35632183908046,-0.3832747404506482,216.63698630136986,-0.21805526197707484,316.2314410480349,-0.13712654333491414,178.20447284345047,-0.34890127527942333,235.26382978723404,-0.414644527333423,190.3222891566265,-0.443394722261128,286.31304347826085,-0.2696557560136505,209.1951219512195,-0.459096412895414,183.6569579288026,-0.4451500245893864,234.53225806451613,-0.16778269976992546,227.71180555555554,-0.33247289675677183,194.40327868852458,-0.5010405332512015,214.84878048780487,-0.362975519307147,100.15723270440252,-0.6946706853181176,189.97489539748955,-0.405479581201192,219.71052631578948,-0.20336467095497288,219.8955223880597,-0.29923722941938435,230.82857142857142,-0.3337102600427754,176.6782945736434,-0.542561646749973,269.6,-0.2005546526290224,210.69565217391303,-0.48956160862878934,263.88663967611336,-0.33054719909288016,166.77238805970148,-0.573836548509882,196.58527131782947,-0.38340435102393117,247.29051987767585,-0.24572230223343208,238.6225680933852,-0.36328600321440585,237.58893280632412,-0.4458191661196463,302.52450980392155,0.9375731907559094,206.90721649484536,-0.6029149904372487,241.32432432432432,-0.4025517938835711,257.37984496124034,-0.2764864638117932,188.06968641114983,-0.3882609479144589,314.0343137254902,-0.2053807320673274,248.62886597938143,-0.16427271939703722,211.38709677419354,-0.44081400687099903,289.58181818181816,0.7261298363498428,118.40794223826715,-0.6607467935457179,243.64285714285714,-0.5591413429220381,218.18725099601593,-0.4762627933798622,287.9752650176678,-0.18007024491146964,319.5064935064935,-0.23035451910974497,283.3546798029557,0.11193589855114497,285.0340425531915,-0.3960119457679447,414.32462686567163,-0.06330824555986886,292.1049180327869,0.049963171385639916,238.4901185770751,-0.38640736416923266,245.7554347826087,-0.4442949259145927,241.28627450980392,-0.44158456098570387,308.315,-0.11776782942242785,234.23715415019763,0.210157135418262,344.55434782608694,-0.1534166856953619,237.1255605381166,-0.43871138944910315,240.63247863247864,-0.5550181760708076,416.91603053435114,-0.005076086649609669,246.65402843601896,-0.46713846475182996,327.6348547717842,-0.24540923838512216,289.8900709219858,-0.18749714253909505,270.26635514018693,-0.1750887852466732,90.92129629629629,-0.6253236136363203,298.2121212121212,-0.18947221035812326,238.6498054474708,-0.1050980506595076,241.9295154185022,-0.46574390962843903,284.5607843137255,0.12706792726549787,201.07853403141362,-0.5684859706818541,388.42660550458714,-0.2529499728712775,293.75586854460096,0.5817161000346325,172.8516129032258,-0.4533879156537893,296.0091324200913,-0.22492909989143806,324.9077490774908,-0.08467937269610518,412.5132275132275,0.47182641264375647,282.84927536231885,-0.1772313057320544,233.45348837209303,-0.34105859919020376,143.66666666666666,-0.6491164347273906,259.32300884955754,-0.2853711236623648,165.98611111111111,-0.4596684133665493,180.69477911646587,0.8171794602541217,212.72490706319704,-0.4200914306330117,132.52919708029196,0.04749542065106087,245.02916666666667,-0.3642555215619291,196.56756756756758,-0.385006434897608,289.4017094017094,-0.3259706341370195,246.5024630541872,-0.23136001966145428,270.2018779342723,-0.2630348321138722,204.88135593220338,-0.5446695105988267,239.36526946107784,-0.47905616560107805,260.61986301369865,-0.521554894724599,217.65020576131687,-0.3841924606686104,253.97794117647058,0.3537686118198529,255.65700483091788,-0.36803426784953,258.9034852546917,-0.17160905361796452,48.742160278745644,-0.12112283170717912,104.85714285714286,-0.5408710206916484
