peak_amp,mean_dff,n_peaks,peaks_per_frame,active,auc,cell_id,trial,condition
0.7258343305411505,0.04948438279627099,2,0.06451612903225806,True,0.010527512213115084,1,trial1,Baseline
0.8196665642534889,0.09231217831786112,2,0.06451612903225806,True,0.026991958044329096,2,trial1,Baseline
1.6037347209800257,-0.005930779114541787,1,0.03225806451612903,True,0.03560434583806534,3,trial1,Baseline
0.4269431114859862,-0.09783091881048157,0,0.0,False,0.0,4,trial1,Baseline
0.4294954451505849,0.1266649862396216,0,0.0,False,0.0,5,trial1,Baseline
1.3854141669757192,-0.002511595633806449,2,0.06451612903225806,True,0.03147974432252015,6,trial1,Baseline
1.058219924100848,0.02960370227501453,1,0.03225806451612903,True,0.03125431098089356,7,trial1,Baseline
0.7628804175335907,0.12708511789582996,2,0.06451612903225806,True,0.01922890974180586,8,trial1,Baseline
0.8154572880279455,0.09478879623843725,4,0.12903225806451613,True,0.020254765977934613,9,trial1,Baseline
0.7449582341048581,0.12361641986520637,2,0.06451612903225806,True,0.013796171848363984,10,trial1,Baseline
0.2933553763171526,0.011661584175163223,0,0.0,False,0.0,11,trial1,Baseline
1.434991447379789,0.2006812370542574,2,0.06451612903225806,True,0.061904361139613694,12,trial1,Baseline
0.6158609871360565,0.14716213592256303,2,0.06451612903225806,True,0.011029571937591885,13,trial1,Baseline
0.4373017519186113,0.045682047924473744,0,0.0,False,0.0,14,trial1,Baseline
0.8171834139183112,-0.1841552353734775,1,0.03225806451612903,True,0.015567354860557728,15,trial1,Baseline
1.0307494127137318,0.07361114034159942,2,0.06451612903225806,True,0.03452406799550222,16,trial1,Baseline
1.3551080550098238,0.10574180873312632,2,0.06451612903225806,True,0.04532347366177142,17,trial1,Baseline
0.741439780323267,0.11743674137093273,2,0.06451612903225806,True,0.020137104901063026,18,trial1,Baseline
0.6232769150235563,-0.19439832039671048,1,0.03225806451612903,True,0.004472000045029571,19,trial1,Baseline
0.8581882911392407,0.0457286987886214,1,0.03225806451612903,True,0.061311164420852035,20,trial1,Baseline
0.8995747639806372,-0.19535190890338439,1,0.03225806451612903,True,0.03208724542131497,21,trial1,Baseline
0.5536576982205383,0.03518165456383569,0,0.0,True,0.0017308934909851079,22,trial1,Baseline
0.8232992911830391,0.11710827336286783,4,0.12903225806451613,True,0.02248918490839194,23,trial1,Baseline
1.142417949454804,-0.16426707786316572,1,0.03225806451612903,True,0.04393062178486729,24,trial1,Baseline
0.5720780341831159,0.11444308104706458,1,0.03225806451612903,True,0.0023250978768747056,25,trial1,Baseline
0.8333892599287751,-0.22302280862314766,0,0.0,True,0.017723202111266826,26,trial1,Baseline
0.5941885585184452,0.05251012203899436,1,0.03225806451612903,True,0.0030383405973692,27,trial1,Baseline
1.4601933596787706,0.3114182078071404,3,0.0967741935483871,True,0.09799845095172272,28,trial1,Baseline
0.9111693635512448,-0.03456664431094689,1,0.03225806451612903,True,0.013263527856491767,29,trial1,Baseline
0.3275714022580013,-0.1757286235361473,0,0.0,False,0.0,30,trial1,Baseline
1.0195223984660973,-0.13557158681338444,1,0.03225806451612903,True,0.06366989603423168,31,trial1,Baseline
1.664725597768083,0.21202447989682002,3,0.0967741935483871,True,0.0934859934393039,32,trial1,Baseline
0.3203127598687069,-0.05772638762296258,0,0.0,False,0.0,33,trial1,Baseline
0.8123400218375789,0.03491760673535157,1,0.03225806451612903,True,0.01007548457540577,34,trial1,Baseline
0.80690334358186,0.17386342856611528,2,0.06451612903225806,True,0.026403968101460385,35,trial1,Baseline
0.5914007571660358,-0.1545747732614214,1,0.03225806451612903,True,0.06618847402880627,36,trial1,Baseline
0.7433934468789051,-0.2765564573095928,1,0.03225806451612903,True,0.02597505414776453,37,trial1,Baseline
1.2377103024201284,-0.08417951408683881,1,0.03225806451612903,True,0.045461069325860595,38,trial1,Baseline
2.331494572139198,-0.1442396679720651,1,0.03225806451612903,True,0.1328983668712733,39,trial1,Baseline
0.7673578338839075,0.21993646196471248,4,0.12903225806451613,True,0.021966672502245443,40,trial1,Baseline
0.5305248889760823,0.006203569833406032,1,0.03225806451612903,True,0.01288044281843969,41,trial1,Baseline
1.245904544063401,-0.00859033801313684,0,0.0,True,0.03613728370479566,42,trial1,Baseline
1.845381979655924,0.23331761518857808,2,0.06451612903225806,True,0.16652777877786362,43,trial1,Baseline
0.2211108083913906,-0.08157738457694641,0,0.0,False,0.0,44,trial1,Baseline
0.8872136700732169,0.005295212610756555,2,0.06451612903225806,True,0.019261589532097386,45,trial1,Baseline
0.9112010221465078,0.394311791320914,3,0.0967741935483871,True,0.4407938121668409,46,trial1,Baseline
3.657863265648936,0.3016148159302972,2,0.06451612903225806,True,0.23082804899855572,47,trial1,Baseline
0.668979173493791,-0.13279756947248075,1,0.03225806451612903,True,0.00545094108044487,48,trial1,Baseline
0.5125333371415927,-0.009935985547657471,1,0.03225806451612903,True,0.00040430119811589227,49,trial1,Baseline
6.485622308145067,0.8396690441090396,3,0.0967741935483871,True,0.5864026099871524,50,trial1,Baseline
0.5490860935177231,0.09493714578563392,1,0.03225806451612903,True,0.0015834223715394543,51,trial1,Baseline
0.9625399718164824,-0.3644961977601795,1,0.03225806451612903,True,0.023880810992970753,52,trial1,Baseline
0.8412785757073405,0.013907057695842561,2,0.06451612903225806,True,0.021915962670647663,53,trial1,Baseline
1.1343802645185006,0.061301506916500825,2,0.06451612903225806,True,0.06085630892517677,54,trial1,Baseline
5.086299228584256,0.6041286901490198,4,0.12903225806451613,True,0.519966015582919,55,trial1,Baseline
0.731730706094491,-0.16479094699552904,1,0.03225806451612903,True,0.011123320432428925,56,trial1,Baseline
2.293880083886701,0.11950329612605871,2,0.06451612903225806,True,0.12616625373560353,57,trial1,Baseline
0.3458235055203438,-0.00280798091135507,0,0.0,False,0.0,58,trial1,Baseline
7.385142430748932,0.8880352495968368,2,0.06451612903225806,True,0.7288433355414013,59,trial1,Baseline
0.5483199066634696,-0.03971362697412786,1,0.03225806451612903,True,0.09487364853499587,60,trial1,Baseline
0.8346598613672921,-0.34030925423449754,1,0.03225806451612903,True,0.01874147062171713,61,trial1,Baseline
5.067636412563419,0.59753178786029,2,0.06451612903225806,True,0.4537017164856925,62,trial1,Baseline
0.636989230589792,0.19849351164041962,1,0.03225806451612903,True,0.28131337390935746,63,trial1,Baseline
1.6975425046268602,0.2057078170093127,2,0.06451612903225806,True,0.1326232583336186,64,trial1,Baseline
2.4812426370465563,0.18563476987115218,3,0.0967741935483871,True,0.19853705795751725,65,trial1,Baseline
1.3689731143130064,-0.0022649962920997676,2,0.06451612903225806,True,0.07369968651846383,66,trial1,Baseline
0.2968624899450796,-0.05719638315023157,0,0.0,False,0.0,67,trial1,Baseline
2.0639736000018205,0.3200586004717179,2,0.06451612903225806,True,0.13036708489944726,68,trial1,Baseline
3.2451514824409906,0.6035494665440972,4,0.12903225806451613,True,0.4646611580032315,69,trial1,Baseline
0.4647967171336072,-0.045485057546976175,0,0.0,False,0.0,70,trial1,Baseline
3.5107220912893857,0.43581593600722707,2,0.06451612903225806,True,0.27316037617518296,71,trial1,Baseline
0.5629610996757538,-0.05872124625591151,1,0.03225806451612903,True,0.002031003215346897,72,trial1,Baseline
1.1000502394439549,0.12986056212570354,4,0.12903225806451613,True,0.0959081244124295,73,trial1,Baseline
0.7027382699802603,-0.26986868952395265,0,0.0,True,0.006539944192911624,74,trial1,Baseline
0.9397293312628152,0.006630039232335969,2,0.06451612903225806,True,0.04129181608386392,75,trial1,Baseline
0.6131545171895485,-0.005778373398626198,2,0.06451612903225806,True,0.0052526541130200124,76,trial1,Baseline
0.9920130452242548,0.24240464664146572,3,0.0967741935483871,True,0.06992703933364881,77,trial1,Baseline
2.477403165403125,0.46728451324756304,3,0.0967741935483871,True,0.24802640560440906,78,trial1,Baseline
3.159395235162952,0.6884061734940189,2,0.06451612903225806,True,0.5334983844256385,79,trial1,Baseline
1.0734677433310065,0.016454990641336473,3,0.0967741935483871,True,0.06720544492700269,80,trial1,Baseline
5.715745855878232,0.7576737552674818,1,0.03225806451612903,True,0.5752440629411697,81,trial1,Baseline
5.387787642596242,1.30046779798899,3,0.0967741935483871,True,1.0793069972205263,82,trial1,Baseline
6.867303630060789,0.8049167714650061,3,0.0967741935483871,True,0.6070968400582574,83,trial1,Baseline
1.991461592328941,0.35433773734820284,2,0.06451612903225806,True,0.13311500912386845,84,trial1,Baseline
1.386913654018524,0.201427373574795,1,0.03225806451612903,True,0.05827269485432309,85,trial1,Baseline
4.58742954220717,0.603810083063164,1,0.03225806451612903,True,0.5056630263851752,86,trial1,Baseline
3.4964724541850627,0.6050126971462524,4,0.12903225806451613,True,0.4748931420631562,87,trial1,Baseline
4.392466365862928,0.640918887283978,2,0.06451612903225806,True,0.4305488312206632,88,trial1,Baseline
1.628687638716844,0.3665395730879891,2,0.06451612903225806,True,0.196914950225368,89,trial1,Baseline
2.7463625616294687,0.4531421625011836,2,0.06451612903225806,True,0.38090717155003423,90,trial1,Baseline
4.520542419826191,0.5180907242883429,2,0.06451612903225806,True,0.33345521298345077,91,trial1,Baseline
2.960943058535992,0.4693427740865126,3,0.0967741935483871,True,0.36736084517131956,92,trial1,Baseline
2.8910334710168613,0.5047630906098408,3,0.0967741935483871,True,0.3282934327575535,93,trial1,Baseline
6.712491226444831,0.848441692837229,1,0.03225806451612903,True,0.6450246296233557,94,trial1,Baseline
7.1321577743848135,1.422375108989781,2,0.06451612903225806,True,1.230691162388895,95,trial1,Baseline
1.9565399474417091,0.4485918653870118,3,0.0967741935483871,True,0.316232581749554,96,trial1,Baseline
4.62115749368492,0.7077659020419345,3,0.0967741935483871,True,0.5175779584845517,97,trial1,Baseline
4.49385931847718,0.5181941044448509,2,0.06451612903225806,True,0.3980729259581154,98,trial1,Baseline
3.3286446026736867,0.33745348423972504,2,0.06451612903225806,True,0.26260747834501863,99,trial1,Baseline
4.44937854128912,0.6743820224816917,2,0.06451612903225806,True,0.5685956644994835,100,trial1,Baseline
2.5063480458913308,0.4618769659659284,3,0.0967741935483871,True,0.3515317790728663,101,trial1,Baseline
2.552117393731558,0.7803421068202694,4,0.12903225806451613,True,0.5372360814902666,102,trial1,Baseline
2.771414507695124,0.4614291908346953,4,0.12903225806451613,True,0.29002240690824094,103,trial1,Baseline
0.6438209431580325,0.11197972079244613,2,0.06451612903225806,True,0.02212366134964481,104,trial1,Baseline
1.838050108647277,0.39584091640366953,3,0.0967741935483871,True,0.16231176743317963,105,trial1,Baseline
3.788954558289437,0.515443476800575,2,0.06451612903225806,True,0.35601754469171404,106,trial1,Baseline
5.245563057852246,1.1748140967148808,3,0.0967741935483871,True,0.89582296500175,107,trial1,Baseline
6.149673456550296,0.7638681746809016,3,0.0967741935483871,True,0.5343066076781725,108,trial1,Baseline
2.134258691698896,0.12091642930256251,3,0.0967741935483871,True,0.18966673860833805,109,trial1,Baseline
5.211365830593066,0.9250903912596173,2,0.06451612903225806,True,0.7102934248496203,110,trial1,Baseline
0.7659478837922922,-0.20227943156442849,1,0.03225806451612903,True,0.018661306026968135,111,trial1,Baseline
1.2197025786010935,0.1837460162264562,4,0.12903225806451613,True,0.06969978165324081,112,trial1,Baseline
1.9008690969635844,0.3257450027413594,2,0.06451612903225806,True,0.14972802732684778,113,trial1,Baseline
7.253351829790791,1.2366846237705267,3,0.0967741935483871,True,0.9614850123747941,114,trial1,Baseline
2.997137481161772,0.535797738348346,2,0.06451612903225806,True,0.33484746321457615,115,trial1,Baseline
0.4907943784494187,-0.11138154161749476,0,0.0,False,0.0,116,trial1,Baseline
3.984571561629352,0.7297475472035276,3,0.0967741935483871,True,0.47132622518311595,117,trial1,Baseline
3.834111434914395,0.6993847725297947,2,0.06451612903225806,True,0.4889378338343737,118,trial1,Baseline
1.9675009443989508,0.5317420605207025,3,0.0967741935483871,True,0.2951038770727483,119,trial1,Baseline
4.360915561889697,0.5937472924196844,3,0.0967741935483871,True,0.47157157497247265,120,trial1,Baseline
4.239030715323047,0.8197766849644255,2,0.06451612903225806,True,0.6752226760348947,121,trial1,Baseline
1.710111480590912,0.2281531052692073,2,0.06451612903225806,True,0.13285485761810026,122,trial1,Baseline
4.912385813489892,0.42028020258366966,2,0.06451612903225806,True,0.4288874292550663,123,trial1,Baseline
0.7899822868574213,0.16379859351394968,3,0.0967741935483871,True,0.018797015641193144,124,trial1,Baseline
1.793728227446166,0.16978852795827706,1,0.03225806451612903,True,0.16486906255473988,125,trial1,Baseline
2.0098471397703084,0.4743922960650972,4,0.12903225806451613,True,0.2765712257317431,126,trial1,Baseline
1.2982022483223163,0.20963998683284646,2,0.06451612903225806,True,0.1187025871637792,127,trial1,Baseline
4.039954356971254,0.8638741344924777,2,0.06451612903225806,True,0.611397294724127,128,trial1,Baseline
0.9489957120288872,0.18362827612177865,2,0.06451612903225806,True,0.058101379841174965,129,trial1,Baseline
4.9161888735502455,1.056862066959188,2,0.06451612903225806,True,0.7984530002070552,130,trial1,Baseline
6.840387631009801,0.7889403802817078,1,0.03225806451612903,True,0.6685469498451521,131,trial1,Baseline
0.8875368077482528,-0.11173762326947782,1,0.03225806451612903,True,0.015833196955356916,132,trial1,Baseline
2.890279595869054,0.3707964992620037,2,0.06451612903225806,True,0.26085892327719956,133,trial1,Baseline
2.60965203170111,0.4759990809910593,2,0.06451612903225806,True,0.28865603576389687,134,trial1,Baseline
4.527753754609682,0.5580629354594996,1,0.03225806451612903,True,0.46552751822855176,135,trial1,Baseline
4.294379351896398,0.8614746014195979,3,0.0967741935483871,True,0.6129274775029638,136,trial1,Baseline
2.6159394454411533,0.40211057695164376,3,0.0967741935483871,True,0.18754083383001746,137,trial1,Baseline
8.392774252672053,1.6975750621521466,3,0.0967741935483871,True,1.4091850863125182,138,trial1,Baseline
4.99271918497649,0.3806519023540598,1,0.03225806451612903,True,0.3352872822490146,139,trial1,Baseline
1.42866174098779,0.2968645411041765,2,0.06451612903225806,True,0.29881292841832485,140,trial1,Baseline
7.279562951436784,1.6117951624191542,4,0.12903225806451613,True,1.3048493294630115,141,trial1,Baseline
0.6721897821707378,0.22618914042128002,1,0.03225806451612903,True,0.22331231062298434,142,trial1,Baseline
2.2091102228601573,0.22834875524171896,1,0.03225806451612903,True,0.18145039275488953,143,trial1,Baseline
3.9205980077028695,0.43316087392904806,2,0.06451612903225806,True,0.35946317501712793,144,trial1,Baseline
6.2746003294156605,0.9190387091953922,1,0.03225806451612903,True,0.7160954271446156,145,trial1,Baseline
9.43118450056073,2.0833605377173177,3,0.0967741935483871,True,1.755428226111315,146,trial1,Baseline
2.8276365129048973,0.3065156114101037,3,0.0967741935483871,True,0.22015074533343207,147,trial1,Baseline
5.849334620189272,0.7576081394033041,1,0.03225806451612903,True,0.5673745990988773,148,trial1,Baseline
3.599020885429508,0.46195450264320054,1,0.03225806451612903,True,0.31362686590661915,149,trial1,Baseline
1.263858404110383,0.06174601135393742,3,0.0967741935483871,True,0.09433584203964651,150,trial1,Baseline
0.841457218935551,-0.016622879944793584,1,0.03225806451612903,True,0.028030303685816632,151,trial1,Baseline
2.1173980835822386,0.2812803100279305,2,0.06451612903225806,True,0.1772674237425544,152,trial1,Baseline
1.4097420591930183,0.5100100501722158,2,0.06451612903225806,True,0.22449808327249887,153,trial1,Baseline
1.7107402065643624,0.058407180196381865,1,0.03225806451612903,True,0.12175022656831329,154,trial1,Baseline
1.7494360252652617,0.01548376306265061,2,0.06451612903225806,True,0.09266174201264248,155,trial1,Baseline
6.791933650040982,1.2104474857906602,2,0.06451612903225806,True,0.9269697821779586,156,trial1,Baseline
9.01660874961996,0.8005064732461827,3,0.0967741935483871,True,0.6746154175980771,157,trial1,Baseline
6.742109501586346,0.46659501476803195,1,0.03225806451612903,True,0.42829093007774144,158,trial1,Baseline
1.334091771748849,0.09011021535772114,2,0.06451612903225806,True,0.07275256873142774,159,trial1,Baseline
2.6675053899188854,-0.2023258480728475,1,0.03225806451612903,True,0.1343558446924973,160,trial1,Baseline
8.309339584179012,0.9326535350503061,1,0.03225806451612903,True,0.8112731695071791,161,trial1,Baseline
2.51650044679081,0.47059149006805734,2,0.06451612903225806,True,0.2876057214404258,162,trial1,Baseline
7.498100248142076,1.0006770068109399,1,0.03225806451612903,True,0.8461001704020922,163,trial1,Baseline
3.7367192377643264,0.46576661538277464,2,0.06451612903225806,True,0.37970818677144125,164,trial1,Baseline
2.783249046131773,0.6323420821917103,2,0.06451612903225806,True,0.3850523237887079,165,trial1,Baseline
2.4074967609346376,0.28465223463083306,1,0.03225806451612903,True,0.15566249155104753,166,trial1,Baseline
8.742093323970852,0.9399919095525313,2,0.06451612903225806,True,0.7127621554012159,167,trial1,Baseline
8.336200165220049,0.9225334811528317,1,0.03225806451612903,True,0.7830404504381836,168,trial1,Baseline
2.598855521785313,0.7114405330670013,3,0.0967741935483871,True,0.42027975568723663,169,trial1,Baseline
3.35970669787109,0.5021097304537878,2,0.06451612903225806,True,0.3496132651022842,170,trial1,Baseline
2.783296013901355,0.5004915531275627,2,0.06451612903225806,True,0.4657462019651202,171,trial1,Baseline
4.911550979740949,0.27123686268627933,1,0.03225806451612903,True,0.3443181452952079,172,trial1,Baseline
1.1271156464043388,0.507930443213421,1,0.03225806451612903,True,0.3903446062924197,173,trial1,Baseline
3.3389181489946678,0.4570361560876157,0,0.0,True,0.32774114476646593,174,trial1,Baseline
0.3221685342015782,-0.06150062393934506,0,0.0,False,0.0,175,trial1,Baseline
1.3471263960081117,-0.05781193351760189,2,0.06451612903225806,True,0.11245971866141895,176,trial1,Baseline
4.301597756855731,0.6187851636529228,3,0.0967741935483871,True,0.47703385340419063,177,trial1,Baseline
1.9262803998392188,0.4186096975955119,3,0.0967741935483871,True,0.25119905331701187,178,trial1,Baseline
1.9304045426017529,0.10599004586463576,2,0.06451612903225806,True,0.14704848487686917,179,trial1,Baseline
1.1668624080070198,0.3788081812505039,3,0.0967741935483871,True,0.21571196626710926,180,trial1,Baseline
2.1791102228521613,0.367945280412558,2,0.06451612903225806,True,0.2927247611922355,181,trial1,Baseline
1.8790333867049656,0.04192819956450551,2,0.06451612903225806,True,0.09974026064714588,182,trial1,Baseline
6.23292078312732,0.7675964918429776,1,0.03225806451612903,True,0.6066868720755869,183,trial1,Baseline
2.464820685968077,0.49469937575707634,2,0.06451612903225806,True,0.44446889265564216,184,trial1,Baseline
1.7228491488189364,0.2530234707560229,3,0.0967741935483871,True,0.22493889302719175,185,trial1,Baseline
1.116162906214821,0.30266109828204224,2,0.06451612903225806,True,0.2732428762235696,186,trial1,Baseline
3.683532499367198,0.41204399057479885,1,0.03225806451612903,True,0.29471072256293956,187,trial1,Baseline
1.2446816286520368,0.11421608963035527,2,0.06451612903225806,True,0.10868457258151458,188,trial1,Baseline
2.776406822213924,0.25345686168369813,2,0.06451612903225806,True,0.23361204378487274,189,trial1,Baseline
2.1260746675619395,0.5521518084416824,3,0.0967741935483871,True,0.2922369871652369,190,trial1,Baseline
5.562342336492015,0.6105363093167282,2,0.06451612903225806,True,0.4850082800785516,191,trial1,Baseline
3.1616537680160177,0.17174787549595752,2,0.06451612903225806,True,0.21538119042162054,192,trial1,Baseline
2.9264111657818126,0.6899869861208844,3,0.0967741935483871,True,0.5135899947388664,193,trial1,Baseline
2.1383373869539826,0.09334742522312109,2,0.06451612903225806,True,0.1707031694119296,194,trial1,Baseline
0.777274774900033,0.07762914734434177,1,0.03225806451612903,True,0.019899161816687605,195,trial1,Baseline
4.328948425398925,0.5118654153758013,3,0.0967741935483871,True,0.48292214257352223,196,trial1,Baseline
2.4550467657406343,0.47641934663909574,3,0.0967741935483871,True,0.35777033278368064,197,trial1,Baseline
6.453391272294213,0.6506398309851942,1,0.03225806451612903,True,0.5069613247603306,198,trial1,Baseline
5.585814047283489,0.6089511674104217,3,0.0967741935483871,True,0.5195540277154268,199,trial1,Baseline
2.0786457442975985,0.3253013063019127,3,0.0967741935483871,True,0.24377544841304893,200,trial1,Baseline
2.049696792427804,-0.014065500471600127,2,0.06451612903225806,True,0.17801158412777235,201,trial1,Baseline
2.3208826917343206,0.2218544041056281,0,0.0,True,0.20825467632050457,202,trial1,Baseline
2.2832328380596647,-0.033644758951917375,3,0.0967741935483871,True,0.12965282973576348,203,trial1,Baseline
2.015961684435114,0.3331579292481309,4,0.12903225806451613,True,0.1770499019130539,204,trial1,Baseline
7.503423354499437,0.708465875348833,3,0.0967741935483871,True,0.5813800491621763,205,trial1,Baseline
3.9541979871036697,0.6168092763463863,3,0.0967741935483871,True,0.493079450571273,206,trial1,Baseline
2.9209518044785656,0.3053784292248753,3,0.0967741935483871,True,0.24556830805838004,207,trial1,Baseline
2.5477842126536525,-0.07145901422646353,2,0.06451612903225806,True,0.14429678996281825,208,trial1,Baseline
6.015726069754251,0.8340622303164513,3,0.0967741935483871,True,0.5788244667677964,209,trial1,Baseline
3.1363821408216523,0.2542839642478037,2,0.06451612903225806,True,0.264200292806501,210,trial1,Baseline
0.9483071777154471,0.11020683124481347,2,0.06451612903225806,True,0.04105221882685744,211,trial1,Baseline
7.818915834590085,0.9307320022106217,2,0.06451612903225806,True,0.7452106073884297,212,trial1,Baseline
3.815783106524641,0.6283853607467073,3,0.0967741935483871,True,0.4332097636868676,213,trial1,Baseline
2.115067337955526,0.4118995506103795,1,0.03225806451612903,True,0.27888239495269285,214,trial1,Baseline
2.1371823882645424,0.26212431967355854,2,0.06451612903225806,True,0.13302404524130157,215,trial1,Baseline
7.844283964746566,0.9346489767271488,3,0.0967741935483871,True,0.6607232612183068,216,trial1,Baseline
1.7019736900176836,0.10762494232868823,1,0.03225806451612903,True,0.14033858766718044,217,trial1,Baseline
3.655740374203048,0.6527778997548032,3,0.0967741935483871,True,0.37805043557187795,218,trial1,Baseline
1.2921155660226304,0.017459065617586162,3,0.0967741935483871,True,0.0803108636248811,219,trial1,Baseline
11.668213477853614,1.1367159739332433,3,0.0967741935483871,True,0.8762624037758977,220,trial1,Baseline
2.751040565585692,0.5236380252828463,5,0.16129032258064516,True,0.32817428296402246,221,trial1,Baseline
1.243712631678846,-0.025038038004328737,2,0.06451612903225806,True,0.04415898508175493,222,trial1,Baseline
5.786428655904225,1.0426072916018243,2,0.06451612903225806,True,0.8142294035030834,223,trial1,Baseline
8.892752185031105,1.2138381815025532,1,0.03225806451612903,True,1.0004463016063163,224,trial1,Baseline
0.5445334236615796,0.10343776670082197,1,0.03225806451612903,True,0.10355346904796837,225,trial1,Baseline
1.7623334644947442,0.16693374107009795,4,0.12903225806451613,True,0.14914786839670374,226,trial1,Baseline
2.920503739086894,0.12652503699479292,0,0.0,True,0.16119553077440749,227,trial1,Baseline
3.578334998669592,0.7816480964717383,2,0.06451612903225806,True,0.5670551290826176,228,trial1,Baseline
5.725249798715911,0.8789234997259607,2,0.06451612903225806,True,0.7006324132980024,229,trial1,Baseline
3.8922414305374975,0.43496857340438894,1,0.03225806451612903,True,0.3108195849724954,230,trial1,Baseline
1.934748281591832,0.3171371456453398,2,0.06451612903225806,True,0.17434186013658867,231,trial1,Baseline
3.1036618498171684,0.552717090231422,3,0.0967741935483871,True,0.4475976352207566,232,trial1,Baseline
1.314962746181297,0.331928937635132,3,0.0967741935483871,True,0.14765636619597128,233,trial1,Baseline
1.274136065095725,0.2818344179721305,2,0.06451612903225806,True,0.16529384391930493,234,trial1,Baseline
1.2178091295360207,0.20990211770157252,3,0.0967741935483871,True,0.09647202229984322,235,trial1,Baseline
4.545586468394528,0.7120934241936329,2,0.06451612903225806,True,0.5637186288073383,236,trial1,Baseline
2.193632887408235,0.20053953307635314,2,0.06451612903225806,True,0.14776731773479462,237,trial1,Baseline
1.3329708345464195,0.0034472833584052926,1,0.03225806451612903,True,0.07639931253214562,238,trial1,Baseline
1.843721775936331,0.45681836647665147,3,0.0967741935483871,True,0.20999429328843613,239,trial1,Baseline
1.6223112390728331,0.10757812665999213,2,0.06451612903225806,True,0.10390243194253788,240,trial1,Baseline
4.923932431294953,1.1128919552472172,2,0.06451612903225806,True,0.8475858138871653,241,trial1,Baseline
2.361831314864283,0.26033612099450815,1,0.03225806451612903,True,0.19713244735637594,242,trial1,Baseline
2.7608547965764925,0.3928640231478522,2,0.06451612903225806,True,0.28216928224034465,243,trial1,Baseline
1.50311510031679,0.31962325850734064,2,0.06451612903225806,True,0.16480703069114688,244,trial1,Baseline
5.818455062004172,0.46536484708286985,0,0.0,True,0.34383945908852215,245,trial1,Baseline
1.901996000334467,0.3168352000237364,3,0.0967741935483871,True,0.1368188947670331,246,trial1,Baseline
0.3645223120533341,-0.011450154979901879,0,0.0,False,0.0,247,trial1,Baseline
0.5239345382455872,0.1437789240679931,1,0.03225806451612903,True,0.0007720818788899104,248,trial1,Baseline
2.8606209173427684,0.43726160777536954,3,0.0967741935483871,True,0.3062499964060788,249,trial1,Baseline
3.283856083237096,0.5072081812400563,2,0.06451612903225806,True,0.3128962207183815,250,trial1,Baseline
5.232743417879714,1.0847163229620003,3,0.0967741935483871,True,0.8114522785936855,251,trial1,Baseline
1.888819170446269,0.19675990460713705,3,0.0967741935483871,True,0.1628888999609139,252,trial1,Baseline
1.0827457995292522,-0.03580029594734166,1,0.03225806451612903,True,0.027374409160077634,253,trial1,Baseline
2.14384807303046,0.26628286240962995,3,0.0967741935483871,True,0.166368457691262,254,trial1,Baseline
3.183862210951411,0.3416464115399435,1,0.03225806451612903,True,0.3012957823118202,255,trial1,Baseline
1.560185068532425,0.36627515836048546,3,0.0967741935483871,True,0.16803675791413605,256,trial1,Baseline
7.353999535804633,1.4397371059782111,2,0.06451612903225806,True,1.163759617738587,257,trial1,Baseline
0.9621906788631022,0.1873994327802145,3,0.0967741935483871,True,0.05731212866278535,258,trial1,Baseline
7.291884225128197,1.1473129508393711,5,0.16129032258064516,True,0.8641188297822598,259,trial1,Baseline
1.6946146358222625,0.2119170496357482,3,0.0967741935483871,True,0.19308937833404746,260,trial1,Baseline
4.263536759646433,1.1029698090377675,4,0.12903225806451613,True,0.9231435776691488,261,trial1,Baseline
1.7881801206454733,0.33139035780326215,3,0.0967741935483871,True,0.17121267689539438,262,trial1,Baseline
1.907319767099222,0.3867246095459261,2,0.06451612903225806,True,0.18565172741279612,263,trial1,Baseline
0.5415443303149716,-0.0860771199817589,1,0.03225806451612903,True,0.0013401396875797297,264,trial1,Baseline
0.7873858429614304,0.22410986033211006,2,0.06451612903225806,True,0.028702314325182384,265,trial1,Baseline
4.256167013406376,0.7873833041007873,2,0.06451612903225806,True,0.5889292130170292,266,trial1,Baseline
2.162520090126562,0.11557068956912718,3,0.0967741935483871,True,0.11769460094540339,267,trial1,Baseline
1.7176248204518474,0.40049339031410014,1,0.03225806451612903,True,0.20223792342919011,268,trial1,Baseline
2.214227878117065,0.10923480811480904,2,0.06451612903225806,True,0.17163311145093899,269,trial1,Baseline
1.3271784830468083,0.3397417877961914,4,0.12903225806451613,True,0.12769588712830984,270,trial1,Baseline
1.5045236390609178,0.13106964164033982,1,0.03225806451612903,True,0.113209010640677,271,trial1,Baseline
0.1668626019032442,-0.09347392575906263,0,0.0,False,0.0,272,trial1,Baseline
1.1771299344467228,-0.0011883883656354241,2,0.06451612903225806,True,0.06258268169258521,273,trial1,Baseline
1.772119233635752,0.12434999823887243,2,0.06451612903225806,True,0.20701989888975783,274,trial1,Baseline
2.059161827337086,0.4428066348677829,1,0.03225806451612903,True,0.23912019400120538,275,trial1,Baseline
8.202242469812907,1.15336384739734,3,0.0967741935483871,True,0.8783798630006037,276,trial1,Baseline
4.0398851927030135,0.5619391482605575,2,0.06451612903225806,True,0.45293876955135903,277,trial1,Baseline
1.54579046383717,0.15012560513712994,3,0.0967741935483871,True,0.11340259689898333,278,trial1,Baseline
1.7422541372369025,0.10819635741532478,3,0.0967741935483871,True,0.11733230689073394,279,trial1,Baseline
2.547190156642629,0.5794876636592017,2,0.06451612903225806,True,0.40612684894485096,280,trial1,Baseline
5.536716257576389,0.7920920415409943,3,0.0967741935483871,True,0.5975777810737812,281,trial1,Baseline
2.707706534878716,0.6933902345559986,3,0.0967741935483871,True,0.43335255285731245,282,trial1,Baseline
1.0043933777866532,0.2914766239840845,3,0.0967741935483871,True,0.10128242575039136,283,trial1,Baseline
0.8048341979426822,0.15047146887838944,2,0.06451612903225806,True,0.029538687541463837,284,trial1,Baseline
0.8908644367495758,0.019879396471768306,2,0.06451612903225806,True,0.051027762681919546,285,trial1,Baseline
3.374886128716454,0.7887451719555315,4,0.12903225806451613,True,0.5377639688180951,286,trial1,Baseline
2.373121100784317,0.60379209168268,3,0.0967741935483871,True,0.3376612455286107,287,trial1,Baseline
2.736606184289783,0.429585961159689,2,0.06451612903225806,True,0.3060903662722712,288,trial1,Baseline
3.160318023480841,0.45170134134617385,1,0.03225806451612903,True,0.3504688260827946,289,trial1,Baseline
3.8657847459019328,0.5399416538422839,2,0.06451612903225806,True,0.389971788962169,290,trial1,Baseline
5.676255771368371,0.5935477649277227,1,0.03225806451612903,True,0.4009530974949999,291,trial1,Baseline
1.3055243326933252,0.14569198100489947,1,0.03225806451612903,True,0.10187659787416162,292,trial1,Baseline
4.589855074288115,0.9232515777542645,3,0.0967741935483871,True,0.7374059538912712,293,trial1,Baseline
1.7044972446807292,0.13283492666466254,3,0.0967741935483871,True,0.14845315269285667,294,trial1,Baseline
2.017045092488075,-0.03060316196689265,2,0.06451612903225806,True,0.13144999048573272,295,trial1,Baseline
3.185291181751213,0.5532345236144344,5,0.16129032258064516,True,0.31009122953429463,296,trial1,Baseline
1.839939959746648,0.36827678141586395,2,0.06451612903225806,True,0.19370218850604767,297,trial1,Baseline
3.665209375241501,0.25864530238327627,2,0.06451612903225806,True,0.3114245081957102,298,trial1,Baseline
2.8771954676401887,0.8447707145451631,2,0.06451612903225806,True,0.6195977888034846,299,trial1,Baseline
0.3094522743169937,-0.04528898263910538,0,0.0,False,0.0,300,trial1,Baseline
1.668940758091375,0.055534670889176976,1,0.03225806451612903,True,0.06232909797846078,301,trial1,Baseline
3.576796451973248,0.6091630043580678,2,0.06451612903225806,True,0.4161974917046335,302,trial1,Baseline
3.4474858066081886,0.6357971349781947,1,0.03225806451612903,True,0.4559317858018026,303,trial1,Baseline
4.792707544685135,0.652960106886531,1,0.03225806451612903,True,0.5952694571115694,304,trial1,Baseline
2.396977868707592,0.2768443363275033,2,0.06451612903225806,True,0.23847730440578407,305,trial1,Baseline
3.846347972384986,0.6543664510140416,2,0.06451612903225806,True,0.5175887578670789,306,trial1,Baseline
2.763547623294294,0.0903016022824346,2,0.06451612903225806,True,0.18117322623296037,307,trial1,Baseline
7.958134281341111,1.2397812823066912,1,0.03225806451612903,True,1.0447122931112969,308,trial1,Baseline
5.270099744471055,0.8411581515760421,3,0.0967741935483871,True,0.6089419182630182,309,trial1,Baseline
2.785645440303404,0.5826234703778749,2,0.06451612903225806,True,0.36274110958489436,310,trial1,Baseline
1.773713877600419,0.18602027377648447,4,0.12903225806451613,True,0.20772677596910075,311,trial1,Baseline
2.1145022394988136,0.47350232277026744,2,0.06451612903225806,True,0.275242535194772,312,trial1,Baseline
1.878209870506216,0.5046348706087194,3,0.0967741935483871,True,0.236638063326972,313,trial1,Baseline
5.38994616501676,0.7490408059690157,3,0.0967741935483871,True,0.5632979211683163,314,trial1,Baseline
0.7494149099572023,-0.010953452314808402,1,0.03225806451612903,True,0.013083861798442639,315,trial1,Baseline
3.1832651664774585,0.7787270247261829,1,0.03225806451612903,True,0.5616326033050182,316,trial1,Baseline
1.0209468744037349,0.09415847210668678,2,0.06451612903225806,True,0.03458191464375232,317,trial1,Baseline
4.8235518034342695,0.8028741305875245,2,0.06451612903225806,True,0.5871043268057348,318,trial1,Baseline
4.337288918650948,1.062270689947831,3,0.0967741935483871,True,0.7803335360078215,319,trial1,Baseline
3.323984444941808,0.6139133208912118,2,0.06451612903225806,True,0.47241901189822966,320,trial1,Baseline
3.3116863961702814,0.417655789559952,2,0.06451612903225806,True,0.3586522061430585,321,trial1,Baseline
0.877834947296057,-0.2605969407902409,1,0.03225806451612903,True,0.023764456552946216,322,trial1,Baseline
1.9340266273297468,0.3128915247334565,2,0.06451612903225806,True,0.14436921411448658,323,trial1,Baseline
3.892994161648328,0.5895469162082283,3,0.0967741935483871,True,0.4514932024723581,324,trial1,Baseline
11.343180427744777,1.0210140169509223,2,0.06451612903225806,True,0.8209576276273557,325,trial1,Baseline
4.363590619677762,0.4945353679377277,1,0.03225806451612903,True,0.3857464965003392,326,trial1,Baseline
4.493470345647516,0.9515221178695543,1,0.03225806451612903,True,0.7539152558149568,327,trial1,Baseline
1.2056438698320018,0.19857812482927673,3,0.0967741935483871,True,0.11677997928166375,328,trial1,Baseline
4.646396951116754,0.6982070304011581,1,0.03225806451612903,True,0.5138541758574598,329,trial1,Baseline
8.83750769708938,1.3138709704687035,1,0.03225806451612903,True,1.1072934459046662,330,trial1,Baseline
3.266250848390822,0.6108261340910137,2,0.06451612903225806,True,0.45615114019451514,331,trial1,Baseline
7.322707869774226,1.4785861705801107,3,0.0967741935483871,True,1.2294840621345438,332,trial1,Baseline
4.426492835231332,0.7785157250778425,3,0.0967741935483871,True,0.5412579113387835,333,trial1,Baseline
0.983988937386174,0.08739634085881536,2,0.06451612903225806,True,0.044440494314762886,334,trial1,Baseline
2.25668836733257,0.4122850279919035,1,0.03225806451612903,True,0.20645040526922842,335,trial1,Baseline
0.6119178990755381,-0.11520091619669394,1,0.03225806451612903,True,0.005276843944218507,336,trial1,Baseline
2.152618813693892,0.5352779711653732,2,0.06451612903225806,True,0.33751270793324706,337,trial1,Baseline
0.673096260095795,-0.03225527429765842,2,0.06451612903225806,True,0.011122508378502897,338,trial1,Baseline
11.148002039492422,1.468884652000987,1,0.03225806451612903,True,1.2264522677152718,339,trial1,Baseline
6.816789339950137,0.7379095271867525,1,0.03225806451612903,True,0.6419076615933663,340,trial1,Baseline
4.193732620677023,0.3669238685614257,1,0.03225806451612903,True,0.3647581840262503,341,trial1,Baseline
0.6063033442084643,0.20662898386803288,1,0.03225806451612903,True,0.11061422033557974,342,trial1,Baseline
5.964908853588585,0.8333600190877137,2,0.06451612903225806,True,0.7077864782566478,343,trial1,Baseline
5.6237514825868775,0.3818341050552178,0,0.0,True,0.33185131840124704,344,trial1,Baseline
4.2788512339178935,0.5714948117538108,2,0.06451612903225806,True,0.4270817012872972,345,trial1,Baseline
1.3421139419610744,0.4896306113938477,3,0.0967741935483871,True,0.20763083488223422,346,trial1,Baseline
2.101908842655438,0.3229672502635593,2,0.06451612903225806,True,0.2438281439042407,347,trial1,Baseline
1.8526388858238256,0.47339822322392433,3,0.0967741935483871,True,0.2665544648532004,348,trial1,Baseline
2.818740567112994,0.5105985496418867,2,0.06451612903225806,True,0.34362524741798584,349,trial1,Baseline
11.01034565937944,1.2350001916503281,1,0.03225806451612903,True,1.0079073292369154,350,trial1,Baseline
3.352349816704519,0.45651451071619603,1,0.03225806451612903,True,0.3590050760442504,351,trial1,Baseline
2.00767493731628,0.056116368185771336,3,0.0967741935483871,True,0.18213317861991365,352,trial1,Baseline
1.7327924475142304,0.20182488049953176,3,0.0967741935483871,True,0.16176285989180805,353,trial1,Baseline
2.149766054112701,0.5256579249579467,4,0.12903225806451613,True,0.2710585203770258,354,trial1,Baseline
0.537981418445895,0.16040406238388522,1,0.03225806451612903,True,0.09100216054779106,355,trial1,Baseline
2.023779891279959,0.35233833402030895,1,0.03225806451612903,True,0.17764079227990626,356,trial1,Baseline
1.2454480581085576,0.10337425359166076,2,0.06451612903225806,True,0.06831233590179181,357,trial1,Baseline
1.1591755306923588,0.43107204912983915,3,0.0967741935483871,True,0.1713398100750216,358,trial1,Baseline
0.8610958056538461,0.6723309488707052,1,0.03225806451612903,True,0.5507658118594209,359,trial1,Baseline
0.6679752764261431,0.07729783548712674,2,0.06451612903225806,True,0.01616227246745497,360,trial1,Baseline
2.463511991012584,0.26943932581272745,1,0.03225806451612903,True,0.18421170301448347,361,trial1,Baseline
8.451589323155552,1.371847602204083,2,0.06451612903225806,True,1.16436114786461,362,trial1,Baseline
2.605307926576967,0.44364401558250666,2,0.06451612903225806,True,0.32141900181161753,363,trial1,Baseline
2.052690413375278,0.17750913218840117,2,0.06451612903225806,True,0.1692622286799057,364,trial1,Baseline
4.236683553114969,0.4021151929383791,1,0.03225806451612903,True,0.3427054160964735,365,trial1,Baseline
4.797728101563828,1.4504459246543477,3,0.0967741935483871,True,1.179832166607128,366,trial1,Baseline
2.1312521643349758,0.4423190337154503,3,0.0967741935483871,True,0.19117368334656434,367,trial1,Baseline
1.5449750150155062,0.2777065243278874,3,0.0967741935483871,True,0.13765992038538669,368,trial1,Baseline
0.7972874053002131,0.17704471198766913,1,0.03225806451612903,True,0.018825347319743835,369,trial1,Baseline
0.661538701331089,-0.17105502645183415,2,0.06451612903225806,True,0.008984875041354565,370,trial1,Baseline
1.836063623021697,0.4947904204641857,2,0.06451612903225806,True,0.2628540464105074,371,trial1,Baseline
1.2165197014260365,0.4441860319148519,2,0.06451612903225806,True,0.19159886180434083,372,trial1,Baseline
2.365770719175217,0.21206070864288043,1,0.03225806451612903,True,0.19033977429000667,373,trial1,Baseline
4.675063167766486,0.8239926729591387,2,0.06451612903225806,True,0.6223900058157922,374,trial1,Baseline
0.690990451068537,0.24869193344282794,1,0.03225806451612903,True,0.01841070622114253,375,trial1,Baseline
2.15017399971804,0.0187045142482276,2,0.06451612903225806,True,0.17537211785997922,376,trial1,Baseline
1.7119162803020271,0.23122754989979466,2,0.06451612903225806,True,0.13194737179459798,377,trial1,Baseline
4.896386409930339,0.6844420791329795,2,0.06451612903225806,True,0.5190856917574019,378,trial1,Baseline
2.651473813687965,0.5709033532588282,2,0.06451612903225806,True,0.3830262314956229,379,trial1,Baseline
8.467208579790501,1.4030831457997843,3,0.0967741935483871,True,1.1013148611959624,380,trial1,Baseline
0.8680882753676132,0.1891353407253085,4,0.12903225806451613,True,0.05449431129399795,381,trial1,Baseline
4.744497199758458,0.9295606429994727,4,0.12903225806451613,True,0.7573938178886221,382,trial1,Baseline
12.941298757598744,1.7276652384767763,4,0.12903225806451613,True,1.4907955328093279,383,trial1,Baseline
2.7743311499402106,0.5386553852584406,2,0.06451612903225806,True,0.3703168693170991,384,trial1,Baseline
2.3518625920142764,0.3388170980796887,2,0.06451612903225806,True,0.26115956748021973,385,trial1,Baseline
2.2196680505633104,0.4288614506436661,4,0.12903225806451613,True,0.20200202116621818,386,trial1,Baseline
0.9316265349251494,0.06745813120522731,2,0.06451612903225806,True,0.043510137026027726,387,trial1,Baseline
5.743376121491375,1.2212586925372457,2,0.06451612903225806,True,0.935326349019863,388,trial1,Baseline
0.682880382189749,0.16773752960342445,0,0.0,True,0.011623081391912737,389,trial1,Baseline
1.7021956453164373,0.26024768690176675,2,0.06451612903225806,True,0.08694989366487897,390,trial1,Baseline
4.577708784403759,0.7492226347454332,1,0.03225806451612903,True,0.5225165505960696,391,trial1,Baseline
8.420393653449041,1.2093439362140768,1,0.03225806451612903,True,1.0203989655698682,392,trial1,Baseline
4.519507695209577,0.5323617878905478,2,0.06451612903225806,True,0.4290180353176663,393,trial1,Baseline
4.567719639075287,0.6680820409782835,2,0.06451612903225806,True,0.4867981174242702,394,trial1,Baseline
1.0443263046359,0.2726609716961994,2,0.06451612903225806,True,0.06518358895627294,395,trial1,Baseline
1.6162524405967336,-0.019432002278761618,3,0.0967741935483871,True,0.07696625589783536,396,trial1,Baseline
2.338347976495503,0.1587854019097602,2,0.06451612903225806,True,0.22155253847692177,397,trial1,Baseline
3.2350634192453187,0.18692256701631277,2,0.06451612903225806,True,0.23254129666214834,398,trial1,Baseline
6.452854922376822,1.038504708013742,2,0.06451612903225806,True,0.8417013568173218,399,trial1,Baseline
1.2082694791816178,0.2911712727035392,2,0.06451612903225806,True,0.08647638141901307,400,trial1,Baseline
0.8386770428436799,0.18146025390677678,3,0.0967741935483871,True,0.03659763368420417,401,trial1,Baseline
1.6989122926059608,0.439328380142599,2,0.06451612903225806,True,0.23531800716066462,402,trial1,Baseline
2.546972224589944,0.2785577730964529,2,0.06451612903225806,True,0.28470904972203376,403,trial1,Baseline
0.6169821970451974,0.08142673376257868,2,0.06451612903225806,True,0.008642305289364476,404,trial1,Baseline
5.379387052729013,0.9551293418940447,4,0.12903225806451613,True,0.6782675132799523,405,trial1,Baseline
3.864091441389433,1.2487751865181702,2,0.06451612903225806,True,0.9837448703085238,406,trial1,Baseline
0.8680604021047751,0.09884354242694392,1,0.03225806451612903,True,0.026914138319200545,407,trial1,Baseline
6.366567700607783,0.9512963302904078,2,0.06451612903225806,True,0.7288251428631445,408,trial1,Baseline
0.728951369223211,0.2348968555041109,1,0.03225806451612903,True,0.05198033119668078,409,trial1,Baseline
1.1028663865246358,0.06022794213126498,3,0.0967741935483871,True,0.025650519536976876,410,trial1,Baseline
6.3255302154442505,0.8328367669481622,1,0.03225806451612903,True,0.7007163988230969,411,trial1,Baseline
0.4472751370252243,0.17438488898883311,0,0.0,False,0.0,412,trial1,Baseline
5.9227820838087455,1.1721742817274363,3,0.0967741935483871,True,1.0232835801463753,413,trial1,Baseline
6.031668288857545,0.6875189691675161,3,0.0967741935483871,True,0.6172689536507859,414,trial1,Baseline
2.578146677219519,0.4587075074397317,2,0.06451612903225806,True,0.2314559500837998,415,trial1,Baseline
1.0842922649723767,0.4391805302297451,1,0.03225806451612903,True,0.23155312236619097,416,trial1,Baseline
7.732149931958727,0.9855590803287098,1,0.03225806451612903,True,0.8081811225893136,417,trial1,Baseline
0.5013232968888827,0.08559785834981924,1,0.03225806451612903,True,4.268699641556979e-05,418,trial1,Baseline
3.738784917136055,0.6687052444766368,3,0.0967741935483871,True,0.3865106509392317,419,trial1,Baseline
2.65820767915436,0.5705861410168334,3,0.0967741935483871,True,0.3502868274973297,420,trial1,Baseline
0.5192452193340219,0.15607468531254626,1,0.03225806451612903,True,0.0006208135269039323,421,trial1,Baseline
2.6662789811091034,0.24378860157612114,1,0.03225806451612903,True,0.1850526389432257,422,trial1,Baseline
0.6118365682174256,0.043069471936097815,2,0.06451612903225806,True,0.010434448644013489,423,trial1,Baseline
5.469210879936294,0.9660599636970533,1,0.03225806451612903,True,0.8609077525513011,424,trial1,Baseline
1.419614119571463,0.10983637671826166,3,0.0967741935483871,True,0.042109543207392956,425,trial1,Baseline
0.5698450396531155,0.1901275369972103,1,0.03225806451612903,True,0.0022530657952617903,426,trial1,Baseline
2.1818946469642766,0.4522460777494536,3,0.0967741935483871,True,0.21776162385985834,427,trial1,Baseline
1.8530045355497664,0.4901120710558014,3,0.0967741935483871,True,0.3434734471483322,428,trial1,Baseline
1.044554768214783,0.15326707685713337,3,0.0967741935483871,True,0.10118908110034248,429,trial1,Baseline
3.3319774611804958,0.6935434418668442,4,0.12903225806451613,True,0.6485176728231485,430,trial1,Baseline
6.917273845761994,1.3430910351809293,2,0.06451612903225806,True,1.1732199353649242,431,trial1,Baseline
8.95400351843801,1.0051667021862605,2,0.06451612903225806,True,0.7812532039388309,432,trial1,Baseline
4.146591803273549,0.8910626793324024,3,0.0967741935483871,True,0.6382320172573732,433,trial1,Baseline
0.5239661116556792,0.19746660118823525,2,0.06451612903225806,True,0.002403235466136235,434,trial1,Baseline
1.5475113566123444,0.3162854121691487,3,0.0967741935483871,True,0.13998454874062105,435,trial1,Baseline
0.7861472099997642,1.7489466990221503,1,0.03225806451612903,True,1.6005228608144615,436,trial1,Baseline
2.6697378296539767,0.3554907334975776,1,0.03225806451612903,True,0.18133233261730375,437,trial1,Baseline
3.702979017918995,0.35260132533413935,3,0.0967741935483871,True,0.2455205244259353,438,trial1,Baseline
7.3197017514274,0.6958992181252569,1,0.03225806451612903,True,0.5544755548544077,439,trial1,Baseline
0.6732154318413723,0.027917337507477782,1,0.03225806451612903,True,0.048938123132516234,440,trial1,Baseline
1.1787193119702626,0.030049061627853438,0,0.0,True,0.021894171353879437,441,trial1,Baseline
7.505491299678845,1.319321974552547,3,0.0967741935483871,True,1.1332375478227836,442,trial1,Baseline
0.9130675440889314,0.05786552882166478,2,0.06451612903225806,True,0.016748759677196152,443,trial1,Baseline
0.5486617673496292,0.1512821562712142,2,0.06451612903225806,True,0.0030288449794770174,444,trial1,Baseline
2.8606395267475984,0.41638981107567896,2,0.06451612903225806,True,0.2401771405482027,445,trial1,Baseline
1.914912698904755,-0.048198858237934225,1,0.03225806451612903,True,0.08603349370102617,446,trial1,Baseline
2.536813649504664,0.5801769635281557,2,0.06451612903225806,True,0.36208876759656244,447,trial1,Baseline
0.9370604106038408,0.23426267021442426,1,0.03225806451612903,True,0.0470999903557901,448,trial1,Baseline
1.3754974277204142,0.11508036915742896,3,0.0967741935483871,True,0.06916808954939273,449,trial1,Baseline
7.58759271549507,0.8108044601740227,1,0.03225806451612903,True,0.6889947732646464,450,trial1,Baseline
6.801173776123677,0.8409255146237176,3,0.0967741935483871,True,0.674374671000988,451,trial1,Baseline
1.2229737540106291,0.33313100258931644,2,0.06451612903225806,True,0.1786123268704064,452,trial1,Baseline
0.2672093691581471,-0.0889724360235232,0,0.0,False,0.0,453,trial1,Baseline
0.8165207529507775,0.1413547066972684,1,0.03225806451612903,True,0.01771051962755468,454,trial1,Baseline
6.3930354239483576,0.7512677447178475,1,0.03225806451612903,True,0.6461736538086245,455,trial1,Baseline
1.2640824612199804,-0.26567699536033085,1,0.03225806451612903,True,0.04805502345289641,456,trial1,Baseline
0.6671929630996452,0.06945217652050738,3,0.0967741935483871,True,0.00753361010956217,457,trial1,Baseline
2.2585937057290755,0.2842590024115044,2,0.06451612903225806,True,0.18187820567893692,458,trial1,Baseline
2.6622151865133183,0.6353892282971463,3,0.0967741935483871,True,0.46408373704501565,459,trial1,Baseline
0.5292961963716756,0.06471098856971177,1,0.03225806451612903,True,0.006180781324829598,460,trial1,Baseline
1.4556816928912912,-0.11109615117374853,3,0.0967741935483871,True,0.06725887084678434,461,trial1,Baseline
4.148547666124673,1.3201652820164462,4,0.12903225806451613,True,1.0377673635332618,462,trial1,Baseline
1.880383111238126,-0.4470149822751904,1,0.03225806451612903,True,0.0814470350165647,463,trial1,Baseline
1.2116431000624412,0.07168372739113106,3,0.0967741935483871,True,0.06149527907019485,464,trial1,Baseline
4.077499046165585,0.6509335269719757,1,0.03225806451612903,True,0.5025363790394375,465,trial1,Baseline
3.378299457702211,0.1258792560307255,0,0.0,True,0.14093478273983115,466,trial1,Baseline
2.885884643528489,0.6125637541527934,3,0.0967741935483871,True,0.38326470639997484,467,trial1,Baseline
4.8074717837853465,0.6544895332193436,2,0.06451612903225806,True,0.5709243835068175,468,trial1,Baseline
0.9178511817315868,0.27513049740471035,2,0.06451612903225806,True,0.03653784817043963,469,trial1,Baseline
1.348435304636607,-0.3513580608078319,1,0.03225806451612903,True,0.05017078768350918,470,trial1,Baseline
2.4805797050048106,0.08207663319295826,2,0.06451612903225806,True,0.11416973414050836,471,trial1,Baseline
0.9180924777960676,-0.01798375562186279,1,0.03225806451612903,True,0.022767225638464103,472,trial1,Baseline
2.136727621008489,0.01663006314424764,0,0.0,True,0.07277052496365793,473,trial1,Baseline
2.288684072040027,0.039951056846519804,0,0.0,True,0.09329611878274159,474,trial1,Baseline
1.907764789391192,0.20177973794045104,2,0.06451612903225806,True,0.18570523634675257,475,trial1,Baseline
1.6362456305321045,0.32353993335922654,0,0.0,True,0.15605256615774993,476,trial1,Baseline
0.9406543064870818,0.2199448148516673,1,0.03225806451612903,True,0.04866630383322786,477,trial1,Baseline
3.866438331795552,0.7440233676491101,2,0.06451612903225806,True,0.7162926474248478,478,trial1,Baseline
1.8199411829011056,0.35535541588519526,3,0.0967741935483871,True,0.2208398747811239,479,trial1,Baseline
0.507323944594158,-0.12229485317150073,1,0.03225806451612903,True,0.0002362562772309023,480,trial1,Baseline
0.7541671550814678,0.03861665803275342,2,0.06451612903225806,True,0.008355107180264758,481,trial1,Baseline
0.8928389148443334,0.3938780472669107,1,0.03225806451612903,True,0.3456410262904936,482,trial1,Baseline
2.307127208975549,0.2403058776648659,3,0.0967741935483871,True,0.16447052717084112,483,trial1,Baseline
2.6818459919664943,0.4203328787643172,3,0.0967741935483871,True,0.31735621605093584,484,trial1,Baseline
4.282299482337576,0.5322959866612553,13,0.14444444444444443,True,0.6222900572383934,1,trial1,Latrunculin
1.766735700441148,0.22503296568834835,16,0.17777777777777778,True,0.2645160903076899,2,trial1,Latrunculin
3.776964435644665,1.5456728981692167,16,0.17777777777777778,True,1.203166548943553,3,trial1,Latrunculin
2.8377666776701376,0.42259025645992665,15,0.16666666666666666,True,0.5002554408427298,4,trial1,Latrunculin
1.899273369141471,0.29038065397980495,11,0.12222222222222222,True,0.2038078031900045,5,trial1,Latrunculin
1.6903524867213908,-0.01791340737164001,7,0.07777777777777778,True,0.16254230377166165,6,trial1,Latrunculin
3.618477462908439,1.0044594636567867,15,0.16666666666666666,True,0.8513037454269636,7,trial1,Latrunculin
4.234933624632019,1.3111846558005673,15,0.16666666666666666,True,0.9947855272279926,8,trial1,Latrunculin
1.66934854761413,0.22470736173981395,11,0.12222222222222222,True,0.17599752363053128,9,trial1,Latrunculin
3.0090719313644945,0.7318965005130751,15,0.16666666666666666,True,0.5157395692139013,10,trial1,Latrunculin
1.9700325248977304,0.43005098338146935,15,0.16666666666666666,True,0.3759088194529192,11,trial1,Latrunculin
3.86459779048465,0.8314470413343451,15,0.16666666666666666,True,0.7601056644275432,12,trial1,Latrunculin
1.8274154186040537,0.6336979759835362,16,0.17777777777777778,True,0.33595739032890626,13,trial1,Latrunculin
1.9591282551176712,0.4498591963360102,17,0.18888888888888888,True,0.35491729718856857,14,trial1,Latrunculin
3.0005556765836,0.747304319578584,15,0.16666666666666666,True,0.5368630548390347,15,trial1,Latrunculin
1.9520880037537145,0.08675454297945308,17,0.18888888888888888,True,0.21233280619131203,16,trial1,Latrunculin
6.112844226007353,1.8466835288428671,14,0.15555555555555556,True,1.482855189548369,17,trial1,Latrunculin
2.6909590862391983,0.6474729222484105,18,0.2,True,0.46603963121881803,18,trial1,Latrunculin
3.221667579544888,0.7468310331568432,13,0.14444444444444443,True,0.5259334525607614,19,trial1,Latrunculin
2.9219942065461684,0.49570130113781014,17,0.18888888888888888,True,0.47271266138714546,20,trial1,Latrunculin
1.6846668380172651,0.5530629615930873,18,0.2,True,0.263305095312029,21,trial1,Latrunculin
3.083757104717527,1.0202644421472127,17,0.18888888888888888,True,0.6804795051209166,22,trial1,Latrunculin
3.4309215368342016,1.1374487676923968,15,0.16666666666666666,True,0.8234211536259867,23,trial1,Latrunculin
3.2156702039324663,0.6649038560586318,17,0.18888888888888888,True,0.6560191144325047,24,trial1,Latrunculin
2.182798895902222,0.31180762306034016,14,0.15555555555555556,True,0.16346057778974205,25,trial1,Latrunculin
2.1174824598739583,0.3885425257476388,10,0.1111111111111111,True,0.178332837526335,26,trial1,Latrunculin
2.81667536580154,0.4021394519973175,14,0.15555555555555556,True,0.2267719962587882,27,trial1,Latrunculin
3.467489611999437,0.72421452046216,17,0.18888888888888888,True,0.5164797795710808,28,trial1,Latrunculin
4.374237366764048,0.8989615781371091,16,0.17777777777777778,True,0.7786390831479632,29,trial1,Latrunculin
3.2832562631492026,0.6322157059620888,18,0.2,True,0.6620266586245604,30,trial1,Latrunculin
3.069521220625687,0.9002102089904496,16,0.17777777777777778,True,0.6547101894478086,31,trial1,Latrunculin
3.321799760990136,1.4128923876813042,18,0.2,True,0.9753457239612495,32,trial1,Latrunculin
2.204685457625076,0.5526337213908925,13,0.14444444444444443,True,0.32084300597427123,33,trial1,Latrunculin
2.351462870689815,0.4497321034044619,15,0.16666666666666666,True,0.41151865002862487,34,trial1,Latrunculin
3.746927094200484,0.5518190146747695,16,0.17777777777777778,True,0.6181590454312207,35,trial1,Latrunculin
3.468454657873582,1.1496320697245468,15,0.16666666666666666,True,0.7436192950699834,36,trial1,Latrunculin
2.1123822951012583,0.5546728866801893,15,0.16666666666666666,True,0.326582926431248,37,trial1,Latrunculin
2.6986828067315924,0.9932886154091656,14,0.15555555555555556,True,0.6211052687676383,38,trial1,Latrunculin
2.05641513925256,0.2598386893912629,16,0.17777777777777778,True,0.3538331914806173,39,trial1,Latrunculin
2.8367279262317884,1.0525957165847737,15,0.16666666666666666,True,0.6597615643177893,40,trial1,Latrunculin
3.3708927456930207,1.152759133128912,20,0.2222222222222222,True,0.765195144960039,41,trial1,Latrunculin
3.4767522907379305,0.5528774599548815,13,0.14444444444444443,True,0.5599566650782467,42,trial1,Latrunculin
4.987800430313874,1.2465966121553471,18,0.2,True,1.0044306935472775,43,trial1,Latrunculin
3.4499877240363377,1.4008848436665773,17,0.18888888888888888,True,0.9680635154462802,44,trial1,Latrunculin
2.0654035071554726,0.46667586934577016,11,0.12222222222222222,True,0.24199080377501236,45,trial1,Latrunculin
2.51863736574114,0.39458536121855303,17,0.18888888888888888,True,0.3568410233879129,46,trial1,Latrunculin
3.895561027226533,1.2569475970307467,16,0.17777777777777778,True,0.9717718125688296,47,trial1,Latrunculin
2.7370082774233246,0.8093115834753282,17,0.18888888888888888,True,0.46371741012601403,48,trial1,Latrunculin
4.977507081507033,1.6162702439203034,15,0.16666666666666666,True,1.2303290146994321,49,trial1,Latrunculin
3.113371386604313,1.1508268876180465,19,0.2111111111111111,True,0.7155659899040631,50,trial1,Latrunculin
3.0393397347848987,1.0478930144462697,18,0.2,True,0.6149759721448679,51,trial1,Latrunculin
2.155129194424024,0.5587509810516873,19,0.2111111111111111,True,0.3765598024249415,52,trial1,Latrunculin
3.1252895408920827,1.118932066365082,17,0.18888888888888888,True,0.7067598105693147,53,trial1,Latrunculin
3.002987291353732,0.9616333714011387,15,0.16666666666666666,True,0.6991838862541464,54,trial1,Latrunculin
2.151674338211703,0.6915928401952361,13,0.14444444444444443,True,0.3413317873101102,55,trial1,Latrunculin
5.171379101797664,1.7681829763150363,18,0.2,True,1.3278997547806468,56,trial1,Latrunculin
3.893050882062963,1.2988492651666919,17,0.18888888888888888,True,0.9036768767799338,57,trial1,Latrunculin
3.674071508914492,1.1666215805602809,15,0.16666666666666666,True,0.9005847021813008,58,trial1,Latrunculin
6.546475832567064,2.5919693188113606,18,0.2,True,2.1637687132849646,59,trial1,Latrunculin
3.381374651291724,1.4328482544133865,22,0.24444444444444444,True,1.0000590510311076,60,trial1,Latrunculin
2.8076722467613084,1.2223424116335648,21,0.23333333333333334,True,0.7814127755801138,61,trial1,Latrunculin
2.80273093571614,0.7460329821120619,16,0.17777777777777778,True,0.44913573115839617,62,trial1,Latrunculin
2.2797663057135216,0.7918174163467949,16,0.17777777777777778,True,0.4338565197854206,63,trial1,Latrunculin
3.549215821885245,1.1852490870944572,16,0.17777777777777778,True,0.8219600378524969,64,trial1,Latrunculin
2.428294022753619,0.6923537714297218,18,0.2,True,0.4417833199159524,65,trial1,Latrunculin
3.207430211948896,1.148382202405862,18,0.2,True,0.7565080383444521,66,trial1,Latrunculin
3.399493633979481,1.0603792224646948,16,0.17777777777777778,True,0.7775622135513901,67,trial1,Latrunculin
4.819661321572492,1.5593616525039535,21,0.23333333333333334,True,1.1164173459307254,68,trial1,Latrunculin
4.299530390691814,1.6673553390625193,17,0.18888888888888888,True,1.2368895915951192,69,trial1,Latrunculin
3.1629254480511704,1.001865955959137,19,0.2111111111111111,True,0.6397153064130607,70,trial1,Latrunculin
3.324302121430954,1.1331163678928151,15,0.16666666666666666,True,0.8060706657654758,71,trial1,Latrunculin
2.9713320492085296,1.056730638116111,15,0.16666666666666666,True,0.6800376688649703,72,trial1,Latrunculin
3.722423569567292,1.9186767630891073,23,0.25555555555555554,True,1.485321459956856,73,trial1,Latrunculin
2.987864955043693,1.0180584278946945,16,0.17777777777777778,True,0.6077482346779092,74,trial1,Latrunculin
6.051617616364014,2.164740485632783,18,0.2,True,1.7334971822166558,75,trial1,Latrunculin
3.4818907943894035,1.024416652247259,15,0.16666666666666666,True,0.6566162157819767,76,trial1,Latrunculin
3.298353737258587,1.2058597119608334,12,0.13333333333333333,True,0.7700271694677188,77,trial1,Latrunculin
3.3749102217088693,1.3923858095037172,17,0.18888888888888888,True,0.9480572318255377,78,trial1,Latrunculin
2.590441666604252,0.5972323957082448,18,0.2,True,0.3903961043662354,79,trial1,Latrunculin
3.7304544945363,1.3407921520150572,19,0.2111111111111111,True,0.900371310261176,80,trial1,Latrunculin
2.853365682896079,1.1323750384735718,15,0.16666666666666666,True,0.6955773002702241,81,trial1,Latrunculin
3.536964807259249,1.4432876255728382,17,0.18888888888888888,True,1.0374079039913549,82,trial1,Latrunculin
4.341390222895956,1.3192930775573481,16,0.17777777777777778,True,0.8896903934510154,83,trial1,Latrunculin
3.9143285590156127,1.2981043654019244,16,0.17777777777777778,True,0.932882918655966,84,trial1,Latrunculin
4.010040194188382,1.4778599332584172,18,0.2,True,1.0584647802461549,85,trial1,Latrunculin
1.9412188155685572,0.4806348955415993,14,0.15555555555555556,True,0.26900200409381886,86,trial1,Latrunculin
2.9811354904058267,1.1679955158835151,20,0.2222222222222222,True,0.741055403241326,87,trial1,Latrunculin
3.1627596352651683,0.9084365961490412,10,0.1111111111111111,True,0.6605284375715993,88,trial1,Latrunculin
2.9585140314127103,1.2011393538176316,14,0.15555555555555556,True,0.7940905124563186,89,trial1,Latrunculin
5.231436483652522,2.4168544550276803,20,0.2222222222222222,True,1.9724100105832358,90,trial1,Latrunculin
5.17895066351775,2.098095062236259,17,0.18888888888888888,True,1.6542196789787984,91,trial1,Latrunculin
3.831054566121983,1.391528761586805,16,0.17777777777777778,True,1.0109240099067194,92,trial1,Latrunculin
3.4482841649179714,1.2060077996884206,17,0.18888888888888888,True,0.8322475676855915,93,trial1,Latrunculin
2.6467486596007603,0.6897179106998214,17,0.18888888888888888,True,0.49646563708893243,94,trial1,Latrunculin
3.387281139922115,1.3322157626317954,16,0.17777777777777778,True,0.8960129453925327,95,trial1,Latrunculin
2.7232267153690435,1.2089386171647778,18,0.2,True,0.7651760311777919,96,trial1,Latrunculin
3.817661452983912,1.080336860533526,16,0.17777777777777778,True,0.6938441768946316,97,trial1,Latrunculin
3.1995693225320965,1.2394014994517457,16,0.17777777777777778,True,0.8022380560970769,98,trial1,Latrunculin
2.8493285140157445,1.3814115611312459,22,0.24444444444444444,True,0.9415484321545424,99,trial1,Latrunculin
2.9716795711959074,1.1582710948237838,20,0.2222222222222222,True,0.7583038481634066,100,trial1,Latrunculin
5.755686060536442,2.010982919482575,17,0.18888888888888888,True,1.5682825831690057,101,trial1,Latrunculin
3.235935604300284,1.2471854724099127,18,0.2,True,0.8053829565073947,102,trial1,Latrunculin
3.810842635565293,1.3825976614543491,14,0.15555555555555556,True,0.9726998182686057,103,trial1,Latrunculin
2.735744963672168,1.1164155480699836,14,0.15555555555555556,True,0.6850664913626555,104,trial1,Latrunculin
3.0875165207998503,1.375849435784697,21,0.23333333333333334,True,0.9353926653266299,105,trial1,Latrunculin
3.1699649059021717,1.2375310464542468,16,0.17777777777777778,True,0.8217432471343538,106,trial1,Latrunculin
3.4677138211509067,1.1623416943897358,18,0.2,True,0.7891498858870113,107,trial1,Latrunculin
3.7881111331438513,1.693106445066257,24,0.26666666666666666,True,1.258964510150973,108,trial1,Latrunculin
4.243906968577583,1.5087751583051385,20,0.2222222222222222,True,1.070042567368319,109,trial1,Latrunculin
2.4816705962319685,1.1106010545555591,13,0.14444444444444443,True,0.6994731465738333,110,trial1,Latrunculin
2.8196549018648067,0.9253992474338116,16,0.17777777777777778,True,0.5793264201584359,111,trial1,Latrunculin
3.772671134750605,1.14587864915561,16,0.17777777777777778,True,0.8601549774092465,112,trial1,Latrunculin
3.2272375875376778,1.171105872015989,17,0.18888888888888888,True,0.7445118468033163,113,trial1,Latrunculin
3.5562419699315053,0.8838417371664307,15,0.16666666666666666,True,0.7671663309238853,114,trial1,Latrunculin
9.629657482737404,3.9523313051206674,22,0.24444444444444444,True,3.5833018086795345,115,trial1,Latrunculin
6.093846169125713,2.200699846783631,19,0.2111111111111111,True,1.7638413624922105,116,trial1,Latrunculin
4.3461811202181,1.7689952363942487,21,0.23333333333333334,True,1.327206672221995,117,trial1,Latrunculin
4.309201853177144,1.4819311880338664,16,0.17777777777777778,True,1.0529882690706074,118,trial1,Latrunculin
3.822977093083811,1.402641838868465,15,0.16666666666666666,True,0.9817555329998454,119,trial1,Latrunculin
3.3998628541476763,1.1117506868777982,13,0.14444444444444443,True,0.8104642377206083,120,trial1,Latrunculin
3.122500802306902,1.3195973297812476,20,0.2222222222222222,True,0.8871018470783815,121,trial1,Latrunculin
3.7017335181749274,1.3848595271368584,13,0.14444444444444443,True,1.0062395148233927,122,trial1,Latrunculin
3.88030422513906,1.35750149011838,20,0.2222222222222222,True,0.9222549597182966,123,trial1,Latrunculin
6.128834798380032,2.722569448022616,21,0.23333333333333334,True,2.2823468456554115,124,trial1,Latrunculin
5.025570367001318,1.8203492023148367,20,0.2222222222222222,True,1.3855472097183297,125,trial1,Latrunculin
3.473175130770628,1.3420738721976047,17,0.18888888888888888,True,0.9020887084237503,126,trial1,Latrunculin
3.8902768612242,1.8105387530133463,17,0.18888888888888888,True,1.3678984582722769,127,trial1,Latrunculin
4.624889801014386,0.9746962832121427,16,0.17777777777777778,True,0.8986565475096834,128,trial1,Latrunculin
3.256097952182127,0.6924597245226194,16,0.17777777777777778,True,0.5025951951759285,129,trial1,Latrunculin
3.6001360526805435,1.2551563397125391,19,0.2111111111111111,True,0.8830460563153963,130,trial1,Latrunculin
3.5457620704878647,1.4427813261880962,16,0.17777777777777778,True,1.0410220600273807,131,trial1,Latrunculin
11.93441788685834,5.78593882239149,21,0.23333333333333334,True,5.35243272913331,132,trial1,Latrunculin
3.824193227466565,1.4202704717279326,19,0.2111111111111111,True,1.0049802881550276,133,trial1,Latrunculin
3.3196547535824497,1.0298364349371074,13,0.14444444444444443,True,0.6561310750144814,134,trial1,Latrunculin
4.316080199453592,2.1152794987782966,19,0.2111111111111111,True,1.672003427071877,135,trial1,Latrunculin
2.7489123764605936,0.9399089825494238,11,0.12222222222222222,True,0.6250334468944543,136,trial1,Latrunculin
3.830056138456953,1.4905878087696847,16,0.17777777777777778,True,1.1047013417320022,137,trial1,Latrunculin
3.0578773350198336,1.2030531756107345,16,0.17777777777777778,True,0.8214382558128636,138,trial1,Latrunculin
5.072707829316109,2.2116570268868507,18,0.2,True,1.7749538232278372,139,trial1,Latrunculin
3.1344999993795213,1.360442958603983,17,0.18888888888888888,True,0.9314802795906109,140,trial1,Latrunculin
3.689255718832221,1.5482977865096965,16,0.17777777777777778,True,1.1076645883679102,141,trial1,Latrunculin
2.87279469984992,1.2506457370270603,15,0.16666666666666666,True,0.8464198773081961,142,trial1,Latrunculin
4.706273414752909,1.6630309414262667,15,0.16666666666666666,True,1.281506030282252,143,trial1,Latrunculin
5.836063332033211,2.683309834435502,22,0.24444444444444444,True,2.2488681939741637,144,trial1,Latrunculin
2.8133245986895523,1.0610720185602813,16,0.17777777777777778,True,0.6310409355550897,145,trial1,Latrunculin
27.133407695295045,10.847906428513722,21,0.23333333333333334,True,10.412985181789363,146,trial1,Latrunculin
4.610418892946946,2.1398413747180585,20,0.2222222222222222,True,1.6963675610415043,147,trial1,Latrunculin
2.814328393114409,1.1371421451733636,13,0.14444444444444443,True,0.7708312246860822,148,trial1,Latrunculin
11.17121272654633,4.74480562718677,21,0.23333333333333334,True,4.303788585011118,149,trial1,Latrunculin
4.8240627926230975,1.3692636834627054,17,0.18888888888888888,True,1.0749306341407374,150,trial1,Latrunculin
4.655043026451969,1.5213910784397606,15,0.16666666666666666,True,1.2166588172941297,151,trial1,Latrunculin
4.012376771858063,1.4524446501864658,22,0.24444444444444444,True,1.0141458059306958,152,trial1,Latrunculin
4.463945262817593,1.6640143979793764,17,0.18888888888888888,True,1.2627833879939478,153,trial1,Latrunculin
2.568917210638848,0.8220773558815402,11,0.12222222222222222,True,0.47435383318899826,154,trial1,Latrunculin
3.0471964379538443,0.904568058306127,9,0.1,True,0.5778662685261278,155,trial1,Latrunculin
3.099469097657334,1.1150019503619595,17,0.18888888888888888,True,0.7897610886314623,156,trial1,Latrunculin
3.4457357136507274,1.4517884258099394,12,0.13333333333333333,True,1.100628079448077,157,trial1,Latrunculin
4.072853108239641,1.4136168855309532,16,0.17777777777777778,True,0.9995067724838875,158,trial1,Latrunculin
3.860170122618684,1.7137369217788447,14,0.15555555555555556,True,1.2745652242593284,159,trial1,Latrunculin
2.7027439760814604,1.153526723170817,16,0.17777777777777778,True,0.7761194370340155,160,trial1,Latrunculin
11.661263301651122,5.1429139622744655,20,0.2222222222222222,True,4.69846951783002,161,trial1,Latrunculin
4.365504997521413,1.8448169155286729,15,0.16666666666666666,True,1.474749163236995,162,trial1,Latrunculin
15.882537935724004,6.88110627470395,21,0.23333333333333334,True,6.444130028272851,163,trial1,Latrunculin
3.4278133591561537,1.6003788616324282,18,0.2,True,1.1560484593277585,164,trial1,Latrunculin
2.1281083640784715,0.9143676708552563,10,0.1111111111111111,True,0.5481127171348381,165,trial1,Latrunculin
2.918590624235817,0.9869363149749113,11,0.12222222222222222,True,0.6107601219954958,166,trial1,Latrunculin
2.739700447483336,1.0859440635245425,20,0.2222222222222222,True,0.6898050065446564,167,trial1,Latrunculin
4.946242091106838,2.1497405070717464,23,0.25555555555555554,True,1.7085197921649682,168,trial1,Latrunculin
17.05924709366448,7.542058054638891,19,0.2111111111111111,True,7.103014636812103,169,trial1,Latrunculin
5.3607843059804505,1.8309200115778002,17,0.18888888888888888,True,1.4644401894493237,170,trial1,Latrunculin
13.275988614740076,4.779682428002623,16,0.17777777777777778,True,4.388444440890994,171,trial1,Latrunculin
4.907987854469193,1.8761770959503605,21,0.23333333333333334,True,1.442989365370007,172,trial1,Latrunculin
3.7134166793718553,1.1105563178668834,16,0.17777777777777778,True,0.7714303501550032,173,trial1,Latrunculin
3.5853820028169867,1.4681579328547807,20,0.2222222222222222,True,1.0726121617284508,174,trial1,Latrunculin
5.35138757590388,2.1177605093655973,14,0.15555555555555556,True,1.7626914486485825,175,trial1,Latrunculin
7.124771174992739,3.2848664433474872,21,0.23333333333333334,True,2.8480649996282685,176,trial1,Latrunculin
3.781103033298957,1.223174968441607,14,0.15555555555555556,True,0.8196103331600343,177,trial1,Latrunculin
2.960293767805146,1.0753798152118155,14,0.15555555555555556,True,0.7417902905462722,178,trial1,Latrunculin
3.2633552530869734,1.3870214844478053,16,0.17777777777777778,True,0.991413555587073,179,trial1,Latrunculin
4.1703272371852105,1.8590252024306182,14,0.15555555555555556,True,1.4380176325272178,180,trial1,Latrunculin
8.575966699318165,3.2085181072564373,19,0.2111111111111111,True,2.802688264126905,181,trial1,Latrunculin
3.988268773088124,1.9931976215196348,17,0.18888888888888888,True,1.550094588357519,182,trial1,Latrunculin
6.65703491317016,3.391895391122822,18,0.2,True,2.9589719004150834,183,trial1,Latrunculin
5.2282365007032405,2.2154773027241195,16,0.17777777777777778,True,1.7724100471079087,184,trial1,Latrunculin
3.017002113740709,1.1911254049959135,21,0.23333333333333334,True,0.7544506157082702,185,trial1,Latrunculin
7.594561183851548,1.4022663117567313,14,0.15555555555555556,True,1.243325024093776,186,trial1,Latrunculin
2.866388743988828,0.9888334779955282,14,0.15555555555555556,True,0.6148202474108083,187,trial1,Latrunculin
4.260344713628942,2.135964597043726,16,0.17777777777777778,True,1.6942579030432572,188,trial1,Latrunculin
2.970335937797156,1.1394492523260338,13,0.14444444444444443,True,0.7648339773870526,189,trial1,Latrunculin
3.6878617910281166,1.5332265801734741,12,0.13333333333333333,True,1.1473450945638874,190,trial1,Latrunculin
13.635306074642765,5.94640513738914,23,0.25555555555555554,True,5.50653588103772,191,trial1,Latrunculin
15.061451666717222,4.6289620552640365,21,0.23333333333333334,True,4.269584727740876,192,trial1,Latrunculin
3.6312750486014407,1.4689482366960003,14,0.15555555555555556,True,1.1075107362504026,193,trial1,Latrunculin
6.0786620304384,2.4031010888015207,17,0.18888888888888888,True,2.0334947962004604,194,trial1,Latrunculin
5.226977039087153,2.5923811695533208,18,0.2,True,2.1623831833635636,195,trial1,Latrunculin
4.19837651547338,1.8497785468850412,22,0.24444444444444444,True,1.439297715524185,196,trial1,Latrunculin
3.8215296861553294,1.6841937604311172,17,0.18888888888888888,True,1.2603976723914532,197,trial1,Latrunculin
4.580966009141832,2.0219919905553594,13,0.14444444444444443,True,1.6283173946479463,198,trial1,Latrunculin
3.032245057306663,1.0665622634623686,16,0.17777777777777778,True,0.6956287667700949,199,trial1,Latrunculin
3.0894507290343265,1.405509205087481,21,0.23333333333333334,True,0.9804534819893187,200,trial1,Latrunculin
3.5776184270698312,1.6379524981308482,15,0.16666666666666666,True,1.207342854643196,201,trial1,Latrunculin
11.576208430663655,5.430274334195979,18,0.2,True,4.994607634758937,202,trial1,Latrunculin
6.054323009255492,3.034994621493753,16,0.17777777777777778,True,2.615009436667584,203,trial1,Latrunculin
3.4842360699889108,1.43263559662326,12,0.13333333333333333,True,1.0568916210868824,204,trial1,Latrunculin
9.051436355134488,3.467718096244943,19,0.2111111111111111,True,3.046318471682898,205,trial1,Latrunculin
6.655700908661535,3.345570028276211,22,0.24444444444444444,True,2.9011255838317664,206,trial1,Latrunculin
5.538622921464259,2.6573874617825948,19,0.2111111111111111,True,2.240978373996694,207,trial1,Latrunculin
3.5141635011147936,1.5917726417479814,17,0.18888888888888888,True,1.1525796483617492,208,trial1,Latrunculin
2.7943783981935395,0.7842565786255868,16,0.17777777777777778,True,0.49838072754874013,209,trial1,Latrunculin
7.4946339060874,2.939552776961323,18,0.2,True,2.5459145043854665,210,trial1,Latrunculin
10.442757009345796,3.576809089599867,23,0.25555555555555554,True,3.212594935989267,211,trial1,Latrunculin
5.244552548900376,2.3408291386552253,24,0.26666666666666666,True,1.9204345573910793,212,trial1,Latrunculin
3.8156084900491782,1.4866298030222838,17,0.18888888888888888,True,1.069350357643238,213,trial1,Latrunculin
4.604189150847085,2.2411975446464747,16,0.17777777777777778,True,1.8117922289369088,214,trial1,Latrunculin
6.999661284084244,3.2961033598906613,19,0.2111111111111111,True,2.85370706599883,215,trial1,Latrunculin
9.998727752479269,3.1395754951041233,17,0.18888888888888888,True,2.715391540126802,216,trial1,Latrunculin
7.099128486858613,3.2366660187130867,21,0.23333333333333334,True,2.8550188989056906,217,trial1,Latrunculin
5.133966917698064,2.188920639772516,17,0.18888888888888888,True,1.747338752483167,218,trial1,Latrunculin
2.849409905835804,1.1301390713563182,18,0.2,True,0.7086205315652148,219,trial1,Latrunculin
3.1855001071632194,1.2428773096378862,12,0.13333333333333333,True,0.840687352256513,220,trial1,Latrunculin
4.7696254778794,2.44001096830594,18,0.2,True,2.036210822034015,221,trial1,Latrunculin
3.773671936103988,1.494881010566391,24,0.26666666666666666,True,1.1115478553950315,222,trial1,Latrunculin
9.460179496696504,4.734146880468804,19,0.2111111111111111,True,4.295056500524192,223,trial1,Latrunculin
4.012843968132213,1.884871498319312,15,0.16666666666666666,True,1.450700446950902,224,trial1,Latrunculin
4.355442957751032,2.1570096265015137,16,0.17777777777777778,True,1.734796386235619,225,trial1,Latrunculin
3.4812538721730726,1.6983541010793408,12,0.13333333333333333,True,1.2691587177999457,226,trial1,Latrunculin
2.075579681018619,1.0845725024236896,18,0.2,True,0.677557264013381,227,trial1,Latrunculin
4.915342799864668,2.6455742899961225,16,0.17777777777777778,True,2.219018571166467,228,trial1,Latrunculin
11.960378386972224,4.692693578222435,20,0.2222222222222222,True,4.24824913377799,229,trial1,Latrunculin
5.40353274875001,2.7699121683696744,20,0.2222222222222222,True,2.3348079887134467,230,trial1,Latrunculin
4.159838317475402,1.9296915142745752,18,0.2,True,1.5190060056536923,231,trial1,Latrunculin
3.698641322600302,1.9639852612802071,25,0.2777777777777778,True,1.590458222834747,232,trial1,Latrunculin
3.5315879934034395,1.6218465103910107,16,0.17777777777777778,True,1.1987816620619247,233,trial1,Latrunculin
10.389159936484848,3.371512637619166,15,0.16666666666666666,True,3.1059835507115054,234,trial1,Latrunculin
6.90673911835248,2.6732439420519527,21,0.23333333333333334,True,2.252361353970568,235,trial1,Latrunculin
15.580383294232034,6.9998126994346235,18,0.2,True,6.555368254990179,236,trial1,Latrunculin
7.635764264982537,3.492060447905676,17,0.18888888888888888,True,3.0476160034612323,237,trial1,Latrunculin
2.5215742086338038,1.1485267116402957,16,0.17777777777777778,True,0.7734587776546473,238,trial1,Latrunculin
2.9800899021007576,1.3769192151217298,16,0.17777777777777778,True,0.9419025032788625,239,trial1,Latrunculin
2.824536243746606,1.4760023370062643,13,0.14444444444444443,True,1.0343094149853609,240,trial1,Latrunculin
6.149609961781488,2.860550206038086,16,0.17777777777777778,True,2.4271898678214994,241,trial1,Latrunculin
9.29819198381763,4.3075037911645975,17,0.18888888888888888,True,3.881126439916512,242,trial1,Latrunculin
5.64089148130414,2.6968944219542754,17,0.18888888888888888,True,2.2666967502914055,243,trial1,Latrunculin
5.997678384472402,2.243624873187046,17,0.18888888888888888,True,1.8083046637741347,244,trial1,Latrunculin
3.629921906720949,1.7494088191145354,15,0.16666666666666666,True,1.3274458194633367,245,trial1,Latrunculin
4.2300579899906,2.2130889279832644,17,0.18888888888888888,True,1.7956396670703663,246,trial1,Latrunculin
1.3402930985594046,0.13935110582424065,7,0.07777777777777778,True,0.04437872357429318,247,trial1,Latrunculin
3.2849789285089788,1.3501668564466485,21,0.23333333333333334,True,0.9238525948752081,248,trial1,Latrunculin
2.3167818518836767,1.14915573464163,21,0.23333333333333334,True,0.7777204750077402,249,trial1,Latrunculin
8.979627158980275,3.0708505444109235,19,0.2111111111111111,True,2.751738402304514,250,trial1,Latrunculin
3.964622819521389,1.9694192554702306,20,0.2222222222222222,True,1.529137239595127,251,trial1,Latrunculin
9.162955737105232,3.7690651546559364,19,0.2111111111111111,True,3.3646204392418277,252,trial1,Latrunculin
4.991113162906111,2.0672406592324073,17,0.18888888888888888,True,1.6414224039692906,253,trial1,Latrunculin
7.700544041072914,3.5429051420551696,12,0.13333333333333333,True,3.105664015337518,254,trial1,Latrunculin
6.711738710387746,2.960541581923719,16,0.17777777777777778,True,2.5730106338026775,255,trial1,Latrunculin
9.319166086207998,3.8814507377317056,20,0.2222222222222222,True,3.4642273038970663,256,trial1,Latrunculin
4.167627281262267,1.5337875523225182,17,0.18888888888888888,True,1.1252824249937665,257,trial1,Latrunculin
3.910276053287228,1.6712024986209875,20,0.2222222222222222,True,1.248035111850631,258,trial1,Latrunculin
5.370849385968492,2.26215272718324,19,0.2111111111111111,True,1.8477545415276735,259,trial1,Latrunculin
19.60524576635674,8.003026986452577,21,0.23333333333333334,True,7.585178994711031,260,trial1,Latrunculin
10.117667466278425,4.217244910835218,19,0.2111111111111111,True,3.7887766895546067,261,trial1,Latrunculin
7.686653640686235,3.384465639898152,22,0.24444444444444444,True,2.9821129947331366,262,trial1,Latrunculin
3.0138803937047234,1.3652066642568117,14,0.15555555555555556,True,0.9702845898696529,263,trial1,Latrunculin
3.5577161388388103,2.0391216213991235,19,0.2111111111111111,True,1.6064892902078434,264,trial1,Latrunculin
17.425218743754833,4.28161249120246,19,0.2111111111111111,True,3.890053446559715,265,trial1,Latrunculin
6.470410247409027,2.807206328658899,15,0.16666666666666666,True,2.3745461696767256,266,trial1,Latrunculin
4.686608396589267,2.40053060931462,17,0.18888888888888888,True,1.9564326310172273,267,trial1,Latrunculin
3.108663329024242,1.3787848882859206,13,0.14444444444444443,True,0.9643770114802515,268,trial1,Latrunculin
13.864381376009282,7.314149940453068,19,0.2111111111111111,True,6.878995132323119,269,trial1,Latrunculin
2.4722007553987604,0.8601423946504176,21,0.23333333333333334,True,0.5312171797279158,270,trial1,Latrunculin
10.313229719883465,3.397176054629474,16,0.17777777777777778,True,3.0728971832667917,271,trial1,Latrunculin
7.1672417785449545,3.2190499759897775,19,0.2111111111111111,True,2.8342179872829485,272,trial1,Latrunculin
18.683559542399585,6.649446267416645,20,0.2222222222222222,True,6.212584814068301,273,trial1,Latrunculin
7.183101535032005,2.4524413947783237,18,0.2,True,2.0414493016911126,274,trial1,Latrunculin
9.175840883952157,4.01624986053332,15,0.16666666666666666,True,3.580669720005925,275,trial1,Latrunculin
6.916395102534858,2.5636575017005083,21,0.23333333333333334,True,2.132799766390188,276,trial1,Latrunculin
4.057427345270649,2.026700152444122,16,0.17777777777777778,True,1.590798880536649,277,trial1,Latrunculin
8.3518790355074,3.877802737997778,18,0.2,True,3.447181553598782,278,trial1,Latrunculin
4.8008246706742765,2.0948081435023425,16,0.17777777777777778,True,1.6539878373132126,279,trial1,Latrunculin
5.4581316553727,2.740850936529514,13,0.14444444444444443,True,2.3165410041331103,280,trial1,Latrunculin
3.6584117582549527,2.0984647766839495,20,0.2222222222222222,True,1.6664651362307634,281,trial1,Latrunculin
3.586755830352674,1.9335239172045204,18,0.2,True,1.4926348717813482,282,trial1,Latrunculin
3.999227393188788,1.3456500793334074,12,0.13333333333333333,True,0.9934334467535062,283,trial1,Latrunculin
5.908033036434312,2.3154568774055715,15,0.16666666666666666,True,1.8908741242284297,284,trial1,Latrunculin
4.623820008561601,2.3243362864978945,18,0.2,True,1.8801020162587023,285,trial1,Latrunculin
6.136838907314109,1.3671499419113287,17,0.18888888888888888,True,1.1102773347285868,286,trial1,Latrunculin
15.156381716336972,5.3796639309128835,19,0.2111111111111111,True,4.940594800791851,287,trial1,Latrunculin
14.162453478227258,6.1976971339029445,17,0.18888888888888888,True,5.7613305134972945,288,trial1,Latrunculin
13.535512624432334,5.559776484034585,18,0.2,True,5.171689688094483,289,trial1,Latrunculin
16.871076672596256,4.952435430576353,20,0.2222222222222222,True,4.594493299341492,290,trial1,Latrunculin
18.83276523875326,6.338806830782879,20,0.2222222222222222,True,5.912120204036372,291,trial1,Latrunculin
6.786301594813071,2.7127624681320013,19,0.2111111111111111,True,2.309011137980737,292,trial1,Latrunculin
3.8011718862488273,1.776786281143911,17,0.18888888888888888,True,1.336914370527098,293,trial1,Latrunculin
10.605697922020704,4.770022935686255,23,0.25555555555555554,True,4.357479899405242,294,trial1,Latrunculin
4.250925905588918,1.8938384484284412,17,0.18888888888888888,True,1.4582355441748127,295,trial1,Latrunculin
5.238794249153801,2.431021216347347,15,0.16666666666666666,True,2.027775437821877,296,trial1,Latrunculin
6.693469836810077,1.796861074939585,22,0.24444444444444444,True,1.425052362481283,297,trial1,Latrunculin
10.14616479316906,4.895298303555552,22,0.24444444444444444,True,4.455451765774924,298,trial1,Latrunculin
8.371861239771839,4.531945311134352,16,0.17777777777777778,True,4.096026898148556,299,trial1,Latrunculin
4.7795849834746855,1.5802476022834466,12,0.13333333333333333,True,1.1968670568907491,300,trial1,Latrunculin
4.051265994428147,1.8646873707365315,16,0.17777777777777778,True,1.4232258135209253,301,trial1,Latrunculin
7.246855190541364,3.4057447876093905,18,0.2,True,2.991260081259439,302,trial1,Latrunculin
4.79978862531692,2.3086173843461917,18,0.2,True,1.873095657980997,303,trial1,Latrunculin
4.031343400718103,2.0782581295185696,16,0.17777777777777778,True,1.6470287807738682,304,trial1,Latrunculin
4.99988892437138,2.1773652960714522,19,0.2111111111111111,True,1.7329208516270083,305,trial1,Latrunculin
9.254836605992608,3.951425645841652,17,0.18888888888888888,True,3.5106657280086417,306,trial1,Latrunculin
15.88692592547027,6.332395765412203,19,0.2111111111111111,True,5.906552723201653,307,trial1,Latrunculin
14.6694609522811,8.009488762756837,18,0.2,True,7.577061361495411,308,trial1,Latrunculin
16.383588472760703,5.954989763335421,23,0.25555555555555554,True,5.5370738238938415,309,trial1,Latrunculin
12.18834763859414,5.244529944742794,23,0.25555555555555554,True,4.818547673230356,310,trial1,Latrunculin
3.241821418459954,1.211435849792506,20,0.2222222222222222,True,0.8820711652818124,311,trial1,Latrunculin
3.713960642265448,1.9228446808733992,19,0.2111111111111111,True,1.4810919110444956,312,trial1,Latrunculin
6.487868307950614,2.129555683305603,19,0.2111111111111111,True,1.6978606429477408,313,trial1,Latrunculin
6.966260222752761,3.0524475957773807,20,0.2222222222222222,True,2.636343859943594,314,trial1,Latrunculin
9.929931819018131,4.951050079407218,18,0.2,True,4.509884519301591,315,trial1,Latrunculin
8.602204567935171,3.648014906017531,16,0.17777777777777778,True,3.2680210666650233,316,trial1,Latrunculin
7.111289887956385,3.6793969232157786,15,0.16666666666666666,True,3.234952478771334,317,trial1,Latrunculin
26.969241603714227,7.979184666664495,22,0.24444444444444444,True,7.547756081780401,318,trial1,Latrunculin
11.064061745103396,4.0423220148647845,12,0.13333333333333333,True,3.6389140375217273,319,trial1,Latrunculin
8.500862929446031,3.8051939207739314,20,0.2222222222222222,True,3.373748892827903,320,trial1,Latrunculin
16.7865930937002,7.668498157089307,17,0.18888888888888888,True,7.2344376828894905,321,trial1,Latrunculin
5.604028941752121,2.969048672991908,14,0.15555555555555556,True,2.5337786195112963,322,trial1,Latrunculin
11.569422138523072,6.687666744401276,16,0.17777777777777778,True,6.251842187989661,323,trial1,Latrunculin
6.303200430396493,2.6084432277334595,17,0.18888888888888888,True,2.164441149543047,324,trial1,Latrunculin
4.375445108776952,2.0700155827697126,18,0.2,True,1.6365814429329464,325,trial1,Latrunculin
11.501920403753392,4.8883624749067724,19,0.2111111111111111,True,4.453175962900125,326,trial1,Latrunculin
5.450367167951057,2.592599577575023,16,0.17777777777777778,True,2.156593406068265,327,trial1,Latrunculin
9.10712329974726,3.961692988247075,15,0.16666666666666666,True,3.5412190952090055,328,trial1,Latrunculin
11.955818086307293,4.6578235778445904,21,0.23333333333333334,True,4.228528734947015,329,trial1,Latrunculin
5.025233868994073,1.7867620022556332,15,0.16666666666666666,True,1.3458937496606587,330,trial1,Latrunculin
6.752507614800612,2.713148750474706,19,0.2111111111111111,True,2.337922051443128,331,trial1,Latrunculin
7.313600467011168,4.000343269653728,19,0.2111111111111111,True,3.5558988252092845,332,trial1,Latrunculin
5.66852984562412,1.7869937721284097,17,0.18888888888888888,True,1.5033789605719814,333,trial1,Latrunculin
4.028626168731062,1.9770282606605378,16,0.17777777777777778,True,1.536768581342791,334,trial1,Latrunculin
7.425830970810671,3.809665177024261,20,0.2222222222222222,True,3.374626457931803,335,trial1,Latrunculin
9.499088752153718,3.937035165881051,17,0.18888888888888888,True,3.5281830532704292,336,trial1,Latrunculin
15.960632869125874,8.803512491853791,15,0.16666666666666666,True,8.366028179982228,337,trial1,Latrunculin
16.95089109597652,7.960344555184175,17,0.18888888888888888,True,7.530225491910316,338,trial1,Latrunculin
3.787898161172693,0.8265670440776389,12,0.13333333333333333,True,0.8495311163797095,339,trial1,Latrunculin
4.001530861050462,1.8714487910430857,18,0.2,True,1.4358127163524594,340,trial1,Latrunculin
6.0312526185936,3.2131335012957454,19,0.2111111111111111,True,2.7715620876790346,341,trial1,Latrunculin
4.728324126874719,2.0072696683892053,18,0.2,True,1.6155571554655137,342,trial1,Latrunculin
16.556316898757018,6.018875014789119,20,0.2222222222222222,True,5.585942055111989,343,trial1,Latrunculin
8.801469682265658,4.648553406500572,17,0.18888888888888888,True,4.218226265909674,344,trial1,Latrunculin
2.399407502453016,0.9742565476639746,12,0.13333333333333333,True,0.6684837849397438,345,trial1,Latrunculin
6.38992537826969,3.6137568121880626,15,0.16666666666666666,True,3.1972283848840766,346,trial1,Latrunculin
15.636856333214851,8.101774887869302,19,0.2111111111111111,True,7.663318198995706,347,trial1,Latrunculin
16.02925332652472,5.557774633909045,23,0.25555555555555554,True,5.140804695526081,348,trial1,Latrunculin
9.782169098406984,5.010781878359488,15,0.16666666666666666,True,4.5688306945869055,349,trial1,Latrunculin
5.993363596912633,3.215492502642218,17,0.18888888888888888,True,2.8277552780373787,350,trial1,Latrunculin
3.727428096757333,2.1065827653923628,18,0.2,True,1.663064726835274,351,trial1,Latrunculin
8.728817879739632,2.88688207120134,17,0.18888888888888888,True,2.459780549359957,352,trial1,Latrunculin
4.386789542837588,1.9883751253477155,12,0.13333333333333333,True,1.5478670250714583,353,trial1,Latrunculin
11.113177018009132,4.846252166170403,26,0.28888888888888886,True,4.4456012778410745,354,trial1,Latrunculin
3.375769039248126,1.1449287693183987,17,0.18888888888888888,True,0.844301301581289,355,trial1,Latrunculin
8.502736392366732,3.673855431858141,15,0.16666666666666666,True,3.2958026689766644,356,trial1,Latrunculin
8.60440107479044,3.8843273010839576,20,0.2222222222222222,True,3.4634122440660158,357,trial1,Latrunculin
7.379596623967987,3.096967865687825,23,0.25555555555555554,True,2.7141233568503993,358,trial1,Latrunculin
3.88740142307091,1.7057057766757118,15,0.16666666666666666,True,1.2716296193953907,359,trial1,Latrunculin
4.260074665823877,1.8408856682315324,12,0.13333333333333333,True,1.4812222538895108,360,trial1,Latrunculin
13.842502959741052,4.9032927823051455,17,0.18888888888888888,True,4.47423348037993,361,trial1,Latrunculin
5.465870350377632,2.7470786006174808,20,0.2222222222222222,True,2.308256941039497,362,trial1,Latrunculin
14.381537252624296,7.103757339536173,20,0.2222222222222222,True,6.676758807680663,363,trial1,Latrunculin
15.20001402513616,8.63772545189941,17,0.18888888888888888,True,8.202169956946296,364,trial1,Latrunculin
6.351657711699856,2.20392360248085,14,0.15555555555555556,True,1.854336054456553,365,trial1,Latrunculin
7.249196601923692,4.369713029017382,17,0.18888888888888888,True,3.9280866149086546,366,trial1,Latrunculin
15.976644374219156,6.474263328515553,18,0.2,True,6.060786033332518,367,trial1,Latrunculin
9.320994448781034,4.691005344414723,23,0.25555555555555554,True,4.246560899970278,368,trial1,Latrunculin
4.138011344822209,2.283798318943849,15,0.16666666666666666,True,1.8393538744994045,369,trial1,Latrunculin
11.381320467372245,5.819684294796595,18,0.2,True,5.384627323672485,370,trial1,Latrunculin
9.514509531381607,5.386689177875058,17,0.18888888888888888,True,4.965563537717816,371,trial1,Latrunculin
11.3627073688664,3.1451279673037247,18,0.2,True,2.720752706835501,372,trial1,Latrunculin
10.068494482978544,4.3371362444686135,16,0.17777777777777778,True,3.9530111254815203,373,trial1,Latrunculin
5.292766740954439,2.9303777907076647,18,0.2,True,2.4902136030852122,374,trial1,Latrunculin
3.7103108723009104,1.575604797919252,10,0.1111111111111111,True,1.183704451065581,375,trial1,Latrunculin
1.8598626359537176,0.4653291446460327,17,0.18888888888888888,True,0.3507763054252618,376,trial1,Latrunculin
8.585080644502566,2.9395247005043768,14,0.15555555555555556,True,2.6614414416376744,377,trial1,Latrunculin
4.78387553264347,2.15794744299336,14,0.15555555555555556,True,1.7140301979873416,378,trial1,Latrunculin
6.30969717396848,3.0905738712706503,23,0.25555555555555554,True,2.6555800366135967,379,trial1,Latrunculin
16.32013974067445,6.6020884553607475,21,0.23333333333333334,True,6.166537272843176,380,trial1,Latrunculin
4.342725791225462,2.182899299559485,16,0.17777777777777778,True,1.7497295994319386,381,trial1,Latrunculin
10.191854433552088,4.709420529179473,15,0.16666666666666666,True,4.278255305976809,382,trial1,Latrunculin
22.81202581917448,7.748175300954878,20,0.2222222222222222,True,7.349053591119307,383,trial1,Latrunculin
13.409807320948625,7.028792748574179,18,0.2,True,6.585377055208489,384,trial1,Latrunculin
4.8918594113243214,2.1420903546676824,18,0.2,True,1.7089192289338078,385,trial1,Latrunculin
8.539318182306978,4.905340496627331,16,0.17777777777777778,True,4.460896052182886,386,trial1,Latrunculin
15.53927871181948,5.86903035009295,24,0.26666666666666666,True,5.430398825559268,387,trial1,Latrunculin
15.896857259246964,9.467044099746818,16,0.17777777777777778,True,9.023944346375242,388,trial1,Latrunculin
12.994903634246748,6.64279540960354,16,0.17777777777777778,True,6.204526637744236,389,trial1,Latrunculin
5.980594310048696,3.0190131774871287,14,0.15555555555555556,True,2.5760184262348615,390,trial1,Latrunculin
24.88498547922125,6.801569500084721,20,0.2222222222222222,True,6.375214533496534,391,trial1,Latrunculin
4.54332861141587,1.8240743310689658,15,0.16666666666666666,True,1.427497735778024,392,trial1,Latrunculin
5.617380967434759,2.700614461096099,19,0.2111111111111111,True,2.261226373847246,393,trial1,Latrunculin
10.345743194699446,5.008407256991565,16,0.17777777777777778,True,4.642764545248928,394,trial1,Latrunculin
19.73087788764195,9.241683411993115,21,0.23333333333333334,True,8.817690757692036,395,trial1,Latrunculin
6.190817670413746,2.8554871062317457,15,0.16666666666666666,True,2.411042661787301,396,trial1,Latrunculin
25.37944052365888,9.375273258994408,23,0.25555555555555554,True,8.932703199652225,397,trial1,Latrunculin
12.042332821931442,6.7783248856585665,19,0.2111111111111111,True,6.333880441214122,398,trial1,Latrunculin
16.116644167259317,6.583951653008509,16,0.17777777777777778,True,6.210987896691049,399,trial1,Latrunculin
8.577481203883817,4.318041623107533,15,0.16666666666666666,True,3.8751865993514607,400,trial1,Latrunculin
8.75707688276217,4.040591858460571,13,0.14444444444444443,True,3.7033772403697616,401,trial1,Latrunculin
4.2223758256784105,1.7928292411582403,17,0.18888888888888888,True,1.3663598833724235,402,trial1,Latrunculin
12.777434476880462,5.994940828881637,18,0.2,True,5.565683368161864,403,trial1,Latrunculin
10.567954298150164,3.477657780195865,25,0.2777777777777778,True,3.0994127070487245,404,trial1,Latrunculin
4.80606497354576,2.147176432729929,10,0.1111111111111111,True,1.7146783853097216,405,trial1,Latrunculin
8.112810776083297,4.383946620470236,17,0.18888888888888888,True,3.939502176025792,406,trial1,Latrunculin
15.982301545814352,7.514445855010412,19,0.2111111111111111,True,7.070258216546767,407,trial1,Latrunculin
5.5507879214719615,2.139356750887696,16,0.17777777777777778,True,1.7532458843208034,408,trial1,Latrunculin
14.311282050496713,8.14629363901638,17,0.18888888888888888,True,7.720069587269696,409,trial1,Latrunculin
20.539784093512893,10.752329037918425,24,0.26666666666666666,True,10.316049556257225,410,trial1,Latrunculin
19.961046413105667,10.00345832790377,18,0.2,True,9.573416968158813,411,trial1,Latrunculin
13.302868772042803,5.9440493579950004,22,0.24444444444444444,True,5.52662698193084,412,trial1,Latrunculin
15.560603809606254,7.568643790104207,21,0.23333333333333334,True,7.125061515807201,413,trial1,Latrunculin
6.797622139997037,3.3984193993285583,16,0.17777777777777778,True,3.0355334129074727,414,trial1,Latrunculin
13.446621687431175,5.872498119445347,20,0.2222222222222222,True,5.432046577225451,415,trial1,Latrunculin
5.084214025401227,2.4098980284478966,20,0.2222222222222222,True,1.9812547604215789,416,trial1,Latrunculin
5.624502430589829,2.4780756755304605,17,0.18888888888888888,True,2.037214125185451,417,trial1,Latrunculin
6.289634792936218,3.2176433956543393,22,0.24444444444444444,True,2.7735454949626344,418,trial1,Latrunculin
15.914366146326136,8.473361662860794,17,0.18888888888888888,True,8.042691717458101,419,trial1,Latrunculin
21.323434837257008,8.49492951616206,23,0.25555555555555554,True,8.088254221619044,420,trial1,Latrunculin
5.0687539998637545,2.668902779070421,19,0.2111111111111111,True,2.2246140434650004,421,trial1,Latrunculin
11.375218598084356,6.68334875330014,16,0.17777777777777778,True,6.255829193116812,422,trial1,Latrunculin
12.804313616938982,5.103001802817518,20,0.2222222222222222,True,4.673519479824579,423,trial1,Latrunculin
20.646816205609635,11.423909472937215,16,0.17777777777777778,True,10.983602229831694,424,trial1,Latrunculin
13.88001423344545,8.281733597077036,17,0.18888888888888888,True,7.841820764827146,425,trial1,Latrunculin
17.269325448139227,8.42239181914407,20,0.2222222222222222,True,7.989419824632861,426,trial1,Latrunculin
22.92737775778124,10.27003213282699,25,0.2777777777777778,True,9.83037842105921,427,trial1,Latrunculin
15.533895860377903,6.248898785198007,22,0.24444444444444444,True,5.805050523262336,428,trial1,Latrunculin
6.900354546405852,3.2955383041563184,15,0.16666666666666666,True,2.8522989647386843,429,trial1,Latrunculin
19.941455359297457,9.320202361931921,14,0.15555555555555556,True,8.884131430370957,430,trial1,Latrunculin
17.11293939010502,8.300669056757632,18,0.2,True,7.86720421218384,431,trial1,Latrunculin
14.029952250971736,6.911897720645134,19,0.2111111111111111,True,6.46745327620069,432,trial1,Latrunculin
8.541826219168827,3.1867327401734435,21,0.23333333333333334,True,2.8207823391022524,433,trial1,Latrunculin
20.0792916597626,8.531641904059049,23,0.25555555555555554,True,8.093472821064847,434,trial1,Latrunculin
30.135153802357667,12.854684314797128,20,0.2222222222222222,True,12.432511059465128,435,trial1,Latrunculin
7.909818565264096,2.8346028591712074,18,0.2,True,2.511403823569942,436,trial1,Latrunculin
17.423294609891506,9.136090944528835,17,0.18888888888888888,True,8.700919734299648,437,trial1,Latrunculin
6.465574292783356,2.9520536006149714,18,0.2,True,2.5346245396070675,438,trial1,Latrunculin
14.492004992233868,7.072353266187703,20,0.2222222222222222,True,6.664423182675157,439,trial1,Latrunculin
7.520709221579167,4.091081569199478,16,0.17777777777777778,True,3.6478560319379794,440,trial1,Latrunculin
19.97566889101916,7.251617494260906,22,0.24444444444444444,True,6.824285705996716,441,trial1,Latrunculin
23.866172030608627,11.55854754908533,18,0.2,True,11.120838172808153,442,trial1,Latrunculin
22.28046826621583,9.231834424927891,19,0.2111111111111111,True,8.796101822455068,443,trial1,Latrunculin
11.781069897823874,4.740756557069805,19,0.2111111111111111,True,4.322107489145352,444,trial1,Latrunculin
21.09550693078025,10.526547482909644,19,0.2111111111111111,True,10.082674987290652,445,trial1,Latrunculin
8.223631419524157,3.553761680493027,19,0.2111111111111111,True,3.114524917697311,446,trial1,Latrunculin
3.5049449931701853,1.822809939582015,17,0.18888888888888888,True,1.442797570817067,447,trial1,Latrunculin
9.067955251545731,4.917701658469989,20,0.2222222222222222,True,4.504226681097882,448,trial1,Latrunculin
15.266335494032832,5.096059045657397,18,0.2,True,4.657753209076284,449,trial1,Latrunculin
27.39010573522919,12.806585297504482,18,0.2,True,12.364524910260313,450,trial1,Latrunculin
15.348473579672229,5.16211419010425,20,0.2222222222222222,True,4.728934903649001,451,trial1,Latrunculin
15.603363646740991,9.129044641460457,21,0.23333333333333334,True,8.696983667964606,452,trial1,Latrunculin
22.032347286966715,10.769983477743015,18,0.2,True,10.32777371355866,453,trial1,Latrunculin
22.55160862269876,12.66098440659192,21,0.23333333333333334,True,12.225623023219997,454,trial1,Latrunculin
16.39918934863256,9.210217489977282,21,0.23333333333333334,True,8.776746813058123,455,trial1,Latrunculin
12.386180797473743,4.724688325828648,18,0.2,True,4.313539760908247,456,trial1,Latrunculin
27.39534643836021,14.0628552962057,19,0.2111111111111111,True,13.657806733599891,457,trial1,Latrunculin
26.40904990025032,8.94196658633041,23,0.25555555555555554,True,8.50303470554433,458,trial1,Latrunculin
13.44280481330062,7.432373986424305,22,0.24444444444444444,True,6.989619812120057,459,trial1,Latrunculin
16.96400217360843,6.5194443779906575,19,0.2111111111111111,True,6.088239502485183,460,trial1,Latrunculin
21.326854151211183,9.182839975021695,23,0.25555555555555554,True,8.739841795214318,461,trial1,Latrunculin
21.44168245547556,10.50407772304324,19,0.2111111111111111,True,10.062259273293757,462,trial1,Latrunculin
23.43514093699097,10.634853873085392,15,0.16666666666666666,True,10.197020828014562,463,trial1,Latrunculin
28.23288696042493,11.59651677134284,25,0.2777777777777778,True,11.160383662205314,464,trial1,Latrunculin
19.009524288733303,10.062071606677623,19,0.2111111111111111,True,9.642289199736116,465,trial1,Latrunculin
5.6710533958174745,2.4736735111869232,17,0.18888888888888888,True,2.1816240714077306,466,trial1,Latrunculin
6.9647022459703205,2.817786557501581,13,0.14444444444444443,True,2.4998824326295614,467,trial1,Latrunculin
24.969134187810614,12.959251283288559,20,0.2222222222222222,True,12.560580198119922,468,trial1,Latrunculin
15.90946961374522,9.161192502429044,19,0.2111111111111111,True,8.755349904547073,469,trial1,Latrunculin
32.642783904245746,16.521710016949505,18,0.2,True,16.11969851267493,470,trial1,Latrunculin
15.895835704084256,8.083234205755465,20,0.2222222222222222,True,7.638789761311021,471,trial1,Latrunculin
9.564901261135711,3.7447254933938603,16,0.17777777777777778,True,3.350918743998659,472,trial1,Latrunculin
8.26957825505638,2.9113708463895103,21,0.23333333333333334,True,2.5205614077571945,473,trial1,Latrunculin
6.270938380910788,2.16972138680448,15,0.16666666666666666,True,1.7870934162464762,474,trial1,Latrunculin
33.15157709125701,15.123807220680323,19,0.2111111111111111,True,14.708388661776505,475,trial1,Latrunculin
10.55478039142709,4.58971204984279,18,0.2,True,4.163197851185205,476,trial1,Latrunculin
22.672168363811547,10.4901320685956,18,0.2,True,10.059800764210152,477,trial1,Latrunculin
30.85972148474972,13.49259968753983,23,0.25555555555555554,True,13.069904065013619,478,trial1,Latrunculin
31.92678055586108,14.297005664871426,22,0.24444444444444444,True,13.880431172165906,479,trial1,Latrunculin
12.432311291457914,4.560038059155592,18,0.2,True,4.147266676328103,480,trial1,Latrunculin
30.295434261642026,17.27955393537371,17,0.18888888888888888,True,16.882493001329046,481,trial1,Latrunculin
27.98563693618178,14.057191411864501,18,0.2,True,13.669254145176188,482,trial1,Latrunculin
36.08599311951772,16.872599558656578,21,0.23333333333333334,True,16.47259955865658,483,trial1,Latrunculin
19.36640278111925,7.702319529128089,20,0.2222222222222222,True,7.284641791542913,484,trial1,Latrunculin
35.887880506712044,16.52933284442076,24,0.26666666666666666,True,16.13742730767688,485,trial1,Latrunculin
24.887408172735945,12.926271012889623,17,0.18888888888888888,True,12.511763351010474,486,trial1,Latrunculin
32.56487258408895,17.548171872063392,20,0.2222222222222222,True,17.14860768346751,487,trial1,Latrunculin
28.37073900993304,14.97295051013871,16,0.17777777777777778,True,14.576356267659296,488,trial1,Latrunculin
33.494893435577424,14.621971913707672,22,0.24444444444444444,True,14.221748564965532,489,trial1,Latrunculin
29.30523148262339,10.723099891199194,21,0.23333333333333334,True,10.322566027290641,490,trial1,Latrunculin
26.136420324254736,15.829878758349615,20,0.2222222222222222,True,15.443168330256478,491,trial1,Latrunculin
19.036975368275023,8.843900099791874,19,0.2111111111111111,True,8.42339487132305,492,trial1,Latrunculin
25.329723891022063,10.907625355070564,23,0.25555555555555554,True,10.507625355070564,493,trial1,Latrunculin
36.900044143995984,16.70626161905559,19,0.2111111111111111,True,16.306261619055586,494,trial1,Latrunculin
31.50936057817897,17.152723355811624,18,0.2,True,16.754459859970268,495,trial1,Latrunculin
42.05577717372118,14.839021859788268,23,0.25555555555555554,True,14.438405447492185,496,trial1,Latrunculin
31.874382540851943,15.886279356567643,24,0.26666666666666666,True,15.486279356567643,497,trial1,Latrunculin
19.097156789059778,7.829357441252731,19,0.2111111111111111,True,7.416593951837118,498,trial1,Latrunculin
51.01312926506512,22.7295899812645,21,0.23333333333333334,True,22.330073854690117,499,trial1,Latrunculin
3.616214106724725,1.2018684358268632,24,0.26666666666666666,True,0.9555175569522608,500,trial1,Latrunculin
8.942649717067471,4.43951547646219,24,0.26666666666666666,True,4.042416437496305,501,trial1,Latrunculin
31.82656297485369,13.615201725426225,20,0.2222222222222222,True,13.215363938695761,502,trial1,Latrunculin
30.506183078439825,14.907915963714709,19,0.2111111111111111,True,14.507915963714709,503,trial1,Latrunculin
31.616708330911,11.284636229159805,25,0.2777777777777778,True,10.901012215052098,504,trial1,Latrunculin
32.00924348270574,17.914757506484165,16,0.17777777777777778,True,17.518310307453476,505,trial1,Latrunculin
30.12941050106515,17.60762428169922,18,0.2,True,17.21033169633356,506,trial1,Latrunculin
20.817939763213943,11.329118918666026,17,0.18888888888888888,True,10.930324590082725,507,trial1,Latrunculin
34.23813917622595,14.003296092106034,22,0.24444444444444444,True,13.603296092106035,508,trial1,Latrunculin
13.229316728994348,6.043708691282518,20,0.2222222222222222,True,5.644937232241729,509,trial1,Latrunculin
35.0690969004222,12.889604000045766,21,0.23333333333333334,True,12.490995892401513,510,trial1,Latrunculin
38.4067331851052,15.594444893191186,22,0.24444444444444444,True,15.194444893191188,511,trial1,Latrunculin
27.04060981292856,13.653260250464164,20,0.2222222222222222,True,13.253260250464164,512,trial1,Latrunculin
34.64723388547962,15.976858046622267,18,0.2,True,15.578773896860916,513,trial1,Latrunculin
7.16260585241655,3.1598553223134904,19,0.2111111111111111,True,2.7771799206379675,514,trial1,Latrunculin
31.960928405122228,13.832497278273614,18,0.2,True,13.435188823136286,515,trial1,Latrunculin
31.78287710177889,16.639089058307643,16,0.17777777777777778,True,16.24351090069147,516,trial1,Latrunculin
46.7031661217003,19.20679923084421,21,0.23333333333333334,True,18.806799230844213,517,trial1,Latrunculin
8.403402901209793,2.070767851429058,2,0.06451612903225806,True,1.9460519891024302,1,trial2,Baseline
2.905899609849162,0.6639932126586732,3,0.0967741935483871,True,0.6350393875580432,2,trial2,Baseline
6.51719710350851,1.926077485205216,3,0.0967741935483871,True,1.7777274345243939,3,trial2,Baseline
5.723000182739881,1.5750992133452077,3,0.0967741935483871,True,1.5639134367520249,4,trial2,Baseline
6.17769451363741,1.8544575387771334,3,0.0967741935483871,True,1.7516163469310169,5,trial2,Baseline
16.486216686509753,4.974170504802224,3,0.0967741935483871,True,4.8269663120515,6,trial2,Baseline
6.914934307704268,2.1142366327024495,4,0.12903225806451613,True,2.0448011676401183,7,trial2,Baseline
2.987731237419726,1.0001329528203002,5,0.16129032258064516,True,0.8281520750578301,8,trial2,Baseline
3.340977959931111,0.9772519498931436,4,0.12903225806451613,True,0.8771322945623808,9,trial2,Baseline
3.794182487880183,0.993348843670306,3,0.0967741935483871,True,0.9289001610151204,10,trial2,Baseline
4.918494246997796,1.6482487154651588,2,0.06451612903225806,True,1.4733903204450476,11,trial2,Baseline
6.909713298178756,2.0171031923576677,3,0.0967741935483871,True,1.9534454391725284,12,trial2,Baseline
7.693917839125122,2.110749689427809,4,0.12903225806451613,True,2.051050082735016,13,trial2,Baseline
1.9376330817789889,0.4955669948207782,3,0.0967741935483871,True,0.4849267630021186,14,trial2,Baseline
0.905120821392264,0.07658105501456686,3,0.0967741935483871,True,0.11792177678666436,15,trial2,Baseline
1.9756960301354092,0.4189141116599764,3,0.0967741935483871,True,0.4885416197224657,16,trial2,Baseline
7.781501057082451,2.444939644001909,4,0.12903225806451613,True,2.294663438586919,17,trial2,Baseline
3.706972783545672,0.9265464230663175,5,0.16129032258064516,True,0.940897896828709,18,trial2,Baseline
6.041863036950834,1.5332311098233506,4,0.12903225806451613,True,1.4486819451614357,19,trial2,Baseline
1.625195192962185,0.3604813385103097,3,0.0967741935483871,True,0.34996956438226384,20,trial2,Baseline
1.6024774434042757,-0.04499255384916909,2,0.06451612903225806,True,0.04758157727218866,21,trial2,Baseline
6.13732342261329,1.8792144764173657,4,0.12903225806451613,True,1.7888784198758827,22,trial2,Baseline
2.209097799196328,0.5420525611461212,3,0.0967741935483871,True,0.5646875010090882,23,trial2,Baseline
2.503013016355484,0.6864778829871914,4,0.12903225806451613,True,0.5152005796813748,24,trial2,Baseline
3.650697180234972,0.933378627704668,2,0.06451612903225806,True,0.7803749324568959,25,trial2,Baseline
1.722256987901544,0.34834537795900805,3,0.0967741935483871,True,0.3356699234257877,26,trial2,Baseline
2.510070825825558,0.4385895146471398,6,0.1935483870967742,True,0.23172999286965154,27,trial2,Baseline
1.3481522777954762,0.23310664995015873,4,0.12903225806451613,True,0.21451407372391043,28,trial2,Baseline
1.2657940036143478,0.11546643062290675,3,0.0967741935483871,True,0.09274943870701344,29,trial2,Baseline
1.590594203281461,0.46348648577241164,5,0.16129032258064516,True,0.2689058985663747,30,trial2,Baseline
4.6985747498231065,1.2703977722925626,4,0.12903225806451613,True,1.1680213771223054,31,trial2,Baseline
2.7646184541070613,0.5370780523788694,5,0.16129032258064516,True,0.49897896408043346,32,trial2,Baseline
2.09175466129095,0.40522350043849625,3,0.0967741935483871,True,0.21478430421633662,33,trial2,Baseline
1.731137921440676,0.50446743638258,3,0.0967741935483871,True,0.3344731394928555,34,trial2,Baseline
1.9781964155128384,0.3347990555416106,3,0.0967741935483871,True,0.21954600459179568,35,trial2,Baseline
2.6581344488827705,0.40228701274962936,3,0.0967741935483871,True,0.27820702377707723,36,trial2,Baseline
4.431356836707551,0.9177766745369418,2,0.06451612903225806,True,0.691366891863198,37,trial2,Baseline
1.3596608923794795,0.1367581710661872,4,0.12903225806451613,True,0.07396365940040305,38,trial2,Baseline
2.569157324922211,0.5501528961584838,3,0.0967741935483871,True,0.40428599075198224,39,trial2,Baseline
3.412008514826828,0.5282082808201977,5,0.16129032258064516,True,0.3754059108383861,40,trial2,Baseline
3.131082238189196,0.5834241032988227,3,0.0967741935483871,True,0.43281961736106184,41,trial2,Baseline
1.2129237763096588,0.3514094545017329,5,0.16129032258064516,True,0.17907697804724557,42,trial2,Baseline
1.5139751108568154,0.3021398018650706,4,0.12903225806451613,True,0.231276618324943,43,trial2,Baseline
2.688519166884916,0.5876764206696704,3,0.0967741935483871,True,0.413069480652587,44,trial2,Baseline
1.6831507908214582,0.22883382257147922,3,0.0967741935483871,True,0.05893476074506897,45,trial2,Baseline
2.4937729605794536,0.6277799583295163,6,0.1935483870967742,True,0.35624481535302677,46,trial2,Baseline
4.228021154288342,0.9552149177786514,4,0.12903225806451613,True,0.6800390449417367,47,trial2,Baseline
2.491866730366845,0.6205332370962833,2,0.06451612903225806,True,0.41360875996699137,48,trial2,Baseline
3.3356222129135227,0.5698138490071553,4,0.12903225806451613,True,0.37449462342785267,49,trial2,Baseline
1.8984764329626267,0.19268572234920653,4,0.12903225806451613,True,0.10515464861987997,50,trial2,Baseline
2.354927232363099,0.6360643410729352,5,0.16129032258064516,True,0.34535434934831416,51,trial2,Baseline
2.1148883472446087,0.16797815540377667,3,0.0967741935483871,True,0.16540372737043066,52,trial2,Baseline
2.438452104055695,0.5277894861106022,4,0.12903225806451613,True,0.31796796036773417,53,trial2,Baseline
0.8837679602119948,0.25030331704655145,3,0.0967741935483871,True,0.10554910853012318,54,trial2,Baseline
1.9890070195072491,0.36710820142305994,5,0.16129032258064516,True,0.2302623383786023,55,trial2,Baseline
0.5006277285394509,0.05814163600769953,1,0.03225806451612903,True,2.0249307724223306e-05,56,trial2,Baseline
2.740099031787435,0.6299679544316868,3,0.0967741935483871,True,0.4758685604024022,57,trial2,Baseline
1.084585307739397,0.029594731498173245,3,0.0967741935483871,True,0.0493988867285272,58,trial2,Baseline
1.2983094989317403,-0.03486017044862873,1,0.03225806451612903,True,0.025751919320378718,59,trial2,Baseline
2.908063932333835,0.7820713268681599,3,0.0967741935483871,True,0.5811290967827969,60,trial2,Baseline
2.16540160948516,0.43229434517652665,4,0.12903225806451613,True,0.24970146646250627,61,trial2,Baseline
5.004845555293564,1.0263826243049803,4,0.12903225806451613,True,0.7594150040693388,62,trial2,Baseline
2.8688971967486454,0.27485242506958546,3,0.0967741935483871,True,0.19640618066667567,63,trial2,Baseline
3.0597290841105838,0.9095813449900357,3,0.0967741935483871,True,0.6061111767862946,64,trial2,Baseline
4.320646154677328,1.2458641551984204,2,0.06451612903225806,True,1.0680609521353028,65,trial2,Baseline
3.1607939992141554,0.3415645374286239,3,0.0967741935483871,True,0.19817611645835162,66,trial2,Baseline
2.550508025085384,0.5452187859745846,5,0.16129032258064516,True,0.2869713918533002,67,trial2,Baseline
2.5426358347882667,0.35695901036976946,4,0.12903225806451613,True,0.13998570343088707,68,trial2,Baseline
1.5937042707122633,0.13711425700844507,3,0.0967741935483871,True,0.11180957952550136,69,trial2,Baseline
2.5154148751257885,0.532721381333349,3,0.0967741935483871,True,0.34315397758963107,70,trial2,Baseline
1.8169316943175169,0.21012748192876432,2,0.06451612903225806,True,0.09222712154321158,71,trial2,Baseline
1.6135475150536274,0.4587897077625865,4,0.12903225806451613,True,0.270853871895756,72,trial2,Baseline
1.8747751596366575,0.3294741781722073,5,0.16129032258064516,True,0.18235759264148255,73,trial2,Baseline
1.9178611709949605,0.2436431906114815,3,0.0967741935483871,True,0.13021298437411488,74,trial2,Baseline
0.8169109167112036,0.22201440469698439,4,0.12903225806451613,True,0.06661657096244032,75,trial2,Baseline
3.3302513493363475,0.5841663034670385,3,0.0967741935483871,True,0.38070779935691024,76,trial2,Baseline
2.56099417970815,0.1669663943034559,2,0.06451612903225806,True,0.12358493945324944,77,trial2,Baseline
4.16765128156848,0.4781584044303495,4,0.12903225806451613,True,0.29243461187748515,78,trial2,Baseline
2.1422435812536658,0.6302132573424892,4,0.12903225806451613,True,0.4228618267464905,79,trial2,Baseline
4.422833075885782,0.9680452514108211,2,0.06451612903225806,True,0.6951484523619941,80,trial2,Baseline
4.022578934059855,0.5640829873157095,3,0.0967741935483871,True,0.36200411559759743,81,trial2,Baseline
2.961497077847836,0.6012944990850745,5,0.16129032258064516,True,0.3361315550863151,82,trial2,Baseline
2.7898542319143176,0.8361465438857104,1,0.03225806451612903,True,0.647397639921522,83,trial2,Baseline
1.2441577540906184,0.1144650921238856,4,0.12903225806451613,True,0.076475813249463,84,trial2,Baseline
0.893786022732994,0.26688753999993836,4,0.12903225806451613,True,0.041724565938165765,85,trial2,Baseline
1.1273494345501736,0.3839868029277459,3,0.0967741935483871,True,0.14471681810595793,86,trial2,Baseline
2.5002826455624643,0.4261259628790036,4,0.12903225806451613,True,0.23520650468625448,87,trial2,Baseline
2.1167079535295925,0.028528918129312422,2,0.06451612903225806,True,0.109068726448566,88,trial2,Baseline
3.156676067547927,0.8580412976453329,6,0.1935483870967742,True,0.653979709501048,89,trial2,Baseline
2.263786869349121,0.30346505995838285,2,0.06451612903225806,True,0.14851510727845085,90,trial2,Baseline
1.4824807899672183,0.13764927723114387,4,0.12903225806451613,True,0.11720564325516225,91,trial2,Baseline
3.6195535086176576,0.6843724470402687,6,0.1935483870967742,True,0.42571933186207195,92,trial2,Baseline
2.9041535261356777,0.4468461643358234,4,0.12903225806451613,True,0.2883569664475437,93,trial2,Baseline
2.814559252677741,0.31422819981393707,4,0.12903225806451613,True,0.15795954686514754,94,trial2,Baseline
2.2198776735847243,0.4736237088289548,3,0.0967741935483871,True,0.25478507673901246,95,trial2,Baseline
1.381852831490578,0.16812944138628755,3,0.0967741935483871,True,0.034000304196373066,96,trial2,Baseline
1.1796642834520443,0.5029978573457908,3,0.0967741935483871,True,0.23446738729001942,97,trial2,Baseline
4.848768970566534,0.7895345929175576,4,0.12903225806451613,True,0.5300621712064452,98,trial2,Baseline
2.967977027075233,0.580461506772548,3,0.0967741935483871,True,0.34104471343106,99,trial2,Baseline
0.8288681637598264,0.17733331757892282,2,0.06451612903225806,True,0.018679374416594497,100,trial2,Baseline
2.785492829531512,0.6620158172912624,5,0.16129032258064516,True,0.40231556530239726,101,trial2,Baseline
4.450961360533767,0.8251566321020544,6,0.1935483870967742,True,0.5317439821275699,102,trial2,Baseline
4.482255809679054,0.6409520814481887,4,0.12903225806451613,True,0.38356853809360086,103,trial2,Baseline
1.1570194728328715,0.07569412566675975,2,0.06451612903225806,True,0.04313084095106035,104,trial2,Baseline
2.890846123253512,1.026650311500735,4,0.12903225806451613,True,0.7252606031003334,105,trial2,Baseline
3.525440109532407,0.8870143953970061,6,0.1935483870967742,True,0.5769920243035852,106,trial2,Baseline
2.591223894147808,0.36920778787883635,4,0.12903225806451613,True,0.18223015250275534,107,trial2,Baseline
0.8640644713403537,-0.09880767658876506,3,0.0967741935483871,True,0.01850413443338388,108,trial2,Baseline
1.4643903969527414,-0.10455516439500476,1,0.03225806451612903,True,0.04331404441178081,109,trial2,Baseline
1.7656536826886975,0.5042432355232077,5,0.16129032258064516,True,0.22384091953352353,110,trial2,Baseline
2.549723582214737,0.5016738814476861,4,0.12903225806451613,True,0.244246525733733,111,trial2,Baseline
4.036405914465343,0.5791383459594167,4,0.12903225806451613,True,0.37267569549174945,112,trial2,Baseline
2.7759467577060617,0.4315895358961826,3,0.0967741935483871,True,0.22980695740179685,113,trial2,Baseline
4.82999357364024,0.6808901140941351,4,0.12903225806451613,True,0.4197625773714062,114,trial2,Baseline
3.5032807815940297,0.4278558049364786,3,0.0967741935483871,True,0.2520167596837543,115,trial2,Baseline
2.1561174478034744,0.4581352025756557,2,0.06451612903225806,True,0.27235410525318277,116,trial2,Baseline
4.479744568706288,0.9140606011725252,5,0.16129032258064516,True,0.6453487548323882,117,trial2,Baseline
2.3013085156593305,0.16873257976840755,2,0.06451612903225806,True,0.09528397460319017,118,trial2,Baseline
2.553187683087726,0.6214003717839498,3,0.0967741935483871,True,0.36596121010842625,119,trial2,Baseline
2.0873708850412425,0.5393589377875048,2,0.06451612903225806,True,0.31718712170425756,120,trial2,Baseline
2.3349266623800458,0.4024260763287321,4,0.12903225806451613,True,0.21899279792833315,121,trial2,Baseline
1.519253612277564,0.47867385417501346,5,0.16129032258064516,True,0.18195510263012613,122,trial2,Baseline
4.375611150332444,0.6966016319549364,5,0.16129032258064516,True,0.45070365565111803,123,trial2,Baseline
2.831892678666732,0.2344113149727442,4,0.12903225806451613,True,0.1886945116998284,124,trial2,Baseline
0.760402378642401,0.25182888958916333,1,0.03225806451612903,True,0.053363443630135794,125,trial2,Baseline
5.385683691349211,0.5932607462333491,6,0.1935483870967742,True,0.3287651330705348,126,trial2,Baseline
1.2795804353358895,0.17012613884788763,2,0.06451612903225806,True,0.060277494428994285,127,trial2,Baseline
4.761240868402099,0.8942029081712242,6,0.1935483870967742,True,0.594572163708529,128,trial2,Baseline
3.595531841104333,0.5233776929328047,2,0.06451612903225806,True,0.34354236240268105,129,trial2,Baseline
4.873254769145701,0.7054868586513509,4,0.12903225806451613,True,0.5022067610834144,130,trial2,Baseline
3.2659574151502087,0.568137823585005,4,0.12903225806451613,True,0.3502620454762538,131,trial2,Baseline
3.803082560123905,0.6654167790416722,4,0.12903225806451613,True,0.43715741043577155,132,trial2,Baseline
2.517735676842736,0.2539719368852146,2,0.06451612903225806,True,0.1512285118487538,133,trial2,Baseline
2.716857956202912,0.5075937040751797,5,0.16129032258064516,True,0.24372547498980326,134,trial2,Baseline
3.9851103476760223,0.6279502793820575,6,0.1935483870967742,True,0.43986012151500553,135,trial2,Baseline
2.728464932797421,0.5505779409303935,4,0.12903225806451613,True,0.27578484064058445,136,trial2,Baseline
2.7658896156747805,0.12563266906116702,2,0.06451612903225806,True,0.17726997842961043,137,trial2,Baseline
1.4676798648878038,0.5036337464695833,5,0.16129032258064516,True,0.2729350159328393,138,trial2,Baseline
3.765231974112435,0.6223861825588637,3,0.0967741935483871,True,0.3645756635095453,139,trial2,Baseline
5.348477524287888,0.7643611881455823,4,0.12903225806451613,True,0.5468979221471907,140,trial2,Baseline
4.005085473275604,0.4054017689440275,3,0.0967741935483871,True,0.23090336306456422,141,trial2,Baseline
3.864228154807587,0.4100522632988038,2,0.06451612903225806,True,0.2220827689380409,142,trial2,Baseline
6.412033062453483,1.0732148262054049,4,0.12903225806451613,True,0.8492489807532193,143,trial2,Baseline
3.7216233497574,0.7876308091390772,5,0.16129032258064516,True,0.5101772998445759,144,trial2,Baseline
3.957339460658092,0.6580490372300746,6,0.1935483870967742,True,0.42444855933861325,145,trial2,Baseline
3.2333699543381846,0.545503545025361,4,0.12903225806451613,True,0.2839961443236754,146,trial2,Baseline
1.632941261452151,0.38996517606340786,3,0.0967741935483871,True,0.24793501085262537,147,trial2,Baseline
1.2112935368968405,0.35003182911956193,3,0.0967741935483871,True,0.17013431038693347,148,trial2,Baseline
3.7290870618189182,0.40953351017122036,3,0.0967741935483871,True,0.25206422028248227,149,trial2,Baseline
3.752460738099309,0.9489699684770251,2,0.06451612903225806,True,0.7057587141210481,150,trial2,Baseline
4.633093828455802,0.7363670483514385,3,0.0967741935483871,True,0.5359314732194124,151,trial2,Baseline
1.902956633091451,0.1684927329004503,3,0.0967741935483871,True,0.05898732341449689,152,trial2,Baseline
1.7044716607496475,0.1494717628995137,2,0.06451612903225806,True,0.09511224399948665,153,trial2,Baseline
2.2363250320412957,0.5168501103584181,5,0.16129032258064516,True,0.2535416912975437,154,trial2,Baseline
1.7807610630007216,0.6185300393715828,5,0.16129032258064516,True,0.3102548045004266,155,trial2,Baseline
1.9335670222602503,0.22693221848816567,3,0.0967741935483871,True,0.13009805942328934,156,trial2,Baseline
3.469126796666229,0.4713099047852459,2,0.06451612903225806,True,0.2649480146113235,157,trial2,Baseline
1.829384428943576,0.4713070461571324,4,0.12903225806451613,True,0.2092173901801546,158,trial2,Baseline
1.2617690053415176,0.19132301174794178,2,0.06451612903225806,True,0.08223329119149074,159,trial2,Baseline
5.004832104979005,0.7363301402620391,4,0.12903225806451613,True,0.5262314724901728,160,trial2,Baseline
0.6541320930398131,0.041726736790173954,0,0.0,True,0.004972003001284294,161,trial2,Baseline
3.4042689903561625,0.5771640634190358,5,0.16129032258064516,True,0.3664439147060112,162,trial2,Baseline
5.721641645889697,0.8772313496389056,4,0.12903225806451613,True,0.6047461616080377,163,trial2,Baseline
3.781369038904343,0.5379863579553336,4,0.12903225806451613,True,0.3642932125096013,164,trial2,Baseline
4.006106676289085,0.9804674490345195,4,0.12903225806451613,True,0.6805334764660133,165,trial2,Baseline
2.5599795185070358,0.5201448754543904,3,0.0967741935483871,True,0.31602482141197197,166,trial2,Baseline
3.065845253637267,0.2619325311281676,1,0.03225806451612903,True,0.20184614518516644,167,trial2,Baseline
4.668522205900169,0.706698816211168,3,0.0967741935483871,True,0.5193442839020177,168,trial2,Baseline
5.847186653019807,1.125578410377017,3,0.0967741935483871,True,0.8324263216238724,169,trial2,Baseline
4.307639078542378,0.9148654578632736,4,0.12903225806451613,True,0.6369465329146257,170,trial2,Baseline
1.655694827019787,0.3101697153585104,1,0.03225806451612903,True,0.15902744434055244,171,trial2,Baseline
1.8339872360913343,0.49399756591541377,3,0.0967741935483871,True,0.35317192680298554,172,trial2,Baseline
5.258620779950806,0.8487443321261057,3,0.0967741935483871,True,0.6204414790806119,173,trial2,Baseline
2.6152802247842053,0.3194365477700643,2,0.06451612903225806,True,0.21071835692214988,174,trial2,Baseline
1.9710679320090696,0.49793215805837865,3,0.0967741935483871,True,0.24986203248694244,175,trial2,Baseline
1.8113219404013383,0.4308535381533682,5,0.16129032258064516,True,0.23618821657247044,176,trial2,Baseline
3.735342142870911,0.4582555861397455,6,0.1935483870967742,True,0.2553534644196836,177,trial2,Baseline
2.688816779009526,0.5325498534541161,5,0.16129032258064516,True,0.2393309475076417,178,trial2,Baseline
1.1195119251479655,0.34230224993399594,6,0.1935483870967742,True,0.13969161993525409,179,trial2,Baseline
1.009354320237896,0.06680508906230595,1,0.03225806451612903,True,0.042985068350455874,180,trial2,Baseline
4.8422182436150685,0.6827843127685335,5,0.16129032258064516,True,0.47501260342350504,181,trial2,Baseline
1.5830320264345172,0.2265424405602576,6,0.1935483870967742,True,0.11624740953618656,182,trial2,Baseline
3.3022288912995,0.5965927068055762,3,0.0967741935483871,True,0.3436791343649324,183,trial2,Baseline
1.3041843824800337,0.18871770634731416,2,0.06451612903225806,True,0.03908113994130278,184,trial2,Baseline
2.5822418558991456,0.31416383120037955,4,0.12903225806451613,True,0.21702629796021436,185,trial2,Baseline
5.90926568625003,0.8852904482268974,6,0.1935483870967742,True,0.6242349874877271,186,trial2,Baseline
1.7424022014088445,0.2857481015183461,2,0.06451612903225806,True,0.10429229879076468,187,trial2,Baseline
2.2215882251497727,0.3068251823282434,5,0.16129032258064516,True,0.2285294328928303,188,trial2,Baseline
2.029222317148215,0.1772659623764345,2,0.06451612903225806,True,0.10356820078309313,189,trial2,Baseline
2.7206454266091145,0.4157383555603976,3,0.0967741935483871,True,0.24469986542905547,190,trial2,Baseline
1.317803340080013,-0.15271303198345743,1,0.03225806451612903,True,0.04378605552906705,191,trial2,Baseline
5.036971143415059,1.0426850691844152,3,0.0967741935483871,True,0.7824452858712619,192,trial2,Baseline
3.66791784262078,0.6563636918689975,3,0.0967741935483871,True,0.4371927311815666,193,trial2,Baseline
1.103857189020868,0.24655639147145292,2,0.06451612903225806,True,0.08411402900246154,194,trial2,Baseline
4.913147188258817,0.8273854553144445,4,0.12903225806451613,True,0.5555610695477143,195,trial2,Baseline
2.170793032583829,0.14967272745466223,1,0.03225806451612903,True,0.08512396636785916,196,trial2,Baseline
0.5502053779377511,0.16917678075034304,1,0.03225806451612903,True,0.0025186288102832287,197,trial2,Baseline
3.4164045008050765,0.9365046689506102,5,0.16129032258064516,True,0.6457106599842826,198,trial2,Baseline
4.872466595709422,0.7277511809046571,3,0.0967741935483871,True,0.49015982133896696,199,trial2,Baseline
1.8219182742293163,0.7328805320146863,4,0.12903225806451613,True,0.4472799033812912,200,trial2,Baseline
3.753521804361229,0.49932554528002987,3,0.0967741935483871,True,0.30169594266111766,201,trial2,Baseline
1.803247335862362,0.4486797114246529,3,0.0967741935483871,True,0.21117914653150527,202,trial2,Baseline
3.565174638942948,0.8894761905548597,6,0.1935483870967742,True,0.5703069604464518,203,trial2,Baseline
4.668189970291472,0.6062084507888196,3,0.0967741935483871,True,0.3810171030497724,204,trial2,Baseline
2.912570834763599,0.3373483189277563,5,0.16129032258064516,True,0.17496645308074038,205,trial2,Baseline
0.4901202595168116,-0.15784235024362925,0,0.0,False,0.0,206,trial2,Baseline
3.6456154437161263,0.7473146003617595,3,0.0967741935483871,True,0.5035415703302525,207,trial2,Baseline
1.224008854388117,0.1641301241549121,2,0.06451612903225806,True,0.05090686223898401,208,trial2,Baseline
1.9859447815137297,0.5158004595799872,4,0.12903225806451613,True,0.30726024110928213,209,trial2,Baseline
3.36293033854832,0.7601793099947292,5,0.16129032258064516,True,0.4680516305718333,210,trial2,Baseline
6.013360482696224,0.6846824219532649,4,0.12903225806451613,True,0.4639879042352281,211,trial2,Baseline
4.588305090144614,0.697882377359964,4,0.12903225806451613,True,0.49570618589539406,212,trial2,Baseline
15.90616621983914,4.8505979664199845,2,0.06451612903225806,True,4.799616387245029,213,trial2,Baseline
1.5428677080072186,0.02516773616675159,2,0.06451612903225806,True,0.07944059384763946,214,trial2,Baseline
4.108067339871055,0.9313823048751656,4,0.12903225806451613,True,0.703482611243829,215,trial2,Baseline
3.09447859455134,0.5052250836869911,6,0.1935483870967742,True,0.29170005737530835,216,trial2,Baseline
2.6063222885367363,0.5631780068911035,6,0.1935483870967742,True,0.3627648062458095,217,trial2,Baseline
2.8545741757276297,0.6240737344031532,3,0.0967741935483871,True,0.33897664868644456,218,trial2,Baseline
1.6824430879979222,0.16522629841118602,2,0.06451612903225806,True,0.08105752156512569,219,trial2,Baseline
6.122056422290317,1.1538872899783228,4,0.12903225806451613,True,0.8923639154972244,220,trial2,Baseline
1.195222848851226,0.18013190583736488,4,0.12903225806451613,True,0.07220031528258515,221,trial2,Baseline
0.6237970670324555,0.08021870431902071,1,0.03225806451612903,True,0.0039934537752405,222,trial2,Baseline
2.459717681765292,0.3474518439690916,5,0.16129032258064516,True,0.17826152181372104,223,trial2,Baseline
5.64137459712121,1.3909814483876959,4,0.12903225806451613,True,1.1096786305087774,224,trial2,Baseline
3.6865424461841,0.569506296375783,3,0.0967741935483871,True,0.3063758779938805,225,trial2,Baseline
0.9636345254076402,0.0870146419365167,2,0.06451612903225806,True,0.021158976196865218,226,trial2,Baseline
3.3065968714893934,0.6663061594208414,3,0.0967741935483871,True,0.4116564381681095,227,trial2,Baseline
1.4545247010853195,0.07038881895805518,3,0.0967741935483871,True,0.10869626140455863,228,trial2,Baseline
2.706465116730824,0.4816859168446202,3,0.0967741935483871,True,0.27378650145696165,229,trial2,Baseline
2.567372189693229,0.3853174088834069,4,0.12903225806451613,True,0.23582218327649226,230,trial2,Baseline
12.78379489991774,4.085488956897849,4,0.12903225806451613,True,3.805223250218916,231,trial2,Baseline
1.019172227786096,-0.09684520357647443,2,0.06451612903225806,True,0.03626197454578372,232,trial2,Baseline
1.416707654000299,0.18821618083247965,4,0.12903225806451613,True,0.09447943999733237,233,trial2,Baseline
2.3823639490993647,0.32009125288536777,2,0.06451612903225806,True,0.22992482759719055,234,trial2,Baseline
3.667639358568779,0.6506826731227369,4,0.12903225806451613,True,0.4069176956615068,235,trial2,Baseline
2.1756763686491927,0.24155905723737955,4,0.12903225806451613,True,0.17029590529364722,236,trial2,Baseline
2.107367516126696,0.47790509520462454,5,0.16129032258064516,True,0.20210440609918284,237,trial2,Baseline
1.456055231914153,0.09288981612894603,3,0.0967741935483871,True,0.12414529600747982,238,trial2,Baseline
2.201907737567694,0.5289489389334688,5,0.16129032258064516,True,0.2738815390220366,239,trial2,Baseline
2.3341216500927016,0.7941665805799164,4,0.12903225806451613,True,0.4894850698390087,240,trial2,Baseline
4.804311327282348,1.0112123328768614,2,0.06451612903225806,True,0.7433245934097387,241,trial2,Baseline
0.8046717616215909,0.007073595700773784,1,0.03225806451612903,True,0.012795057114253801,242,trial2,Baseline
3.120851195664601,0.5095218154591573,5,0.16129032258064516,True,0.23953128946635469,243,trial2,Baseline
1.4721340198428483,0.21129086003590222,3,0.0967741935483871,True,0.07603209613444847,244,trial2,Baseline
6.220105277044006,1.2070119169437272,3,0.0967741935483871,True,0.9049705291325615,245,trial2,Baseline
2.453796145246067,0.6171240421619542,4,0.12903225806451613,True,0.3054121725299949,246,trial2,Baseline
0.6299932104138911,-0.19569135193640566,3,0.0967741935483871,True,0.009357762087981726,247,trial2,Baseline
1.46521860679948,0.3050277191704365,3,0.0967741935483871,True,0.09096589124612174,248,trial2,Baseline
3.5328556349923463,0.5009906149550556,4,0.12903225806451613,True,0.2859531545000073,249,trial2,Baseline
0.9983584705174718,0.20083839509333823,4,0.12903225806451613,True,0.05826596512813652,250,trial2,Baseline
2.595960164569572,0.850871833286739,4,0.12903225806451613,True,0.5496432933778442,251,trial2,Baseline
3.8472356122749103,0.7066308565850242,5,0.16129032258064516,True,0.4493873139434242,252,trial2,Baseline
1.4312248410898238,0.1180814171904388,4,0.12903225806451613,True,0.12197655657358464,253,trial2,Baseline
4.547749924494111,1.3155415477245933,4,0.12903225806451613,True,0.993603433325864,254,trial2,Baseline
0.8002020780568073,-0.057545971844173045,4,0.12903225806451613,True,0.03509645074257666,255,trial2,Baseline
3.4046011763269584,0.6121963130264924,5,0.16129032258064516,True,0.3555206030963312,256,trial2,Baseline
1.8277779152030869,0.11939205824900287,3,0.0967741935483871,True,0.10159602651120403,257,trial2,Baseline
1.7491441046905112,0.1635741256310392,2,0.06451612903225806,True,0.08296941821849708,258,trial2,Baseline
1.0307961899310971,-0.12908369894748578,3,0.0967741935483871,True,0.02600379906407658,259,trial2,Baseline
1.5858792999561784,0.6654522883329561,4,0.12903225806451613,True,0.36359549710567945,260,trial2,Baseline
2.2402401503274945,0.5730247080014221,6,0.1935483870967742,True,0.2723505383787471,261,trial2,Baseline
2.5253101704731065,0.3310444232186017,2,0.06451612903225806,True,0.20860845961059613,262,trial2,Baseline
0.64908842381908,0.03928771616996322,2,0.06451612903225806,True,0.010057586405885048,263,trial2,Baseline
1.831985538959186,0.579866023612744,2,0.06451612903225806,True,0.30693536111170805,264,trial2,Baseline
2.1039572807853437,0.573904020962899,5,0.16129032258064516,True,0.2681135884755093,265,trial2,Baseline
2.055297814002147,0.1574650138219859,1,0.03225806451612903,True,0.15224678128485686,266,trial2,Baseline
2.7508157077943416,0.6470067195691331,5,0.16129032258064516,True,0.3472586580441141,267,trial2,Baseline
5.486505951209207,0.6576098176947047,2,0.06451612903225806,True,0.4279213615490661,268,trial2,Baseline
3.725824303989681,0.594798628878447,3,0.0967741935483871,True,0.40352265754316763,269,trial2,Baseline
3.462094188429916,0.6202084573325609,5,0.16129032258064516,True,0.34986186345787423,270,trial2,Baseline
3.07401179361596,0.5808858417486783,6,0.1935483870967742,True,0.3167276884314885,271,trial2,Baseline
1.9507312177082,0.32819398863228677,5,0.16129032258064516,True,0.15328942036049253,272,trial2,Baseline
0.943935876028907,-0.011592535914332198,3,0.0967741935483871,True,0.026185764465734684,273,trial2,Baseline
2.0807634981866694,0.4849468067196538,5,0.16129032258064516,True,0.17889127566684154,274,trial2,Baseline
3.629584393976689,0.5355450999106192,5,0.16129032258064516,True,0.34560893902363177,275,trial2,Baseline
1.6154610464268273,0.03478378923031466,2,0.06451612903225806,True,0.12178232741972699,276,trial2,Baseline
2.989005339866526,0.8130290771217277,3,0.0967741935483871,True,0.5055538765088451,277,trial2,Baseline
1.2393457528098586,0.10487412346964074,3,0.0967741935483871,True,0.07036673711983223,278,trial2,Baseline
0.9558753126959622,0.08886883941919096,1,0.03225806451612903,True,0.03259302793225129,279,trial2,Baseline
1.549865838594335,0.3525447984423169,4,0.12903225806451613,True,0.22631665217180788,280,trial2,Baseline
2.107010423808118,0.6573633752779163,6,0.1935483870967742,True,0.33690403875145475,281,trial2,Baseline
1.397630573463775,0.42958682307292934,3,0.0967741935483871,True,0.179291552563877,282,trial2,Baseline
1.5056188559032186,0.090815999727647,2,0.06451612903225806,True,0.09569577512471811,283,trial2,Baseline
3.912739818243016,1.109317211428713,3,0.0967741935483871,True,0.8126096705280735,284,trial2,Baseline
4.501690829713637,0.880024299676672,2,0.06451612903225806,True,0.615894970419917,285,trial2,Baseline
1.7553385989568426,0.42676994799646756,5,0.16129032258064516,True,0.18230738925840917,286,trial2,Baseline
1.4468384693233989,0.06372740825975652,3,0.0967741935483871,True,0.09990400033308906,287,trial2,Baseline
1.8306490068608532,0.2781898298090765,3,0.0967741935483871,True,0.18697807263745816,288,trial2,Baseline
1.3546530920755482,0.0636029826079949,4,0.12903225806451613,True,0.09027683412045504,289,trial2,Baseline
1.3989398357025635,0.15810022139173613,2,0.06451612903225806,True,0.08856744238591881,290,trial2,Baseline
1.987465550986424,0.33646112217694,3,0.0967741935483871,True,0.1719730488138869,291,trial2,Baseline
2.317225773604118,0.5633396412688622,4,0.12903225806451613,True,0.29393124289444816,292,trial2,Baseline
1.2158240531832418,-0.13106062290987286,2,0.06451612903225806,True,0.09300519531477516,293,trial2,Baseline
0.7467261894883582,0.13756701269347904,2,0.06451612903225806,True,0.014259887888811731,294,trial2,Baseline
1.1964466043224808,0.11726896078601286,3,0.0967741935483871,True,0.11460412975999447,295,trial2,Baseline
0.8911791917513446,0.024072701441378706,3,0.0967741935483871,True,0.015583130583099684,296,trial2,Baseline
1.4343082462883454,0.13629577968355014,3,0.0967741935483871,True,0.10027744909566474,297,trial2,Baseline
1.213575428823423,0.3606186502560847,4,0.12903225806451613,True,0.08688750448600921,298,trial2,Baseline
0.4936970338580804,0.10072509055761969,0,0.0,False,0.0,299,trial2,Baseline
3.685444658515467,0.6452754523461663,5,0.16129032258064516,True,0.3579556237799708,300,trial2,Baseline
1.2964996617812852,0.028901771102302073,3,0.0967741935483871,True,0.09844870349492674,301,trial2,Baseline
1.544299818346567,0.12204999493675504,2,0.06451612903225806,True,0.06393843426737617,302,trial2,Baseline
0.6995740438373661,0.06445310750990248,2,0.06451612903225806,True,0.01747265689205578,303,trial2,Baseline
3.992177205669157,0.6707957006533548,5,0.16129032258064516,True,0.39410061757245474,304,trial2,Baseline
2.46697061906555,0.49914206202544265,4,0.12903225806451613,True,0.2510484045664708,305,trial2,Baseline
3.686066737387289,0.8583216290367872,6,0.1935483870967742,True,0.5560494690417791,306,trial2,Baseline
1.6141529474243226,0.24072088122933544,4,0.12903225806451613,True,0.136544863778345,307,trial2,Baseline
2.734344409991428,0.23585068729591738,1,0.03225806451612903,True,0.16503363784423739,308,trial2,Baseline
0.7572373826355537,-0.10247065738262716,2,0.06451612903225806,True,0.023078597665743085,309,trial2,Baseline
5.784439693723958,0.8498759034559148,3,0.0967741935483871,True,0.5781245272051855,310,trial2,Baseline
2.2263237089035126,0.39722735093230266,4,0.12903225806451613,True,0.17686730819347635,311,trial2,Baseline
0.5035244558253127,-0.05590088520068976,1,0.03225806451612903,True,0.00011369212339718351,312,trial2,Baseline
0.5056589655768354,0.07356009064835921,1,0.03225806451612903,True,0.0001825472766721106,313,trial2,Baseline
3.560912084073105,0.6669559499526925,4,0.12903225806451613,True,0.44660722304872147,314,trial2,Baseline
1.319296408107941,0.5467872112504742,5,0.16129032258064516,True,0.2610277823599204,315,trial2,Baseline
1.4264929464557206,0.23411096504844237,5,0.16129032258064516,True,0.1831430274780331,316,trial2,Baseline
0.703720182891797,-0.22913313521508533,1,0.03225806451612903,True,0.006571618802961195,317,trial2,Baseline
1.2986554222560915,-0.0014645300912962346,3,0.0967741935483871,True,0.02881620312773975,318,trial2,Baseline
0.5075446264449982,0.08334205196656796,1,0.03225806451612903,True,0.00024337504661284528,319,trial2,Baseline
0.7589662669031989,-0.009595958244371323,2,0.06451612903225806,True,0.021655765898489734,320,trial2,Baseline
2.9279068295461737,0.6624609424715189,5,0.16129032258064516,True,0.35397027306070145,321,trial2,Baseline
1.3069085628435966,0.31861807371665185,4,0.12903225806451613,True,0.11158267447883591,322,trial2,Baseline
1.013589739979514,0.2113856287179017,3,0.0967741935483871,True,0.04006494125106466,323,trial2,Baseline
0.9154033901907912,-0.01356890177261221,3,0.0967741935483871,True,0.01541080228169951,324,trial2,Baseline
1.8711650779162845,0.3498846337134877,4,0.12903225806451613,True,0.1024021148197668,325,trial2,Baseline
1.9132254199659733,0.35754204873228035,5,0.16129032258064516,True,0.11252379555871182,326,trial2,Baseline
2.0134480594847988,0.34102705950821566,3,0.0967741935483871,True,0.16135686896989504,327,trial2,Baseline
2.4208707185768903,0.32990573795100037,2,0.06451612903225806,True,0.11930874497400308,328,trial2,Baseline
1.8486043238594163,0.28318842069288197,1,0.03225806451612903,True,0.10779725430008744,329,trial2,Baseline
3.762069670147664,0.6134031545119693,5,0.16129032258064516,True,0.3618576601324377,330,trial2,Baseline
1.9649897730683967,0.3794895935023997,3,0.0967741935483871,True,0.22249580315982034,331,trial2,Baseline
1.5570312368699266,0.24900749391500357,2,0.06451612903225806,True,0.08930146092321041,332,trial2,Baseline
0.9442905374994796,0.01103412537504078,2,0.06451612903225806,True,0.0426521573556047,333,trial2,Baseline
0.5785647317879862,-0.06188403055392968,1,0.03225806451612903,True,0.0025343461867092317,334,trial2,Baseline
3.1685761960488725,0.45336473924048654,3,0.0967741935483871,True,0.31349422802284965,335,trial2,Baseline
0.5888112815002237,0.02186722913932513,1,0.03225806451612903,True,0.0028648800483943118,336,trial2,Baseline
3.7128551817515087,0.50058902496653,2,0.06451612903225806,True,0.30912800646896205,337,trial2,Baseline
0.9569149930799168,0.1431792379857603,2,0.06451612903225806,True,0.040202890819333294,338,trial2,Baseline
0.7690741336246578,0.047047125742776315,1,0.03225806451612903,True,0.010223340583768227,339,trial2,Baseline
3.3330404430435867,0.5793038815201136,3,0.0967741935483871,True,0.44438954737918657,340,trial2,Baseline
0.8570033754399999,-0.06497040010128417,1,0.03225806451612903,True,0.018216930484557622,341,trial2,Baseline
3.2593271610596752,0.46179850184534077,2,0.06451612903225806,True,0.23769529023255592,342,trial2,Baseline
0.5769296361707603,-0.0676100999848108,1,0.03225806451612903,True,0.004771700991232514,343,trial2,Baseline
1.8235436594360133,0.24880019574768386,2,0.06451612903225806,True,0.14834235295825843,344,trial2,Baseline
0.4173424766249849,0.13043714859645708,0,0.0,False,0.0,345,trial2,Baseline
2.5314533650055644,0.6236056884077557,4,0.12903225806451613,True,0.335995779252933,346,trial2,Baseline
2.8207237629486683,0.348608333215532,2,0.06451612903225806,True,0.1872880515334557,347,trial2,Baseline
2.5544492487289285,0.43988561527294456,2,0.06451612903225806,True,0.2717692252484787,348,trial2,Baseline
2.2871587163150973,0.15887105118975126,2,0.06451612903225806,True,0.09041141680562716,349,trial2,Baseline
0.7898440261671074,0.0931694834955236,0,0.0,True,0.021655967192629747,350,trial2,Baseline
3.4739125526184207,0.9282740221206777,5,0.16129032258064516,True,0.6092972608505415,351,trial2,Baseline
1.885486919567076,0.4897911534695976,4,0.12903225806451613,True,0.271104987158989,352,trial2,Baseline
1.1136303394841474,0.14972753790955642,4,0.12903225806451613,True,0.1033610783162709,353,trial2,Baseline
1.6206822284018505,0.3299418373194763,1,0.03225806451612903,True,0.11824391976834535,354,trial2,Baseline
0.7781958751396294,-0.041691591116985866,2,0.06451612903225806,True,0.02359498206997561,355,trial2,Baseline
1.081522814548303,0.07305105634236476,2,0.06451612903225806,True,0.027246741619744292,356,trial2,Baseline
0.831644623811994,0.07812871569699247,2,0.06451612903225806,True,0.030063783525038034,357,trial2,Baseline
1.2008148206605374,0.26666745159635596,3,0.0967741935483871,True,0.1325533041509203,358,trial2,Baseline
1.5374491639932966,0.13415863914494844,4,0.12903225806451613,True,0.0790181803435682,359,trial2,Baseline
2.969301006302338,0.312541267442844,2,0.06451612903225806,True,0.1926655304760308,360,trial2,Baseline
2.1966395647237342,0.32593409965533526,1,0.03225806451612903,True,0.16737074080910555,361,trial2,Baseline
0.6605855910764217,0.13796754817137308,2,0.06451612903225806,True,0.022797167329616577,362,trial2,Baseline
1.1628427900617495,0.34029133698291575,4,0.12903225806451613,True,0.1068026228408251,363,trial2,Baseline
1.79105581196006,0.5241269351405214,6,0.1935483870967742,True,0.23438399257405126,364,trial2,Baseline
1.3675149809445293,0.27062715857326214,1,0.03225806451612903,True,0.09608706212263476,365,trial2,Baseline
4.110588422650087,0.6303522110925612,5,0.16129032258064516,True,0.40195757777337704,366,trial2,Baseline
2.1970230157023014,0.13511917235062684,2,0.06451612903225806,True,0.10527028145010504,367,trial2,Baseline
0.7859742759755322,0.04605682907972552,1,0.03225806451612903,True,0.009224976644372005,368,trial2,Baseline
1.652096927715573,0.32572802456754246,2,0.06451612903225806,True,0.16042662253157883,369,trial2,Baseline
3.175856686372838,0.6101009755050057,4,0.12903225806451613,True,0.36385292884058834,370,trial2,Baseline
2.882676287948778,0.8613553977300321,4,0.12903225806451613,True,0.5525500302048643,371,trial2,Baseline
1.1639510179362822,0.06824285438463426,1,0.03225806451612903,True,0.04100103938057395,372,trial2,Baseline
0.3960264662314981,0.1078698500219181,0,0.0,False,0.0,373,trial2,Baseline
0.9403619006043606,0.1832015761688152,3,0.0967741935483871,True,0.044682779173730314,374,trial2,Baseline
2.2516030154374147,0.2709034894204436,5,0.16129032258064516,True,0.12612172899751192,375,trial2,Baseline
2.061549441321884,0.08711600494385195,2,0.06451612903225806,True,0.08496076160960268,376,trial2,Baseline
1.0093518584497658,-0.017007572388665675,1,0.03225806451612903,True,0.017885140022706886,377,trial2,Baseline
1.547145787116487,0.24629593273752698,3,0.0967741935483871,True,0.09083050575125465,378,trial2,Baseline
1.423069500139386,0.028791361610499094,1,0.03225806451612903,True,0.02977643548836729,379,trial2,Baseline
1.1470931541810538,0.27638740913647575,3,0.0967741935483871,True,0.03986759713498408,380,trial2,Baseline
1.4875480753366648,0.19079177606162537,1,0.03225806451612903,True,0.05849484797496079,381,trial2,Baseline
1.810401099575851,0.022546881442112972,1,0.03225806451612903,True,0.04477562820172542,382,trial2,Baseline
1.2502357255107386,0.057708302655623586,3,0.0967741935483871,True,0.026617429445290688,383,trial2,Baseline
2.084828232138108,0.24117534939740168,4,0.12903225806451613,True,0.1622228011994153,384,trial2,Baseline
2.6638702071145275,0.23940815095882664,1,0.03225806451612903,True,0.1608830812279044,385,trial2,Baseline
3.6621003461045087,1.0150020260347417,5,0.16129032258064516,True,0.7022482349294634,386,trial2,Baseline
3.340725002994971,0.5253369016929492,3,0.0967741935483871,True,0.3244771971709809,387,trial2,Baseline
1.2702172757759198,0.11370649551911001,3,0.0967741935483871,True,0.09187993305375862,388,trial2,Baseline
2.7255211398086034,0.7837998059349803,3,0.0967741935483871,True,0.48124641188426037,389,trial2,Baseline
1.611826027932333,0.016886604223579255,1,0.03225806451612903,True,0.0764645160501275,390,trial2,Baseline
2.3538766302866136,0.6356375199756477,5,0.16129032258064516,True,0.36377728894042033,391,trial2,Baseline
2.0762549458931217,0.3386864569028753,3,0.0967741935483871,True,0.17709396005148498,392,trial2,Baseline
0.3340312849867863,0.04381403901526583,0,0.0,False,0.0,393,trial2,Baseline
2.8515646662705483,0.7011711038276501,4,0.12903225806451613,True,0.4451689571234161,394,trial2,Baseline
1.9876375821376857,0.3440202077413543,2,0.06451612903225806,True,0.19475295080228483,395,trial2,Baseline
4.258909808714864,0.6626949441530224,3,0.0967741935483871,True,0.49952949104383104,396,trial2,Baseline
0.6464371227128799,-0.07701374523933263,1,0.03225806451612903,True,0.008230029350214545,397,trial2,Baseline
2.4198195601040453,0.43446855574744025,5,0.16129032258064516,True,0.16944465286127672,398,trial2,Baseline
1.6809481214969906,0.26140443242200667,4,0.12903225806451613,True,0.07251180520502519,399,trial2,Baseline
1.5337125180733808,0.2844440878561329,5,0.16129032258064516,True,0.04995230722814611,400,trial2,Baseline
2.6134377730620395,0.5729752638509147,4,0.12903225806451613,True,0.3431632312022581,401,trial2,Baseline
1.1514514493937464,0.5080420313943088,3,0.0967741935483871,True,0.21299566712094506,402,trial2,Baseline
3.5895051746442435,0.780311094523412,3,0.0967741935483871,True,0.5139550237395555,403,trial2,Baseline
4.423283578802882,0.6740146717004866,3,0.0967741935483871,True,0.39197151611636455,404,trial2,Baseline
1.5502060619653646,0.43432225379320394,5,0.16129032258064516,True,0.14471530018804107,405,trial2,Baseline
2.5346275086097623,0.41501889135723596,2,0.06451612903225806,True,0.22698646936618339,406,trial2,Baseline
2.215259079934217,0.43849597671885504,3,0.0967741935483871,True,0.2861626709572836,407,trial2,Baseline
0.6960425719474683,-0.16655503609758535,1,0.03225806451612903,True,0.010582559338641828,408,trial2,Baseline
1.6652154394762035,0.13472249210799905,4,0.12903225806451613,True,0.09263994225759487,409,trial2,Baseline
1.0884565161678743,0.33534834423946464,5,0.16129032258064516,True,0.11331257478869554,410,trial2,Baseline
0.8764896274635399,0.006038499998786064,2,0.06451612903225806,True,0.02310835563031892,411,trial2,Baseline
1.0670228742540506,0.11810181985627027,4,0.12903225806451613,True,0.06618787883373622,412,trial2,Baseline
1.1096406738378846,0.22482046287733654,5,0.16129032258064516,True,0.1084415539177682,413,trial2,Baseline
0.6029377455773907,0.12262260681171795,1,0.03225806451612903,True,0.0033205724379803438,414,trial2,Baseline
1.1478595032861303,0.10785090923415268,2,0.06451612903225806,True,0.05586751731960912,415,trial2,Baseline
3.312590385205312,0.5600553585085433,3,0.0967741935483871,True,0.3213281518372495,416,trial2,Baseline
0.7238110321836692,-0.1269757281512892,1,0.03225806451612903,True,0.013335084937863546,417,trial2,Baseline
5.122163374584304,0.5135982655061275,2,0.06451612903225806,True,0.42582125704381985,418,trial2,Baseline
3.455512064929127,0.6484007856216755,4,0.12903225806451613,True,0.3838654465237998,419,trial2,Baseline
3.145467351003028,0.5443061260410409,4,0.12903225806451613,True,0.29331428275962873,420,trial2,Baseline
0.6749450062531627,0.04676957144332396,2,0.06451612903225806,True,0.011081570893238505,421,trial2,Baseline
1.5889186567508886,0.41499000015353954,3,0.0967741935483871,True,0.17878436902624065,422,trial2,Baseline
0.9556183945054828,0.027042630256870048,2,0.06451612903225806,True,0.04186215552623244,423,trial2,Baseline
2.513516558179815,0.6554726988225638,5,0.16129032258064516,True,0.34147313103627147,424,trial2,Baseline
1.0642415076779896,0.030870134646272005,3,0.0967741935483871,True,0.049393678980471,425,trial2,Baseline
1.9778832468870404,0.07958319830602284,2,0.06451612903225806,True,0.06708790705331448,426,trial2,Baseline
1.1161605318193022,0.22908722839003112,5,0.16129032258064516,True,0.08014445165240591,427,trial2,Baseline
3.120675041308601,0.694170631006306,4,0.12903225806451613,True,0.48307579528953715,428,trial2,Baseline
1.335464160894245,0.35019714764510373,5,0.16129032258064516,True,0.10932640647910231,429,trial2,Baseline
1.5035976473096524,0.12788511253900345,2,0.06451612903225806,True,0.05014876888471446,430,trial2,Baseline
2.4798211812207125,0.5270731470222776,4,0.12903225806451613,True,0.3049111883604392,431,trial2,Baseline
3.155430915114016,0.6922383431817499,2,0.06451612903225806,True,0.4279981319011241,432,trial2,Baseline
1.48506383716473,0.01857531503753815,3,0.0967741935483871,True,0.10311452875346869,433,trial2,Baseline
1.0932112915065364,0.1794015285871141,3,0.0967741935483871,True,0.059400006526482856,434,trial2,Baseline
2.441578788478154,0.44716432703547554,5,0.16129032258064516,True,0.20813224023310445,435,trial2,Baseline
0.403657173741087,-0.07024653541829197,0,0.0,False,0.0,436,trial2,Baseline
1.608771472669326,0.759587655563092,5,0.16129032258064516,True,0.4420738232424371,437,trial2,Baseline
1.5755862632255246,0.3533961607285384,6,0.1935483870967742,True,0.15950985966855616,438,trial2,Baseline
1.7188914500051775,0.11212084058995549,3,0.0967741935483871,True,0.06704902369177591,439,trial2,Baseline
3.097066512989033,0.627000689755472,3,0.0967741935483871,True,0.3275231970647162,440,trial2,Baseline
1.189557426684107,0.12375262286367308,3,0.0967741935483871,True,0.08465833516780515,441,trial2,Baseline
4.838259085740052,0.8473080823503846,5,0.16129032258064516,True,0.5517477930158609,442,trial2,Baseline
4.336263913534441,0.9194356030793897,5,0.16129032258064516,True,0.6773615294615782,443,trial2,Baseline
2.1313187770474817,0.5539577403433432,4,0.12903225806451613,True,0.28088227367473534,444,trial2,Baseline
0.9608763291557376,0.05603436939045239,3,0.0967741935483871,True,0.036855636849759905,445,trial2,Baseline
1.07360630020232,0.11924524966644522,3,0.0967741935483871,True,0.04062634919983894,446,trial2,Baseline
1.803992790709119,0.22100498689580628,3,0.0967741935483871,True,0.13447414957671316,447,trial2,Baseline
1.3161179377968086,0.1944572512406877,3,0.0967741935483871,True,0.061473234244854735,448,trial2,Baseline
1.318599928419411,0.18297987754606385,2,0.06451612903225806,True,0.08694300838865945,449,trial2,Baseline
3.821393421201399,0.8127933792645581,4,0.12903225806451613,True,0.5352932837497252,450,trial2,Baseline
1.7216713358135185,0.12718356435609496,4,0.12903225806451613,True,0.12091405545737108,451,trial2,Baseline
2.6883793907315527,0.2796840870420194,2,0.06451612903225806,True,0.1322039589710432,452,trial2,Baseline
2.837499476099021,0.3050504213436345,3,0.0967741935483871,True,0.1383764247024859,453,trial2,Baseline
0.7798870064484433,-0.12790198906479816,4,0.12903225806451613,True,0.02441018482261749,454,trial2,Baseline
2.070257357325884,0.532246347961617,4,0.12903225806451613,True,0.3008681792019616,455,trial2,Baseline
1.2786445461033218,0.24966695300010985,3,0.0967741935483871,True,0.07779401075030551,456,trial2,Baseline
1.1438843772175078,0.3173101382404628,5,0.16129032258064516,True,0.056916826231078285,457,trial2,Baseline
3.2030610704456506,0.6705177490466151,3,0.0967741935483871,True,0.43004582215728615,458,trial2,Baseline
2.4267502562977,0.66223158198887,6,0.1935483870967742,True,0.3500328869449986,459,trial2,Baseline
1.1806705519502634,0.04932375790554986,2,0.06451612903225806,True,0.047765574847365724,460,trial2,Baseline
2.344087313612188,0.19083428864969557,4,0.12903225806451613,True,0.16505743190063407,461,trial2,Baseline
2.3327640708675226,0.42875487486471525,5,0.16129032258064516,True,0.20687558635645345,462,trial2,Baseline
2.037564409608825,0.49836427101550046,4,0.12903225806451613,True,0.30704040042233516,463,trial2,Baseline
1.5190656180635829,0.11412228522513256,1,0.03225806451612903,True,0.058561862175599014,464,trial2,Baseline
2.450147267684037,0.6409237199826211,6,0.1935483870967742,True,0.3851962692801672,465,trial2,Baseline
1.640245491877669,0.18367303004311333,2,0.06451612903225806,True,0.14822472191274347,466,trial2,Baseline
0.6323292272122595,-0.07920342999856718,1,0.03225806451612903,True,0.008650639818817597,467,trial2,Baseline
1.672127120143079,0.015599650290906446,3,0.0967741935483871,True,0.11836156598159778,468,trial2,Baseline
1.4342605993254682,0.07525676355576928,1,0.03225806451612903,True,0.04730430050558629,469,trial2,Baseline
1.38878201274498,0.1619439139947077,4,0.12903225806451613,True,0.08080827087176302,470,trial2,Baseline
0.8788911225820008,0.11473633119218164,3,0.0967741935483871,True,0.04497673979422949,471,trial2,Baseline
0.4760874732588546,-0.13777697692785437,0,0.0,False,0.0,472,trial2,Baseline
1.5995475318406325,0.17261802725014289,1,0.03225806451612903,True,0.07446421363802805,473,trial2,Baseline
2.6461369868113223,0.5325627632715267,5,0.16129032258064516,True,0.27092656003830123,474,trial2,Baseline
1.904182612965696,0.23793116666415592,2,0.06451612903225806,True,0.11689719983861442,475,trial2,Baseline
0.4988488904694546,-0.02633539875501982,0,0.0,False,0.0,476,trial2,Baseline
1.2450750665639432,0.0873849979673804,3,0.0967741935483871,True,0.05195425711136757,477,trial2,Baseline
2.117973859952577,0.3174357390192918,3,0.0967741935483871,True,0.21730600320958485,478,trial2,Baseline
3.645499563064375,0.978725548903048,2,0.06451612903225806,True,0.9322092028978698,479,trial2,Baseline
13.213323773302577,2.47117537366306,10,0.18181818181818182,True,2.163257174274071,1,trial2,Latrunculin
7.674367436743675,1.3180367419457995,6,0.10909090909090909,True,1.0801459158261506,2,trial2,Latrunculin
7.468983225919084,1.8170146553331739,11,0.2,True,1.4683129504157484,3,trial2,Latrunculin
2.555515540220267,0.369949611972952,4,0.07272727272727272,True,0.3184282334724695,4,trial2,Latrunculin
5.4685022945348365,1.0907014545653757,5,0.09090909090909091,True,0.8577825128058376,5,trial2,Latrunculin
15.736694677871151,3.4683990285395034,15,0.2727272727272727,True,3.1782861855732807,6,trial2,Latrunculin
9.08479207724028,2.1170001189377494,11,0.2,True,1.8456579440631238,7,trial2,Latrunculin
6.088185585627301,1.1192204965871995,11,0.2,True,0.8545111476396638,8,trial2,Latrunculin
7.042143948674557,1.701759260428638,12,0.21818181818181817,True,1.3747813697271267,9,trial2,Latrunculin
6.626644908162912,1.974303291236731,11,0.2,True,1.5702593449511961,10,trial2,Latrunculin
3.912967438788223,0.982940812808856,10,0.18181818181818182,True,0.6642757419722872,11,trial2,Latrunculin
23.76351351351351,6.415414898369443,14,0.2545454545454545,True,6.110098838507929,12,trial2,Latrunculin
3.365669081085802,0.5583030892881348,5,0.09090909090909091,True,0.3280809933545339,13,trial2,Latrunculin
15.239106231043886,3.9067245573561085,12,0.21818181818181817,True,3.6200724564336504,14,trial2,Latrunculin
7.731405304762949,2.4015622501697016,13,0.23636363636363636,True,2.057461334688994,15,trial2,Latrunculin
0.9417535532144248,0.09700335083828598,3,0.05454545454545454,True,0.05662027318925854,16,trial2,Latrunculin
8.773019031419496,2.162979323061483,10,0.18181818181818182,True,1.9396246232665892,17,trial2,Latrunculin
3.794250678948468,1.1623151690050584,11,0.2,True,0.8544680749575011,18,trial2,Latrunculin
5.605059249548977,1.6317784775998592,9,0.16363636363636364,True,1.3290450811016177,19,trial2,Latrunculin
4.964214113873297,1.0074387621199972,12,0.21818181818181817,True,0.8192771743092515,20,trial2,Latrunculin
10.852730425678104,3.419354358954528,12,0.21818181818181817,True,3.1547099433956083,21,trial2,Latrunculin
4.4277846546942135,1.3910687410147922,11,0.2,True,1.0247438407133647,22,trial2,Latrunculin
4.527884011296334,1.2184353369187493,11,0.2,True,0.8584401167339556,23,trial2,Latrunculin
3.3467691812987588,0.8581619138682497,7,0.12727272727272726,True,0.5459660496634877,24,trial2,Latrunculin
4.768355720578064,1.488948676455502,12,0.21818181818181817,True,1.1701298228545145,25,trial2,Latrunculin
4.08918756587074,1.1300482871804594,7,0.12727272727272726,True,0.8064493829399032,26,trial2,Latrunculin
1.9211263178489757,0.3912003538659771,3,0.05454545454545454,True,0.21767285883529233,27,trial2,Latrunculin
3.2650393745993167,0.9293466678380895,12,0.21818181818181817,True,0.6263254404361868,28,trial2,Latrunculin
2.184631894487099,0.47427464157496235,6,0.10909090909090909,True,0.24924422842662453,29,trial2,Latrunculin
4.214182353847256,1.220956470477557,9,0.16363636363636364,True,0.8883024553239054,30,trial2,Latrunculin
5.957188680673198,2.370475569012043,9,0.16363636363636364,True,1.9794531705218235,31,trial2,Latrunculin
2.8618997204860266,0.6271530851440398,8,0.14545454545454545,True,0.4008728519486041,32,trial2,Latrunculin
3.350833395566841,0.9745709040087756,11,0.2,True,0.6490292704390195,33,trial2,Latrunculin
1.402124485782565,0.277538053380544,4,0.07272727272727272,True,0.15125910834098563,34,trial2,Latrunculin
2.218383481878357,0.6961295280942086,9,0.16363636363636364,True,0.3813737340274765,35,trial2,Latrunculin
3.45427849524384,1.2225194942837974,7,0.12727272727272726,True,0.8466527748463122,36,trial2,Latrunculin
5.042801221251305,1.656716229608471,10,0.18181818181818182,True,1.25523377878785,37,trial2,Latrunculin
4.422377998036168,1.5608321588102043,12,0.21818181818181817,True,1.2005394333548018,38,trial2,Latrunculin
5.396487055164212,1.8933087161062645,10,0.18181818181818182,True,1.5388326592242063,39,trial2,Latrunculin
2.6777207506395686,0.6683110320788486,10,0.18181818181818182,True,0.35734179062003885,40,trial2,Latrunculin
3.3518782404200587,1.203832062402059,10,0.18181818181818182,True,0.8264369890845125,41,trial2,Latrunculin
4.651590777227604,1.4389089955339882,10,0.18181818181818182,True,1.0599608095034065,42,trial2,Latrunculin
2.940270379715291,0.8552749247450676,10,0.18181818181818182,True,0.540933869108806,43,trial2,Latrunculin
3.7130547878393743,1.0321307695718356,10,0.18181818181818182,True,0.6772441679410413,44,trial2,Latrunculin
1.547540859924713,0.3420602729915139,7,0.12727272727272726,True,0.14788693652001522,45,trial2,Latrunculin
3.272466786107208,1.055323364836377,11,0.2,True,0.6799231555227139,46,trial2,Latrunculin
3.861074255030205,0.8470071364409753,10,0.18181818181818182,True,0.5115869605629687,47,trial2,Latrunculin
1.843397267249427,0.55379411530222,8,0.14545454545454545,True,0.25353346757912654,48,trial2,Latrunculin
2.614614972518824,1.0066129328526738,10,0.18181818181818182,True,0.6436452704377235,49,trial2,Latrunculin
1.9536450948002395,0.4573415532966455,7,0.12727272727272726,True,0.1882801585814435,50,trial2,Latrunculin
1.8828309782279096,0.6659306755467832,12,0.21818181818181817,True,0.3504173029953854,51,trial2,Latrunculin
3.2576020597242,1.3640285907308867,13,0.23636363636363636,True,0.9669128429548958,52,trial2,Latrunculin
2.053408537555978,0.7483025692764237,9,0.16363636363636364,True,0.40085330079676446,53,trial2,Latrunculin
2.6000737325695398,0.8114455266575277,9,0.16363636363636364,True,0.44826039750767693,54,trial2,Latrunculin
2.052990027721337,0.620430907139276,6,0.10909090909090909,True,0.3063433036048719,55,trial2,Latrunculin
3.51370255124096,1.0463777023359848,11,0.2,True,0.680556705199099,56,trial2,Latrunculin
2.7095471579127515,0.9819456919406164,11,0.2,True,0.5937934453232953,57,trial2,Latrunculin
1.6513847533615833,0.5294175316642424,7,0.12727272727272726,True,0.23285325693460424,58,trial2,Latrunculin
1.9362302700468932,0.8460200071761202,12,0.21818181818181817,True,0.4889134035854495,59,trial2,Latrunculin
2.0211596025557355,0.7058020522129337,7,0.12727272727272726,True,0.3530081432469945,60,trial2,Latrunculin
3.1005975708292106,1.1369695346112256,10,0.18181818181818182,True,0.7509920822748936,61,trial2,Latrunculin
1.5193966156460508,0.4900082270168127,9,0.16363636363636364,True,0.20442097075626223,62,trial2,Latrunculin
4.229726734428928,1.3642805944886311,11,0.2,True,0.9812617482893914,63,trial2,Latrunculin
2.118673876298005,0.7022710235062767,9,0.16363636363636364,True,0.3692134973544333,64,trial2,Latrunculin
1.9961938901701253,0.594773502092012,9,0.16363636363636364,True,0.29261923861091604,65,trial2,Latrunculin
2.294718588035108,0.516975755628989,10,0.18181818181818182,True,0.3102483550463791,66,trial2,Latrunculin
1.4493140692375854,0.4873137542449786,13,0.23636363636363636,True,0.1728770465397679,67,trial2,Latrunculin
1.591328943571366,0.5971432998386631,10,0.18181818181818182,True,0.2511814708072811,68,trial2,Latrunculin
2.742314489483721,0.8575734926645454,8,0.14545454545454545,True,0.4949466867418235,69,trial2,Latrunculin
0.8036407143830129,0.1313234413196185,4,0.07272727272727272,True,0.012395736017191626,70,trial2,Latrunculin
6.13481091708656,1.709503557244677,11,0.2,True,1.316106661647078,71,trial2,Latrunculin
1.419452959142384,0.24571196844307092,4,0.07272727272727272,True,0.10222325579989089,72,trial2,Latrunculin
1.4973688958383446,0.42874985116986547,11,0.2,True,0.13349571004730965,73,trial2,Latrunculin
4.003857417564492,1.349553561926469,12,0.21818181818181817,True,1.0035329827520574,74,trial2,Latrunculin
1.2899914438364373,0.4715164524752171,10,0.18181818181818182,True,0.18153758066752457,75,trial2,Latrunculin
1.2594383181357212,0.3870390439883077,10,0.18181818181818182,True,0.12832101015815417,76,trial2,Latrunculin
2.4243981565471397,0.6790530441045806,7,0.12727272727272726,True,0.3946621331981036,77,trial2,Latrunculin
2.4967983506577998,0.25311737719704563,6,0.10909090909090909,True,0.0972352276101619,78,trial2,Latrunculin
1.3308400819232098,0.379212269087759,6,0.10909090909090909,True,0.1210548495873927,79,trial2,Latrunculin
1.5497274618368366,0.5248264955296201,10,0.18181818181818182,True,0.20300207878332854,80,trial2,Latrunculin
7.309657029524163,2.2793002505178204,14,0.2545454545454545,True,1.9181186390241975,81,trial2,Latrunculin
2.7299074966135217,0.7602076732965043,8,0.14545454545454545,True,0.43013435940729894,82,trial2,Latrunculin
3.0925662418187208,1.1150130936308182,12,0.21818181818181817,True,0.7229719842656788,83,trial2,Latrunculin
1.9023987163682985,0.7875305049661505,10,0.18181818181818182,True,0.4623404803659818,84,trial2,Latrunculin
0.9920512267322998,0.4416210929082922,10,0.18181818181818182,True,0.12036391494962036,85,trial2,Latrunculin
1.0211068097835652,0.135461903923984,3,0.05454545454545454,True,0.03715643146225588,86,trial2,Latrunculin
1.148807195361899,0.2776946381910855,6,0.10909090909090909,True,0.07355928487983582,87,trial2,Latrunculin
1.6784951687481755,0.43380717167527616,7,0.12727272727272726,True,0.22612213661570768,88,trial2,Latrunculin
0.7043783281210382,0.03537866072732112,1,0.01818181818181818,True,0.004444739606602517,89,trial2,Latrunculin
1.374142163178372,0.388059254157289,5,0.09090909090909091,True,0.11693940161944737,90,trial2,Latrunculin
0.7258790178130687,0.06895506836270983,3,0.05454545454545454,True,0.005094411955898782,91,trial2,Latrunculin
1.5937060437265194,0.4864507753860183,11,0.2,True,0.179932213722133,92,trial2,Latrunculin
1.7353502076978131,0.5756640460166325,6,0.10909090909090909,True,0.26153507020000716,93,trial2,Latrunculin
1.2962737108036702,0.3033659752365396,6,0.10909090909090909,True,0.08887071176480786,94,trial2,Latrunculin
2.0248315384643267,0.4032739649694908,9,0.16363636363636364,True,0.17275320636286853,95,trial2,Latrunculin
0.8807837253844788,0.26307016480526524,7,0.12727272727272726,True,0.04598604553734361,96,trial2,Latrunculin
2.158792558962179,0.8085471902809355,12,0.21818181818181817,True,0.43782915621187335,97,trial2,Latrunculin
2.8797970831803954,1.0861025854891262,11,0.2,True,0.6983262646041389,98,trial2,Latrunculin
2.9625749031703625,1.2854797816289645,13,0.23636363636363636,True,0.8925540442628375,99,trial2,Latrunculin
1.241939989767059,0.36486568623338456,11,0.2,True,0.11778788135610145,100,trial2,Latrunculin
1.6506522754867614,0.3379261609363125,6,0.10909090909090909,True,0.15137813488556462,101,trial2,Latrunculin
1.304845836243531,0.3890215553198904,7,0.12727272727272726,True,0.12723829175128704,102,trial2,Latrunculin
1.9812013658341532,0.4973902504236544,7,0.12727272727272726,True,0.2091135326920603,103,trial2,Latrunculin
3.087404462879748,0.8827815399064969,9,0.16363636363636364,True,0.5065773095629645,104,trial2,Latrunculin
2.1921609767194394,0.5899066012206942,9,0.16363636363636364,True,0.25883835962572127,105,trial2,Latrunculin
3.5187540979588343,0.8203590401505729,7,0.12727272727272726,True,0.5247782715290115,106,trial2,Latrunculin
2.1870636826737835,0.7853389459489732,8,0.14545454545454545,True,0.4646255784011864,107,trial2,Latrunculin
2.1555511222392334,0.9547701204351815,7,0.12727272727272726,True,0.5783843088859487,108,trial2,Latrunculin
1.2277776483866365,-0.02834488134968965,2,0.03636363636363636,True,0.015525246999901076,109,trial2,Latrunculin
1.0627950876543495,0.1308398987110067,4,0.07272727272727272,True,0.044857519083730264,110,trial2,Latrunculin
1.6264221010014446,0.34555901971976716,6,0.10909090909090909,True,0.14267414167049952,111,trial2,Latrunculin
2.832832961613183,0.8902097924778444,11,0.2,True,0.4842740213561609,112,trial2,Latrunculin
1.5994163228040224,0.7064159487590763,14,0.2545454545454545,True,0.3451780270692124,113,trial2,Latrunculin
1.3101443513040725,0.49760615565316585,11,0.2,True,0.18783662949254074,114,trial2,Latrunculin
2.081870161749213,0.43464678734404844,7,0.12727272727272726,True,0.18201886459560465,115,trial2,Latrunculin
1.25999293942164,0.13141912736607467,3,0.05454545454545454,True,0.01656596167861529,116,trial2,Latrunculin
2.194525504535069,0.6495373067023774,11,0.2,True,0.31845242113183514,117,trial2,Latrunculin
1.987887131692864,0.5173743745416443,8,0.14545454545454545,True,0.23654141009357457,118,trial2,Latrunculin
2.6916094708472875,0.8110344151029989,10,0.18181818181818182,True,0.4588050411013597,119,trial2,Latrunculin
1.6676047071458802,0.6460534709159159,10,0.18181818181818182,True,0.3327644471540769,120,trial2,Latrunculin
1.783842333885106,0.6105394877305602,13,0.23636363636363636,True,0.25837742629094995,121,trial2,Latrunculin
1.4076124331205226,0.5186608224802078,9,0.16363636363636364,True,0.16358513969971658,122,trial2,Latrunculin
1.35645381758829,0.12107474136985472,4,0.07272727272727272,True,0.02974591405584229,123,trial2,Latrunculin
1.4830238719338318,0.36476356781294966,7,0.12727272727272726,True,0.12562283687975864,124,trial2,Latrunculin
3.089811032186698,1.014716551817891,9,0.16363636363636364,True,0.675200429989713,125,trial2,Latrunculin
2.7422415726280014,0.9685340334216618,9,0.16363636363636364,True,0.6374765515213477,126,trial2,Latrunculin
1.8775394460168755,0.7376369891498221,9,0.16363636363636364,True,0.40759400577165067,127,trial2,Latrunculin
2.0877320251187967,0.5726283239735958,7,0.12727272727272726,True,0.2722368497123856,128,trial2,Latrunculin
1.7348005942178035,0.6611146778030562,13,0.23636363636363636,True,0.3340495943320765,129,trial2,Latrunculin
1.7392857737574314,0.595656868234777,9,0.16363636363636364,True,0.2758804198948296,130,trial2,Latrunculin
2.1187989650749017,0.6474407873020724,9,0.16363636363636364,True,0.286890619327694,131,trial2,Latrunculin
2.1617376506301174,0.9099237650630121,12,0.21818181818181817,True,0.5247549777974765,132,trial2,Latrunculin
2.7633347076141046,0.6230698646585238,12,0.21818181818181817,True,0.27709703555872744,133,trial2,Latrunculin
1.7269967716238317,0.5874900614039436,10,0.18181818181818182,True,0.2579915459995961,134,trial2,Latrunculin
2.806728940005027,0.8938929775638977,10,0.18181818181818182,True,0.5100826110956905,135,trial2,Latrunculin
2.1445924369784737,0.49960006386224864,7,0.12727272727272726,True,0.2520927042003776,136,trial2,Latrunculin
1.753569456234111,0.6204071148563489,7,0.12727272727272726,True,0.2827934657905583,137,trial2,Latrunculin
1.7277622496921554,0.42339712829684323,10,0.18181818181818182,True,0.13970775805567565,138,trial2,Latrunculin
2.5848353512495845,1.0136326165723435,10,0.18181818181818182,True,0.6638395126079104,139,trial2,Latrunculin
2.327843072136904,1.0613067450628162,8,0.14545454545454545,True,0.6966971411496982,140,trial2,Latrunculin
1.263794195873056,0.26685367599333365,8,0.14545454545454545,True,0.0882009826342981,141,trial2,Latrunculin
1.6382794726782268,0.48853267664533456,7,0.12727272727272726,True,0.22912263273163236,142,trial2,Latrunculin
0.6360406055368055,0.0028457477601768907,1,0.01818181818181818,True,0.0024734655552146457,143,trial2,Latrunculin
2.005560666128857,0.5843467688847214,9,0.16363636363636364,True,0.2842810091919685,144,trial2,Latrunculin
2.644504050894144,0.685473091305338,10,0.18181818181818182,True,0.33650805120630767,145,trial2,Latrunculin
1.2840041751685636,0.2992826202954464,8,0.14545454545454545,True,0.0808666951501137,146,trial2,Latrunculin
1.8322148075324256,0.45421971078782286,7,0.12727272727272726,True,0.22568369548318276,147,trial2,Latrunculin
2.2630351432054705,0.7172717153334502,9,0.16363636363636364,True,0.36203476894856307,148,trial2,Latrunculin
1.8775988071657976,0.544967822019787,8,0.14545454545454545,True,0.2570686431648778,149,trial2,Latrunculin
1.086649394259194,0.2384219554030876,7,0.12727272727272726,True,0.06714125636145435,150,trial2,Latrunculin
1.857216734296105,0.444017195961152,8,0.14545454545454545,True,0.14880438917368058,151,trial2,Latrunculin
2.4495517798179494,0.9802226290847863,10,0.18181818181818182,True,0.6075081209467851,152,trial2,Latrunculin
2.312042857379795,0.8040116220336144,9,0.16363636363636364,True,0.4484809784944129,153,trial2,Latrunculin
1.9976008759380897,0.4875596736500111,8,0.14545454545454545,True,0.1658783217730595,154,trial2,Latrunculin
1.7190798150665052,0.23714687918850347,7,0.12727272727272726,True,0.11350764735369505,155,trial2,Latrunculin
1.1121689020459935,0.41364631517555367,6,0.10909090909090909,True,0.13380833348013874,156,trial2,Latrunculin
1.6387836379259346,0.4895720132626501,9,0.16363636363636364,True,0.19174223155659603,157,trial2,Latrunculin
1.851475675080026,0.6279345582186199,9,0.16363636363636364,True,0.3085678117113316,158,trial2,Latrunculin
1.979115094162253,0.5699912831191619,8,0.14545454545454545,True,0.23769595177798722,159,trial2,Latrunculin
0.9300262967544798,0.16559334856197477,5,0.09090909090909091,True,0.0358964526114539,160,trial2,Latrunculin
1.6897672490892826,0.3978388690253096,5,0.09090909090909091,True,0.19131290656714378,161,trial2,Latrunculin
0.7395013344128749,0.1042811422286103,4,0.07272727272727272,True,0.012002641495173915,162,trial2,Latrunculin
2.970923619218595,0.7827165928524736,9,0.16363636363636364,True,0.48686699083922613,163,trial2,Latrunculin
2.333319298186518,0.6267054138792544,9,0.16363636363636364,True,0.3035590580477083,164,trial2,Latrunculin
2.273299256051702,0.8506114227955703,11,0.2,True,0.5090444400705026,165,trial2,Latrunculin
2.616257075175528,0.703790188392621,9,0.16363636363636364,True,0.3526021709467723,166,trial2,Latrunculin
3.274122907602828,0.6707633969201654,8,0.14545454545454545,True,0.3867128908639563,167,trial2,Latrunculin
2.3093335222406117,0.5003281483359278,7,0.12727272727272726,True,0.27632517577841786,168,trial2,Latrunculin
0.6976149054290871,0.1457600540465135,2,0.03636363636363636,True,0.0114236681583406,169,trial2,Latrunculin
1.0509349038831295,0.1744468474427858,3,0.05454545454545454,True,0.054066568627760644,170,trial2,Latrunculin
2.269494573252121,0.8278975200246288,10,0.18181818181818182,True,0.46298440426228166,171,trial2,Latrunculin
2.331279665813577,0.8367462231881805,10,0.18181818181818182,True,0.4423303609419183,172,trial2,Latrunculin
1.303641029571655,0.3356722366269209,6,0.10909090909090909,True,0.10477592542555361,173,trial2,Latrunculin
1.28400978861338,0.25897695405707594,8,0.14545454545454545,True,0.07849712862405783,174,trial2,Latrunculin
0.5024497426622494,-0.020151446901663993,1,0.01818181818181818,True,4.45407756772618e-05,175,trial2,Latrunculin
2.584066860708325,0.9717547293150883,9,0.16363636363636364,True,0.5698328202077668,176,trial2,Latrunculin
2.7391507062804723,0.4583796049411021,8,0.14545454545454545,True,0.15501100920503785,177,trial2,Latrunculin
0.8774316130770966,0.1955094245063746,6,0.10909090909090909,True,0.029299983947297926,178,trial2,Latrunculin
1.516271174558984,0.13093933491411835,4,0.07272727272727272,True,0.041647324129335486,179,trial2,Latrunculin
1.4474116146084126,0.25503512389190447,6,0.10909090909090909,True,0.06300406222345209,180,trial2,Latrunculin
0.7612859015183643,0.19304913800633292,7,0.12727272727272726,True,0.014389577529766856,181,trial2,Latrunculin
2.0139912946354026,0.43258588055036135,6,0.10909090909090909,True,0.15071176796219374,182,trial2,Latrunculin
2.2609846420993414,0.6447193298048458,7,0.12727272727272726,True,0.3752952319511343,183,trial2,Latrunculin
1.5431546535641538,0.4013857788968814,10,0.18181818181818182,True,0.1621699666437381,184,trial2,Latrunculin
1.2044205206512528,-0.017543994714503432,0,0.0,True,0.023754044287486648,185,trial2,Latrunculin
1.4002834570439189,0.41867657133471703,10,0.18181818181818182,True,0.18395067534587486,186,trial2,Latrunculin
2.890119565573733,0.7153006723142026,8,0.14545454545454545,True,0.42362176865766654,187,trial2,Latrunculin
1.643281486579491,0.3925629981855722,8,0.14545454545454545,True,0.17116571357066887,188,trial2,Latrunculin
1.7273502191914278,0.7682651615311141,12,0.21818181818181817,True,0.39630774729410895,189,trial2,Latrunculin
1.36949440346831,0.5376786004597031,9,0.16363636363636364,True,0.2230500694092116,190,trial2,Latrunculin
1.595407764154662,0.5062499779508658,10,0.18181818181818182,True,0.20251280288779586,191,trial2,Latrunculin
4.054072078910231,0.7599233193104902,10,0.18181818181818182,True,0.45873053463778485,192,trial2,Latrunculin
1.666939202646127,0.5906862636037935,8,0.14545454545454545,True,0.3230429316866194,193,trial2,Latrunculin
1.5542093654489566,0.4433248384233031,5,0.09090909090909091,True,0.2052251470065906,194,trial2,Latrunculin
0.3645373608837438,-0.050457345952753405,0,0.0,False,0.0,195,trial2,Latrunculin
1.3287943815527756,0.2079916828798137,5,0.09090909090909091,True,0.09255201099554446,196,trial2,Latrunculin
1.8256770126162964,0.6809621852028431,9,0.16363636363636364,True,0.347243462124458,197,trial2,Latrunculin
46.93482688391038,10.367998518792817,10,0.18181818181818182,True,10.018789113127195,198,trial2,Latrunculin
0.8939788118441646,0.08960019173247402,2,0.03636363636363636,True,0.0071686129057544085,199,trial2,Latrunculin
1.1017403652804496,0.36877449225604236,8,0.14545454545454545,True,0.13712019337832548,200,trial2,Latrunculin
1.0384175424620317,0.09431190292482686,1,0.01818181818181818,True,0.011766530086228582,201,trial2,Latrunculin
2.113752845510146,0.6485710732215894,8,0.14545454545454545,True,0.3601065235479347,202,trial2,Latrunculin
1.24118505682654,0.43434650397861485,10,0.18181818181818182,True,0.1530231342892081,203,trial2,Latrunculin
0.986884689994963,0.13851535416097138,2,0.03636363636363636,True,0.016961953813980187,204,trial2,Latrunculin
0.9784400462245744,0.17348860410463868,4,0.07272727272727272,True,0.06463102558109969,205,trial2,Latrunculin
1.5758055249161989,0.11859070812341631,4,0.07272727272727272,True,0.04680905797779502,206,trial2,Latrunculin
1.6340119343997648,0.19019846275254196,4,0.07272727272727272,True,0.13021240495162717,207,trial2,Latrunculin
0.7788328601453866,0.12209183092485743,2,0.03636363636363636,True,0.007771220896331401,208,trial2,Latrunculin
1.051583582260642,0.0033600742460305317,0,0.0,True,0.01980216996366366,209,trial2,Latrunculin
0.9734991744739674,0.21389116262455615,3,0.05454545454545454,True,0.06277735696699764,210,trial2,Latrunculin
1.1045105180166468,0.49929459572755375,9,0.16363636363636364,True,0.16869685933682105,211,trial2,Latrunculin
2.833729140543201,1.1385253235141308,9,0.16363636363636364,True,0.7546348405907515,212,trial2,Latrunculin
1.5975097238779905,0.4860074838399319,6,0.10909090909090909,True,0.1952444133543081,213,trial2,Latrunculin
17.93273649073311,2.9348162556866586,11,0.2,True,2.6170081095596816,214,trial2,Latrunculin
1.020608062882502,0.39482767449138845,8,0.14545454545454545,True,0.10366494659180171,215,trial2,Latrunculin
1.911146947799505,0.6308989427917951,8,0.14545454545454545,True,0.36675490913814585,216,trial2,Latrunculin
0.7246762597085911,-0.042637916320184405,3,0.05454545454545454,True,0.007668727017167196,217,trial2,Latrunculin
2.2960684760360457,0.8513559637417262,11,0.2,True,0.5172191034994404,218,trial2,Latrunculin
0.5920536837940481,-0.10827872399789448,1,0.01818181818181818,True,0.0016737033417099656,219,trial2,Latrunculin
1.431912783387609,0.3124941517416271,6,0.10909090909090909,True,0.0921202749799614,220,trial2,Latrunculin
1.010546747880625,-0.18563580661770437,1,0.01818181818181818,True,0.00928266814328409,221,trial2,Latrunculin
1.467584513134754,0.5909501383612996,9,0.16363636363636364,True,0.2596214058709304,222,trial2,Latrunculin
0.6904814286581293,0.07496103383780135,1,0.01818181818181818,True,0.0048809083736558335,223,trial2,Latrunculin
2.127028051581476,0.6374797697553094,8,0.14545454545454545,True,0.29980267562049606,224,trial2,Latrunculin
1.5202312700620249,0.5436016101316772,7,0.12727272727272726,True,0.22561560154499005,225,trial2,Latrunculin
1.4143695279643511,-0.0018164639990798457,2,0.03636363636363636,True,0.028625798040100996,226,trial2,Latrunculin
0.8892052932059515,0.17600477513103382,4,0.07272727272727272,True,0.025121465053241424,227,trial2,Latrunculin
1.297116363999071,0.2710167236551847,6,0.10909090909090909,True,0.14989392464516396,228,trial2,Latrunculin
0.5845918899273866,0.014781429318033336,1,0.01818181818181818,True,0.002382040980876526,229,trial2,Latrunculin
1.3553863071038652,0.0527209492270757,3,0.05454545454545454,True,0.019860776162591815,230,trial2,Latrunculin
0.5149519991172252,-0.046873720681054935,1,0.01818181818181818,True,0.0034876772177688162,231,trial2,Latrunculin
1.0254353275340329,0.31443799448010473,7,0.12727272727272726,True,0.07955710827851517,232,trial2,Latrunculin
0.5522080012461384,0.04935273973411001,1,0.01818181818181818,True,0.0018269614287164115,233,trial2,Latrunculin
0.9636476457288904,0.16881752499932992,5,0.09090909090909091,True,0.04789058380919193,234,trial2,Latrunculin
1.771375501807505,0.6850893040331614,7,0.12727272727272726,True,0.34380972439851165,235,trial2,Latrunculin
1.3567362553571891,0.39593427239024465,8,0.14545454545454545,True,0.11107064917308644,236,trial2,Latrunculin
0.5911883934801454,0.12136839895718274,1,0.01818181818181818,True,0.010233887643764018,237,trial2,Latrunculin
0.8769407467528892,0.07889403162910011,4,0.07272727272727272,True,0.02847356460757726,238,trial2,Latrunculin
2.1033817714095964,0.943083425798994,9,0.16363636363636364,True,0.5977454417846004,239,trial2,Latrunculin
0.8825390020440752,-0.13867777800258704,1,0.01818181818181818,True,0.006955254582619549,240,trial2,Latrunculin
3.250655763325406,0.8440525501523107,10,0.18181818181818182,True,0.5067697507542573,241,trial2,Latrunculin
0.9168436594718468,0.035818147477749016,3,0.05454545454545454,True,0.013301200544337961,242,trial2,Latrunculin
1.3039692337335576,0.4388947876870572,4,0.07272727272727272,True,0.16457577638220788,243,trial2,Latrunculin
1.1760559598406652,0.36857158067905066,9,0.16363636363636364,True,0.09573352400735963,244,trial2,Latrunculin
1.910132927867524,0.5841909876503216,10,0.18181818181818182,True,0.2698047570687604,245,trial2,Latrunculin
1.580709739878187,0.5293061721110832,8,0.14545454545454545,True,0.2037082430106063,246,trial2,Latrunculin
1.6063301688302465,0.5330413327944341,9,0.16363636363636364,True,0.21314801940444245,247,trial2,Latrunculin
1.107905588626991,0.29586392299355385,5,0.09090909090909091,True,0.07187691299335466,248,trial2,Latrunculin
1.4879568443389115,0.42642861417944616,5,0.09090909090909091,True,0.18789080887817375,249,trial2,Latrunculin
0.7277572362278245,-0.15573869790340367,1,0.01818181818181818,True,0.004141040658687718,250,trial2,Latrunculin
1.492104559570574,0.40977651803392734,8,0.14545454545454545,True,0.2275240112703866,251,trial2,Latrunculin
1.5436326073501712,0.5032957747110122,6,0.10909090909090909,True,0.19676177483977483,252,trial2,Latrunculin
1.08566423130613,0.2991619147588465,6,0.10909090909090909,True,0.0850960734472517,253,trial2,Latrunculin
1.4653409545817755,0.45002191411010384,8,0.14545454545454545,True,0.216632217295492,254,trial2,Latrunculin
1.72099427416809,0.5480225748259965,7,0.12727272727272726,True,0.30400688611212706,255,trial2,Latrunculin
0.6791760850283838,0.034336536768881376,4,0.07272727272727272,True,0.013440275996843495,256,trial2,Latrunculin
1.0734315248737254,0.3976924171453501,8,0.14545454545454545,True,0.09707440704683015,257,trial2,Latrunculin
1.5619227714744286,0.41634708155176,4,0.07272727272727272,True,0.1485945575614192,258,trial2,Latrunculin
2.0124641743896574,0.7053099307545868,8,0.14545454545454545,True,0.4202012890563342,259,trial2,Latrunculin
0.6341429485286627,-0.023551204047109052,1,0.01818181818181818,True,0.00243896270052114,260,trial2,Latrunculin
1.3103225639490943,0.5435778121636763,5,0.09090909090909091,True,0.24435928870776752,261,trial2,Latrunculin
1.5820134657421856,0.4222624946539887,8,0.14545454545454545,True,0.1662289311976944,262,trial2,Latrunculin
1.8685964345022648,0.666493059667822,10,0.18181818181818182,True,0.30458801917648665,263,trial2,Latrunculin
1.1210163541399094,0.3021337443274254,6,0.10909090909090909,True,0.0884163494695219,264,trial2,Latrunculin
1.7039815349105598,0.666548881777964,8,0.14545454545454545,True,0.29355393519732814,265,trial2,Latrunculin
0.8765967746273075,0.27196784377834177,8,0.14545454545454545,True,0.04998801797337554,266,trial2,Latrunculin
0.3046093523737386,-0.10014898192747684,0,0.0,False,0.0,267,trial2,Latrunculin
2.0800958311851137,0.46714536078699515,7,0.12727272727272726,True,0.29765904325168935,268,trial2,Latrunculin
1.4946558573552522,0.4649101736391609,8,0.14545454545454545,True,0.18608593079731,269,trial2,Latrunculin
1.139122898752808,0.3803943161571559,5,0.09090909090909091,True,0.11093044669328657,270,trial2,Latrunculin
1.431742217355798,0.532009973427976,9,0.16363636363636364,True,0.19488367294794515,271,trial2,Latrunculin
1.0196921737803697,0.2710393981043187,7,0.12727272727272726,True,0.10331803907760596,272,trial2,Latrunculin
0.7101364718717837,0.03062575919254929,4,0.07272727272727272,True,0.01233766380382985,273,trial2,Latrunculin
0.8178477995932273,0.22865616655809531,4,0.07272727272727272,True,0.04143683115287336,274,trial2,Latrunculin
0.5277386176236781,-0.04603449785083268,1,0.01818181818181818,True,0.0010068449922725265,275,trial2,Latrunculin
1.6237102116116182,0.3634180176287193,9,0.16363636363636364,True,0.16371401447626222,276,trial2,Latrunculin
1.3837765888633662,0.3400248753813436,8,0.14545454545454545,True,0.102757618183543,277,trial2,Latrunculin
0.9101161436225412,0.23483465954800525,6,0.10909090909090909,True,0.06424359762294392,278,trial2,Latrunculin
1.1930698055055518,0.227249534987094,4,0.07272727272727272,True,0.05203889901096577,279,trial2,Latrunculin
1.9462862851572256,0.8114668164716103,9,0.16363636363636364,True,0.4931350712757567,280,trial2,Latrunculin
2.193736966555856,0.9957890027675126,8,0.14545454545454545,True,0.6056610658055575,281,trial2,Latrunculin
1.5630261890449495,0.44506186500790385,8,0.14545454545454545,True,0.16868831707437668,282,trial2,Latrunculin
1.2100675367657718,0.467538346811701,9,0.16363636363636364,True,0.20283178666881319,283,trial2,Latrunculin
0.9652055375547132,0.0692005519109978,2,0.03636363636363636,True,0.01487289629646414,284,trial2,Latrunculin
0.3265496646742537,-0.0712723481790464,0,0.0,False,0.0,285,trial2,Latrunculin
1.0180805531758554,0.19683239678277847,4,0.07272727272727272,True,0.04707159042796274,286,trial2,Latrunculin
1.67512470849871,0.7752259354365882,9,0.16363636363636364,True,0.4667533390147712,287,trial2,Latrunculin
1.0177737177196866,0.35722375941300777,7,0.12727272727272726,True,0.08715708265246057,288,trial2,Latrunculin
0.7773632337643364,0.17127513441160439,2,0.03636363636363636,True,0.02318618270048767,289,trial2,Latrunculin
2.182414197232064,0.7605079652903203,11,0.2,True,0.43090078711404806,290,trial2,Latrunculin
1.641479326043084,0.30144060831286934,5,0.09090909090909091,True,0.18245251337491605,291,trial2,Latrunculin
0.7040284002655148,0.0514174986169377,2,0.03636363636363636,True,0.01105348031233763,292,trial2,Latrunculin
1.5101847820170904,0.36189838844549577,7,0.12727272727272726,True,0.13693723002627373,293,trial2,Latrunculin
0.6647605854275457,0.04851056051241093,4,0.07272727272727272,True,0.012434776680310924,294,trial2,Latrunculin
1.7430693536529631,0.6455532821308514,7,0.12727272727272726,True,0.32081415648668116,295,trial2,Latrunculin
0.616326040690454,0.047015240139319556,2,0.03636363636363636,True,0.003167051450841277,296,trial2,Latrunculin
1.7628728181990736,0.6083124815453882,8,0.14545454545454545,True,0.2703369615742418,297,trial2,Latrunculin
1.4272356450511683,0.37625369120182317,8,0.14545454545454545,True,0.1603585392823097,298,trial2,Latrunculin
0.4837173358254556,-0.036873435324245876,0,0.0,False,0.0,299,trial2,Latrunculin
1.033915291031561,0.21230942948557088,2,0.03636363636363636,True,0.07477695982514207,300,trial2,Latrunculin
2.295571669492593,1.1275561156963325,12,0.21818181818181817,True,0.7503968417701512,301,trial2,Latrunculin
2.821797765695132,0.910897745459095,10,0.18181818181818182,True,0.6572548086651941,302,trial2,Latrunculin
0.7053268012039566,0.10339639510117207,3,0.05454545454545454,True,0.010577917514986235,303,trial2,Latrunculin
1.4860350492880616,0.522961977781255,8,0.14545454545454545,True,0.2289545430837874,304,trial2,Latrunculin
2.5528586445117742,0.7456484684181302,9,0.16363636363636364,True,0.5110112895665374,305,trial2,Latrunculin
1.1778980508851722,0.2781014696428042,6,0.10909090909090909,True,0.0712667963001029,306,trial2,Latrunculin
0.976721615600551,0.06870531254771532,1,0.01818181818181818,True,0.023760315006478662,307,trial2,Latrunculin
1.9075380432514049,0.6686508198114142,8,0.14545454545454545,True,0.33121242328689054,308,trial2,Latrunculin
0.8510202661693296,0.16668424325354445,4,0.07272727272727272,True,0.038595388176766415,309,trial2,Latrunculin
0.6849181069364554,0.047860247860247805,3,0.05454545454545454,True,0.006979209731503302,310,trial2,Latrunculin
1.174101279605311,0.3584450117480605,7,0.12727272727272726,True,0.09420816720414955,311,trial2,Latrunculin
2.2444100214391827,0.8822155958696646,9,0.16363636363636364,True,0.5395735132444259,312,trial2,Latrunculin
0.9149300559080938,0.19076888104464712,5,0.09090909090909091,True,0.03638049242871023,313,trial2,Latrunculin
0.5825233339891076,0.013176355833467743,2,0.03636363636363636,True,0.005362589944545445,314,trial2,Latrunculin
0.648011370347331,0.07829217392632262,3,0.05454545454545454,True,0.005289327998919556,315,trial2,Latrunculin
1.6305295631532124,0.5566461144451829,8,0.14545454545454545,True,0.26659767393886913,316,trial2,Latrunculin
2.763856987389311,0.8307160692275316,9,0.16363636363636364,True,0.5137717610012895,317,trial2,Latrunculin
1.3562776986087348,0.3749440702155096,5,0.09090909090909091,True,0.12662112522797905,318,trial2,Latrunculin
0.9593399185047786,0.20559834381990053,6,0.10909090909090909,True,0.03723884316605615,319,trial2,Latrunculin
0.5134812988527759,0.07525642019836278,2,0.03636363636363636,True,0.0005300511336930133,320,trial2,Latrunculin
2.378579642757348,0.648151894400146,8,0.14545454545454545,True,0.39444092377488194,321,trial2,Latrunculin
2.98608088758102,0.9131101257540665,11,0.2,True,0.6145716716832494,322,trial2,Latrunculin
1.4506894365744387,0.5315971212637293,7,0.12727272727272726,True,0.1969647825269726,323,trial2,Latrunculin
0.9022647433258992,0.11762376857953621,3,0.05454545454545454,True,0.03289507919118051,324,trial2,Latrunculin
1.2791120088626873,0.2871899936761184,6,0.10909090909090909,True,0.0938600696160796,325,trial2,Latrunculin
0.7813184885340521,0.1042154514478866,2,0.03636363636363636,True,0.018141463921529398,326,trial2,Latrunculin
1.9493225254937556,0.7839046166219958,11,0.2,True,0.39836929966830714,327,trial2,Latrunculin
0.5088111561144307,0.0009617195621148489,1,0.01818181818181818,True,0.0001602028384441951,328,trial2,Latrunculin
1.7805748618321888,0.4639745512400846,9,0.16363636363636364,True,0.22508109746349778,329,trial2,Latrunculin
0.5655782785572587,-0.025917079327586336,2,0.03636363636363636,True,0.0028729059705070933,330,trial2,Latrunculin
0.4467925559910272,-0.029165143393609243,0,0.0,False,0.0,331,trial2,Latrunculin
2.10388435398974,0.8723143558509313,9,0.16363636363636364,True,0.5573131621486914,332,trial2,Latrunculin
0.9353957334327396,0.09861295743753334,4,0.07272727272727272,True,0.014442429531090418,333,trial2,Latrunculin
0.9026527248440336,0.21604785954795744,5,0.09090909090909091,True,0.056267815030286376,334,trial2,Latrunculin
0.9862558715134382,0.25069581342851693,7,0.12727272727272726,True,0.07364359094100457,335,trial2,Latrunculin
1.0801757504926066,0.3579050215677223,9,0.16363636363636364,True,0.10586574841262089,336,trial2,Latrunculin
0.7715521917171269,0.14814419800936485,5,0.09090909090909091,True,0.029313048934636276,337,trial2,Latrunculin
2.6356068878691863,0.8215092570931646,11,0.2,True,0.48504976842519143,338,trial2,Latrunculin
1.0380541160300598,0.18225504621191072,5,0.09090909090909091,True,0.06286048160788937,339,trial2,Latrunculin
1.8210672812765225,0.5945453009661239,11,0.2,True,0.299160871789415,340,trial2,Latrunculin
2.1275639267498265,0.5114387182514505,8,0.14545454545454545,True,0.25581309042882366,341,trial2,Latrunculin
1.7229211376560185,0.4672837906534997,7,0.12727272727272726,True,0.23409395525479387,342,trial2,Latrunculin
2.819612728750599,0.9463700559272544,10,0.18181818181818182,True,0.5850912516254855,343,trial2,Latrunculin
1.3279737249159862,0.29209371907379994,6,0.10909090909090909,True,0.12014001833545707,344,trial2,Latrunculin
1.381351153796023,0.4589408183628532,7,0.12727272727272726,True,0.19434984722694887,345,trial2,Latrunculin
1.1277574993832162,0.3319030860746297,8,0.14545454545454545,True,0.09615715621227415,346,trial2,Latrunculin
1.1454850117676902,0.3183348129459182,6,0.10909090909090909,True,0.09665560281722596,347,trial2,Latrunculin
1.0494133269126722,0.18338010909024183,4,0.07272727272727272,True,0.051639247676583906,348,trial2,Latrunculin
2.152145511175681,0.8015649800962812,10,0.18181818181818182,True,0.47240309793941065,349,trial2,Latrunculin
2.231324010385201,0.6936877715305662,9,0.16363636363636364,True,0.3530734502288158,350,trial2,Latrunculin
0.7725722705008482,-0.06017716146898314,2,0.03636363636363636,True,0.014052961040650146,351,trial2,Latrunculin
0.97242867475496,0.17742276898556844,4,0.07272727272727272,True,0.037683942270913,352,trial2,Latrunculin
1.2983902283567257,0.4602467646197408,8,0.14545454545454545,True,0.1529330778967233,353,trial2,Latrunculin
1.4230702951063867,0.4606001401413761,8,0.14545454545454545,True,0.20347197422260066,354,trial2,Latrunculin
2.3137290140488216,0.8416776735204896,12,0.21818181818181817,True,0.49476513451886417,355,trial2,Latrunculin
1.7312111379522297,0.44528039150203563,10,0.18181818181818182,True,0.19187373383631198,356,trial2,Latrunculin
0.931577986525152,0.2260296895933515,5,0.09090909090909091,True,0.03373251962286406,357,trial2,Latrunculin
2.6212165213318994,0.7514391364729258,10,0.18181818181818182,True,0.46114972513522035,358,trial2,Latrunculin
3.066337338878294,1.5969971154227753,11,0.2,True,1.211372712024781,359,trial2,Latrunculin
0.5101235520496208,0.011335643389675387,1,0.01818181818181818,True,0.00018406458272037795,360,trial2,Latrunculin
1.0656108066697414,0.33068910349419406,7,0.12727272727272726,True,0.09293557047795989,361,trial2,Latrunculin
2.0176746142738566,0.7336821156959643,9,0.16363636363636364,True,0.40319499528490893,362,trial2,Latrunculin
0.7829685498934088,0.2493982734708428,6,0.10909090909090909,True,0.040564861465767814,363,trial2,Latrunculin
1.0550454176977797,0.3102545256116552,6,0.10909090909090909,True,0.07835257197621724,364,trial2,Latrunculin
1.7895155534745866,0.6440815881227189,12,0.21818181818181817,True,0.3119465429766682,365,trial2,Latrunculin
1.0328580549438986,0.19933825656029938,2,0.03636363636363636,True,0.04581072805299487,366,trial2,Latrunculin
1.7349079509946943,0.6763038688712966,10,0.18181818181818182,True,0.3232578331255267,367,trial2,Latrunculin
1.1876077891228918,0.38960560687812973,6,0.10909090909090909,True,0.13760636984140917,368,trial2,Latrunculin
0.9097779903300984,0.2310402394882729,5,0.09090909090909091,True,0.048049638394387875,369,trial2,Latrunculin
1.1203920512460637,0.35868318373624875,8,0.14545454545454545,True,0.12783035842854154,370,trial2,Latrunculin
0.5334838267088127,0.10969181890579432,1,0.01818181818181818,True,0.0010231234449038667,371,trial2,Latrunculin
1.6333901634717036,0.5312648812541074,9,0.16363636363636364,True,0.21427270424741413,372,trial2,Latrunculin
1.259748836134624,0.4368518055418752,9,0.16363636363636364,True,0.12314971590642973,373,trial2,Latrunculin
1.0762816730448272,0.2891145417456595,4,0.07272727272727272,True,0.04576327191193086,374,trial2,Latrunculin
1.7071746793302656,0.5012539722101067,8,0.14545454545454545,True,0.22386619549059586,375,trial2,Latrunculin
4.894670610884162,2.3380831273717595,13,0.23636363636363636,True,1.9500250568795432,376,trial2,Latrunculin
1.09188767227506,0.13922090080857072,4,0.07272727272727272,True,0.05268875859213951,377,trial2,Latrunculin
1.4779455371108026,0.5184925149762333,6,0.10909090909090909,True,0.23735661983636314,378,trial2,Latrunculin
2.1114798264423325,0.606344673549046,10,0.18181818181818182,True,0.3358993999438124,379,trial2,Latrunculin
0.7071722081763664,0.10673187955976499,2,0.03636363636363636,True,0.0052766510752877555,380,trial2,Latrunculin
1.2133654258232331,0.43272223968824336,9,0.16363636363636364,True,0.11978734115353339,381,trial2,Latrunculin
1.494252936746574,0.4444616460172834,12,0.21818181818181817,True,0.15671350236293974,382,trial2,Latrunculin
1.48726560354563,0.5124554817120069,8,0.14545454545454545,True,0.21392644591567878,383,trial2,Latrunculin
0.5592406432083611,0.07893130765525164,2,0.03636363636363636,True,0.0016677130212221119,384,trial2,Latrunculin
0.9251837837858972,0.26756316808475705,5,0.09090909090909091,True,0.03355231036406095,385,trial2,Latrunculin
0.8820618386286093,0.25699094522734856,7,0.12727272727272726,True,0.05923450388942204,386,trial2,Latrunculin
1.240294433228597,0.3252607673251695,4,0.07272727272727272,True,0.09072741299627209,387,trial2,Latrunculin
2.053830304492677,0.666556600533648,5,0.09090909090909091,True,0.3322675157260892,388,trial2,Latrunculin
0.6819268615627889,0.1496760535368258,4,0.07272727272727272,True,0.012550388865651952,389,trial2,Latrunculin
1.433025679676324,0.46464446829924244,11,0.2,True,0.13784912660688248,390,trial2,Latrunculin
1.3257556052645263,0.5342097920478533,8,0.14545454545454545,True,0.21457360065332412,391,trial2,Latrunculin
2.478823405154204,0.6213956379692916,11,0.2,True,0.2945298997580366,392,trial2,Latrunculin
1.14808314973553,0.4725087798537325,8,0.14545454545454545,True,0.16869814899357044,393,trial2,Latrunculin
1.3372529365060086,0.3199629406938357,6,0.10909090909090909,True,0.08427837624819738,394,trial2,Latrunculin
0.9829897463572582,0.2512656233135455,5,0.09090909090909091,True,0.0758844527302163,395,trial2,Latrunculin
1.929585423345104,0.44257434811831203,7,0.12727272727272726,True,0.16937734121077908,396,trial2,Latrunculin
1.0470431639005866,0.32684179724766865,7,0.12727272727272726,True,0.09025548893706292,397,trial2,Latrunculin
1.943939469967957,0.4345801366037781,9,0.16363636363636364,True,0.19116679515493856,398,trial2,Latrunculin
1.098250512015172,0.381335312495093,9,0.16363636363636364,True,0.11452020869645474,399,trial2,Latrunculin
0.7142585189415573,0.1763363310062282,4,0.07272727272727272,True,0.009655831413640611,400,trial2,Latrunculin
1.224941396891833,0.35665877999667545,4,0.07272727272727272,True,0.11127664241546567,401,trial2,Latrunculin
2.6475498860659754,0.6616982268109894,8,0.14545454545454545,True,0.3284955094312591,402,trial2,Latrunculin
0.3654044211475145,0.011699895013529275,0,0.0,False,0.0,403,trial2,Latrunculin
1.6808487975181623,0.6127142652100135,9,0.16363636363636364,True,0.29484370242943964,404,trial2,Latrunculin
1.753735163012492,0.5086772914968376,12,0.21818181818181817,True,0.18231003865430875,405,trial2,Latrunculin
1.988747663952146,0.5868975692758177,9,0.16363636363636364,True,0.3324040251001905,406,trial2,Latrunculin
1.5324963492468435,0.3053140620463437,3,0.05454545454545454,True,0.10865661755358605,407,trial2,Latrunculin
1.9538067295258832,0.5876857486991474,11,0.2,True,0.27751135242596586,408,trial2,Latrunculin
1.5785293104496358,0.5659820838115095,13,0.23636363636363636,True,0.2770254263982859,409,trial2,Latrunculin
1.3767228177641655,0.4511921158707658,9,0.16363636363636364,True,0.15114974878645987,410,trial2,Latrunculin
4.840954553260658,1.5473038241808703,12,0.21818181818181817,True,1.1584999644876917,411,trial2,Latrunculin
1.4214511289808445,0.37298207426797203,6,0.10909090909090909,True,0.114424583394452,412,trial2,Latrunculin
0.8480497133201493,0.13024731635890127,3,0.05454545454545454,True,0.013130136485741328,413,trial2,Latrunculin
1.0321543552613797,0.1852066045720078,3,0.05454545454545454,True,0.06505073763513736,414,trial2,Latrunculin
1.0246581441714624,0.1915721193939279,3,0.05454545454545454,True,0.0481258124439006,415,trial2,Latrunculin
2.154313084173485,0.7455776027114254,11,0.2,True,0.3565708876079586,416,trial2,Latrunculin
1.9442680893925643,0.5223751184813334,8,0.14545454545454545,True,0.24081443485228154,417,trial2,Latrunculin
2.616186849454176,1.1600131090032082,10,0.18181818181818182,True,0.776764938032265,418,trial2,Latrunculin
1.3661795182872642,0.37370436045035993,8,0.14545454545454545,True,0.11438962739786925,419,trial2,Latrunculin
1.573153059083568,0.41307741646731716,9,0.16363636363636364,True,0.14074459161725625,420,trial2,Latrunculin
1.9346656719189936,0.6365889879457004,9,0.16363636363636364,True,0.3059979701128901,421,trial2,Latrunculin
2.1996811489042427,0.8144997571260657,10,0.18181818181818182,True,0.45532150444472913,422,trial2,Latrunculin
2.0713406990868486,0.7352978635504568,10,0.18181818181818182,True,0.36901038607231207,423,trial2,Latrunculin
1.02406637484203,0.39685861712418985,5,0.09090909090909091,True,0.10089312325067558,424,trial2,Latrunculin
2.317332720552309,0.8106713381887403,8,0.14545454545454545,True,0.4406668365525965,425,trial2,Latrunculin
1.7977316255506843,0.5385614463916821,6,0.10909090909090909,True,0.22655188013414904,426,trial2,Latrunculin
2.257144305374024,0.7992524494032466,8,0.14545454545454545,True,0.46409950138059225,427,trial2,Latrunculin
2.326400617873985,0.7715730677206476,11,0.2,True,0.39729549808894693,428,trial2,Latrunculin
1.8953807097260804,0.6899001905384207,7,0.12727272727272726,True,0.3461802951260435,429,trial2,Latrunculin
2.079068747431053,0.9208508650345761,12,0.21818181818181817,True,0.5125270652120117,430,trial2,Latrunculin
1.206918787763972,0.310559954895063,4,0.07272727272727272,True,0.09824359459056499,431,trial2,Latrunculin
1.7325311187891896,0.40571551908750275,8,0.14545454545454545,True,0.16788718649737783,432,trial2,Latrunculin
2.049019032926888,0.93091835742058,11,0.2,True,0.5218274483296712,433,trial2,Latrunculin
0.9107026696934696,-0.05235627210815402,2,0.03636363636363636,True,0.015309130976819837,434,trial2,Latrunculin
1.4633563320936949,0.6018069971804157,9,0.16363636363636364,True,0.2516742354923528,435,trial2,Latrunculin
1.5381905693993665,0.5057635633028186,7,0.12727272727272726,True,0.2125348073012999,436,trial2,Latrunculin
2.5216626018988806,0.7748545803050984,11,0.2,True,0.4255084349864293,437,trial2,Latrunculin
0.8998060475903629,0.0959504911441669,2,0.03636363636363636,True,0.024403678680525703,438,trial2,Latrunculin
2.501969965912072,1.0047465222555585,7,0.12727272727272726,True,0.6218594054474057,439,trial2,Latrunculin
3.031994355276185,1.1943013165619372,12,0.21818181818181817,True,0.84712746621862,440,trial2,Latrunculin
5.676589152594596,1.8006336613941953,10,0.18181818181818182,True,1.4214425600418295,441,trial2,Latrunculin
3.648261229245086,1.0286690358636006,8,0.14545454545454545,True,0.7135982366908274,442,trial2,Latrunculin
3.824310928110136,0.9698667502574443,11,0.2,True,0.5832969842344963,443,trial2,Latrunculin
2.7397651212080216,0.8115173451740719,14,0.2545454545454545,True,0.46190178348151417,444,trial2,Latrunculin
1.482772821038191,0.409735324154615,6,0.10909090909090909,True,0.15850024408878507,445,trial2,Latrunculin
2.7205860396112342,1.141680173548803,8,0.14545454545454545,True,0.7388168940771017,446,trial2,Latrunculin
2.2459381278959945,0.6645168193895544,8,0.14545454545454545,True,0.32492103165525377,447,trial2,Latrunculin
1.2261100921931145,0.31498236478812214,7,0.12727272727272726,True,0.10025062229252513,448,trial2,Latrunculin
1.6986736194119434,0.35041148612684414,6,0.10909090909090909,True,0.1530273229368093,449,trial2,Latrunculin
1.5551522211705482,0.539763921734008,9,0.16363636363636364,True,0.2393677315892142,450,trial2,Latrunculin
1.6460979193546783,0.4446100512510015,12,0.21818181818181817,True,0.19372420225043668,451,trial2,Latrunculin
2.353295415284366,0.8031156923781476,11,0.2,True,0.4708811066189294,452,trial2,Latrunculin
